"shelf","page","goodreadsUserId","goodreadsBookId","title","author","isbn","userRating","averageRating","dateRead","dateAdded","shelves","category","bookUrl","reviewUrl","review","description","published"
"read","1","21161465","57937068","El invencible verano de Liliana","Cristina Rivera Garza","","4","4.57","Wed, 5 Aug 2026 00:00:00 +0000","Wed, 05 Aug 2026 20:42:04 -0700","","enjoyed","https://www.goodreads.com/book/show/57937068","https://www.goodreads.com/review/show/8823004736?utm_medium=api&utm_source=rss","","El 16 de julio de 1990, Liliana Rivera Garza, mi hermana, fue víctima de un feminicidio. Era una muchacha de 20 años, estudiante de arquitectura. Tenía años tratando de terminar su relación con un novio de la preparatoria que insistía en no dejarla ir. Unas cuantas semanas antes de la tragedia, Liliana por fin tomó la decisión definitiva: en lo más crudo del invierno había descubierto que en ella, como bien lo había dicho Albert Camus, había un invencible verano. Lo dejaría atrás. Empezaría una nueva vida. Haría una maestría y después un doctorado, viajaría a Londres. La decisión de él fue que ella no tendría una vida sin él. Hace apenas un año decidí abrir las cajas donde depositamos las pertenencias de mi hermana. Su voz atravesó el tiempo y, como la de tantas mujeres desaparecidas y ultrajadas en México, demandó justicia. <i>El invencible verano de Liliana</i> es una excavación en la vida de una mujer brillante y audaz que careció, como nosotros mismos, como todos los demás, del lenguaje necesario para identificar, denunciar y luchar contra la violencia sexista y el terrorismo de pareja que caracteriza a tantas relaciones patriarcales. Este libro es para celebrar su paso por la tierra y para decirle que, claro que sí, lo vamos a tirar. Al patriarcado lo vamos a tirar.","2021"
"read","1","21161465","41743264","Reina roja (Antonia Scott, #1)","Juan Gómez-Jurado","8466664416","4","4.10","Sat, 1 Aug 2026 00:00:00 +0000","Sat, 01 Aug 2026 00:09:26 -0700","","enjoyed","https://www.goodreads.com/book/show/41743264","https://www.goodreads.com/review/show/8804576921?utm_medium=api&utm_source=rss","","NO HAS CONOCIDO A NADIE COMO ELLA<br /><br />Antonia Scott es especial. Muy especial.<br /><br />No es policía ni criminalista. Nunca ha empuñado un arma ni llevado una placa, y, sin embargo, ha resuelto decenas de crímenes.<br /><br />Pero hace un tiempo que Antonia no sale de su ático de Lavapiés. Las cosas que ha perdido le importan mucho más que las que esperan ahí fuera.<br /><br />Tampoco recibe visitas. Por eso no le gusta nada, nada, cuando escucha unos pasos desconocidos subiendo las escaleras hasta el último piso.<br /><br />Sea quien sea, Antonia está segura de que viene a buscarla.<br /><br />Y eso le gusta aún menos.<br /><br />NO HAS LEÍDO NUNCA UN <i>THRILLER</i> COMO ESTE","2018"
"read","1","21161465","219111882","Wisteria (Belladonna, #3)","Adalyn  Grace","8410085313","4","4.11","Wed, 22 Jul 2026 00:00:00 +0000","Wed, 22 Jul 2026 22:07:38 -0700","","enjoyed","https://www.goodreads.com/book/show/219111882","https://www.goodreads.com/review/show/8768298649?utm_medium=api&utm_source=rss","","<i>Eres todo un misterio para mí. Una rosa silvestre, sus espinas contra mi costado.</i><br /><br />Blythe Hawthorne jamás ha dejado que nadie le diga lo que debe hacer: ni la sociedad, ni su sobreprotector padre y, ciertamente, no permitirá que lo haga el hombre al que se ha unido, sin importarle lo insufrible y maleducado que sea. De hecho, está decidida a ser una espina clavada en su costado durante el resto de su vida, aunque eso signifique que sus días en palacio no sean para nada como en un cuento de hadas.<br /><br />Sin embargo, cuando descubre un nuevo aspecto de su vida que la vincula al pasado de él, Blythe tendrá que preguntarse si está dispuesta a dejar que una chispa inesperada prenda fuego… Y si está preparada para descubrir toda la verdad sobre su pasado.","2024"
"read","1","21161465","206318521","Just Kids","Patti Smith","006621131X","3","4.21","Wed, 1 Jul 2026 00:00:00 +0000","Wed, 01 Jul 2026 21:08:45 -0700","","neutral","https://www.goodreads.com/book/show/206318521","https://www.goodreads.com/review/show/8728326945?utm_medium=api&utm_source=rss","","In <i>Just Kids</i>, Patti Smith's first book of prose, the legendary American artist offers a never-before-seen glimpse of her remarkable relationship with photographer Robert Mapplethorpe in the epochal days of New York City and the Chelsea Hotel in the late sixties and seventies. An honest and moving story of youth and friendship, Smith brings the same unique, lyrical quality to <i>Just Kids</i> as she has to the rest of her formidable body of work--from her influential 1975 album <i>Horses</i> to her visual art and poetry.","2010"
"read","1","21161465","2182780","Batman: The Man Who Laughs","Ed Brubaker","1401216226","4","4.08","Sun, 28 Jun 2026 00:00:00 +0000","Sun, 28 Jun 2026 21:22:27 -0700","","enjoyed","https://www.goodreads.com/book/show/2182780","https://www.goodreads.com/review/show/8724454365?utm_medium=api&utm_source=rss","","Written by Ed Brubaker Art by Doug Mahnke, Patrick Zircher, Aaron Sowd and Steve Bird Cover by Mahnke Witness Batman's first encounter with The Joker in this hardcover volume collecting the graphic novel BATMAN: THE MAN WHO LAUGHS, by Ed Brubaker and Doug Mahnke! This collection also includes DETECTIVE COMICS #784-786, a murder-mystery tale guest-starring Green Lantern Alan Scott!","2005"
"read","1","21161465","184215103","Foxglove (Belladonna, #2)","Adalyn  Grace","8419030619","4","3.99","Thu, 11 Jun 2026 00:00:00 +0000","Thu, 11 Jun 2026 08:57:20 -0700","","enjoyed","https://www.goodreads.com/book/show/184215103","https://www.goodreads.com/review/show/8660528133?utm_medium=api&utm_source=rss","","The captivating sequel to the Gothic-infused Belladonna, in which Signa and Death face a supernatural foe determined to tear them apart.<br /><br />A duke has been murdered. The lord of Thorn Grove has been framed. And Fate, the elusive brother of Death, has taken up residence in a sumptuous estate nearby. He's hellbent on revenge after Death took the life of the woman he loved many years ago...and now he's determined to have Signa for himself, no matter the cost.<br /><br />Signa and her cousin Blythe are certain that Fate can save Elijah Hawthorne from prison if they will entertain his presence. But the more time the girls spend with Fate, the more frightening their reality becomes as Signa exhibits dramatic new powers that link her to Fate's past. With mysteries and danger around every corner, the cousins must decide if they can trust one another as they navigate their futures in high society, unravel the murders that haunt their family, and play Fate's unexpected games—all with their destinies hanging in the balance.<br /><br />Dangerous, suspenseful, and seductive, this sequel to Signa and Death's story is as utterly romantic as it is perfectly deadly.","2023"
"read","1","21161465","231517013","Todos los fines del mundo","Andrea Chapela","6073857454","4","3.71","Sun, 12 Jul 2026 00:00:00 +0000","Sun, 12 Jul 2026 18:54:02 -0700","","enjoyed","https://www.goodreads.com/book/show/231517013","https://www.goodreads.com/review/show/8599661959?utm_medium=api&utm_source=rss","","«¿Con quién pasarías el fin del mundo?» podría parecer una pregunta hipotética, pero para Angélica, que vive en un mundo dominado por la catástrofe climática, con estaciones extremas y días de encierro, se vuelve una obsesión. En Madrid, Manu y Susana, sus vecinos, amigos, amores, representan una opción posible: los tres juntos, acostados en el parque; juntos, abrazados viendo alguna película en el cuarto de Manu; juntos, durante la emergencia, en el bar que atiende Susana. Antes de responder, Angélica debe regresar a México llevándose con ella esa pregunta, que la acompañará incluso después del colapso global.<br /><br />Todos los fines del mundo es una historia dividida en tres partes que se desplaza con gran inteligencia entre lugares, géneros literarios y temporalidades, e indaga la tenue división entre la amistad y el amor. Con fuerza y talento narrativo, Andrea Chapela nos devuelve con esta novela una esperanza de futuro incluso en medio del desastre.",""
"read","1","21161465","231108670","Strangers: A Memoir of Marriage","Belle Burden","0593733312","5","4.05","Sun, 26 Jul 2026 00:00:00 +0000","Sun, 26 Jul 2026 15:43:00 -0700","","enjoyed","https://www.goodreads.com/book/show/231108670","https://www.goodreads.com/review/show/8579485428?utm_medium=api&utm_source=rss","","<i>It was a great love story, one for the ages. The speed of our beginning and the speed of our ending felt like matching bookends. They both came out of nowhere. He wanted it, he wanted me. And then he didn’t.</i><br /><br />In March 2020, Belle Burden was safe and secure with her family at their house on Martha’s Vineyard, navigating the early days of the pandemic together—building fires in the late afternoons, drinking whisky sours, making roast chicken. Then, with no warning or explanation, her husband of twenty years announced that he was leaving her. Overnight, her caring, steady partner became a man she hardly recognized. He exited his life with her like an actor shrugging off a costume.<br /><br />In <i>Strangers,</i> Burden revisits her marriage, searching for clues that her husband was not who she always thought he was. As she examines her relationship through a new lens, she reckons with her own family history and the lessons she intuited about how a woman is expected to behave in the face of betrayal. Through all of it, she is transformed. The discreet, compliant woman she once was—someone nicknamed “Belle the Good”—gives way to someone braver, someone determined to use her voice.<br /><br />With unflinching honesty and profound grace, Burden charts a path through heartbreak to show the power of a woman who refuses to give up on love. <i>Strangers</i> is a stunning, deeply moving, compulsively readable memoir heralding the arrival of a thrilling new literary talent.","2026"
"read","1","21161465","238226942","Yesteryear","Caro Claire Burke","","4","3.86","Sat, 27 Jun 2026 00:00:00 +0000","Sat, 27 Jun 2026 08:41:03 -0700","","enjoyed","https://www.goodreads.com/book/show/238226942","https://www.goodreads.com/review/show/8579483117?utm_medium=api&utm_source=rss","","Natalie lives a traditional lifestyle – and her followers are sick with envy. Her charming farmhouse on her working ranch is artfully cluttered, her husband is a handsome cowboy, her homemade sourdough boules are each more beautiful than the last. So what if there are nannies and producers and industrial-grade ovens behind the scenes? What her followers don’t know won’t hurt them.<br /><br />Then, one morning, Natalie wakes up in a strange, horrible version of reality. Her home, her husband, her children—they’re all familiar, but something’s off. Is this a hoax? A reality show? A test from God? Natalie knows just two things for sure: this isn't her perfect life, and she must escape, by any means possible.<br /><br />As darkly funny as it is shocking and gripping, Yesteryear is an electrifying examination of tradition, fame, faith and the grand performance of womanhood, from a thrilling new talent in fiction.","2026"
"read","1","21161465","59980","Batman: Year One","Frank Miller","1401207529","4","4.24","Tue, 5 May 2026 00:00:00 +0000","Tue, 05 May 2026 18:39:30 -0700","","enjoyed","https://www.goodreads.com/book/show/59980","https://www.goodreads.com/review/show/8576725715?utm_medium=api&utm_source=rss","","A new edition of one of the most important and critically acclaimed Batman adventures ever, written by Frank Miller, author of <i>The Dark Knight Returns</i>!<br /><br />In 1986, Frank Miller and David Mazzucchelli produced this groundbreaking reinterpretation of the origin of Batman—who he is and how he came to be.<br /><br />Written shortly after <i>The Dark Knight Returns</i>, Miller's dystopian fable of Batman's final days, <i>Year One</i> set the stage for a new vision of a legendary character.<br /><br />This edition includes the complete graphic novel, a new introduction by writer Frank Miller and a new illustrated afterword by artist David Mazzucchelli. Completing this collection are over 40 pages of never-before-seen developmental material such as character and layout sketches, sample script pages, sketches and more that provide a glimpse into the making of this contemporary classic.<br /><br />This volume collects <i>Batman</i> #404–407.","1988"
"read","1","21161465","29981261","The Butterfly Garden  (The Collector, #1)","Dot Hutchison","1503989712","4","4.09","Sun, 3 May 2026 00:00:00 +0000","Sun, 03 May 2026 20:24:21 -0700","","enjoyed","https://www.goodreads.com/book/show/29981261","https://www.goodreads.com/review/show/8563044124?utm_medium=api&utm_source=rss","","Near an isolated mansion lies a beautiful garden.<br /><br />In this garden grow luscious flowers, shady trees…and a collection of precious “butterflies”—young women who have been kidnapped and intricately tattooed to resemble their namesakes. Overseeing it all is the Gardener, a brutal, twisted man obsessed with capturing and preserving his lovely specimens.<br /><br />When the garden is discovered, a survivor is brought in for questioning. FBI agents Victor Hanoverian and Brandon Eddison are tasked with piecing together one of the most stomach-churning cases of their careers. But the girl, known only as Maya, proves to be a puzzle herself.<br /><br />As her story twists and turns, slowly shedding light on life in the Butterfly Garden, Maya reveals old grudges, new saviors, and horrific tales of a man who’d go to any length to hold beauty captive. But the more she shares, the more the agents have to wonder what she’s still hiding...","2016"
"read","1","21161465","32735369","Tell Me Lies","Carola Lovering","","3","3.43","Sat, 14 Mar 2026 00:00:00 +0000","Sat, 14 Mar 2026 10:16:25 -0700","","neutral","https://www.goodreads.com/book/show/32735369","https://www.goodreads.com/review/show/8431781321?utm_medium=api&utm_source=rss","My villain origin story ","A thrilling, sexy coming-of-age story exploring toxic love, ruthless ambition, and shocking betrayal, <i>Tell Me Lies</i> is about that one person who still haunts you—the <i>other </i>one. The wrong one. The one you couldn’t let go of. The one you’ll never forget.<br /><br />Lucy Albright is far from her Long Island upbringing when she arrives on the campus of her small California college, and happy to be hundreds of miles from her mother, whom she’s never forgiven for an act of betrayal in her early teen years. Quickly grasping at her fresh start, Lucy embraces college life and all it has to offer—new friends, wild parties, stimulating classes. And then she meets Stephen DeMarco. Charming. Attractive. Complicated. Devastating.<br /><br /> Confident and cocksure, Stephen sees something in Lucy that no one else has, and she’s quickly seduced by this vision of herself, and the sense of possibility that his attention brings her. Meanwhile, Stephen is determined to forget an incident buried in his past that, if exposed, could ruin him, and his single-minded drive for success extends to winning, and keeping, Lucy’s heart.<br /><br /> Alternating between Lucy’s and Stephen’s voices, <i>Tell Me Lies</i> follows their connection through college and post-college life in New York City. Deep down, Lucy knows she has to acknowledge the truth about Stephen. But before she can free herself from this addicting entanglement, she must confront and heal her relationship with her mother—or risk losing herself in a delusion about what it truly means to love.<br /><br /> With the psychological insight and biting wit of <i>Luckiest Girl Alive, </i>and the yearning ambitions and desires of <i>Sweetbitter,</i> this keenly intelligent and staggeringly resonant novel chronicles the exhilaration and dilemmas of young adulthood, and the difficulty of letting go, even when you know you should.","2018"
"read","1","21161465","35483371","I Know Who You Are","Alice Feeney","0008236070","4","3.37","Tue, 17 Feb 2026 00:00:00 +0000","Tue, 17 Feb 2026 19:39:38 -0800","","enjoyed","https://www.goodreads.com/book/show/35483371","https://www.goodreads.com/review/show/8364811016?utm_medium=api&utm_source=rss","El final está de 💀💀💀","<b> From Alice Feeney, the author of <i>Sometimes I Lie</i>, comes <i>I Know Who You Are</i>, a thrilling novel about a little girl who runs away from home and an actress whose husband has gone missing.</b><br /><br />Meet Aimee Sinclair: the actress everyone thinks they know but can’t remember where from.<br /> <br />Except one person.<br /> <br />Someone who knows Aimee very well—and what she’s done. . .<br /><br />When Aimee comes home and discovers her husband is missing, she doesn’t seem to know what to do or how to act. The police think she’s hiding something and they’re right, she is—but perhaps not what they thought. Aimee has a secret she’s never shared, and yet, she suspects that someone knows. As she struggles to keep her career and sanity intact, her past comes back to haunt her in ways more dangerous than she could have ever imagined.","2019"
"read","1","21161465","32929156","Wuthering Heights","Emily Brontë","0141439556","5","3.88","Sun, 15 Feb 2026 00:00:00 +0000","Tue, 17 Feb 2026 19:39:15 -0800","","enjoyed","https://www.goodreads.com/book/show/32929156","https://www.goodreads.com/review/show/8345410562?utm_medium=api&utm_source=rss","Amo a la gente mala que hace cosas malas ","Emily Brontë's only novel endures as a work of tremendous and far-reaching influence. The Penguin Classics edition is the definitive version of the text, edited with an introduction by Pauline Nestor.<br /><br />Lockwood, the new tenant of Thrushcross Grange, situated on the bleak Yorkshire moors, is forced to seek shelter one night at Wuthering Heights, the home of his landlord. There he discovers the history of the tempestuous events that took place years before. What unfolds is the tale of the intense love between Heathcliff and Catherine Earnshaw. Catherine, forced to choose between passionate, tortured Heathcliff and gentle, well-bred Edgar Linton, surrenders to the expectations of her class. As Heathcliff's bitterness and vengeance at his betrayal is visited upon the next generation, their innocent heirs must struggle to escape the legacy of the past.<br /><br />In this edition, a new preface by Lucasta Miller, author of The Brontë Myth, looks at the ways in which the novel has been interpreted, from Charlotte Brontë onwards. This complements Pauline Nestor's introduction, which discusses changing critical receptions of the novel, as well as Emily Brontë's influences and background.","1847"
"read","1","21161465","22590990","El día que se perdió la cordura","Javier Castillo","","4","3.76","Mon, 9 Feb 2026 00:00:00 +0000","Mon, 09 Feb 2026 11:01:00 -0800","","enjoyed","https://www.goodreads.com/book/show/22590990","https://www.goodreads.com/review/show/8329587974?utm_medium=api&utm_source=rss","","En el centro de Boston, a las 12 de la mañana de un 24 de diciembre, un hombre camina desnudo con la cabeza decapitada de una joven. El Dr. Jenkins, director del centro psiquiátrico de la ciudad, y Stella Hyden, agente de perfiles del FBI, se adentrarán en una investigación que pondrá en juego sus vidas, su concepción de la cordura, y que viajará atrás 17 años hasta unos eventos fortuitos ocurridos en el misterioso pueblo de Salt Lake.","2014"
"read","1","21161465","36659774","El día que se perdió el amor","Javier Castillo","8491291741","4","3.53","Mon, 2 Feb 2026 00:00:00 +0000","Mon, 02 Feb 2026 20:31:42 -0800","","enjoyed","https://www.goodreads.com/book/show/36659774","https://www.goodreads.com/review/show/8313055096?utm_medium=api&utm_source=rss","","Adictiva, trepidante y absorbente, Javier Castillo, autor del exitoso thriller <i>El día que se perdió la cordura</i>, nos introduce de nuevo en una historia frenética cargada suspense y amor a partes iguales.A veces el amor te pone en el camino equivocado para que sepas cuanto duele.<br /><br />A las doce de la mañana del 14 de diciembre, una joven llena de magulladuras se presenta desnuda en las instalaciones del FBI en Nueva York. El inspector Bowring, jefe de la Unidad de Criminología, intentara descubrir que esconde una nota amarillenta con el nombre de una mujer que horas después aparece decapitada en un descampado. La investigación lo sumirá de lleno en una trama en la que el destino, el amor y la venganza se entrelazan en una truculenta historia que guarda conexión con la desaparición de una chica varios anos antes y cuyo paradero nunca pudo descubrir.<br /><br />Un ano después de los sucesos ocurridos en Boston, Jacob y Amanda intentan comenzar una nueva vida juntos en Nueva York, pero la aparición de una enorme espiral pintada en la pared del salón de su casa dilapidara para siempre sus planes de futuro.","2018"
"read","1","21161465","223001257","The Correspondent","Virginia      Evans","0593798430","5","4.42","Sat, 16 May 2026 00:00:00 +0000","Sat, 16 May 2026 22:20:12 -0700","","enjoyed","https://www.goodreads.com/book/show/223001257","https://www.goodreads.com/review/show/8277316821?utm_medium=api&utm_source=rss","","<i>“Imagine, the letters one has sent out into the world, the letters received back in turn, are like the pieces of a magnificent puzzle. . . . Isn’t there something wonderful in that, to think that a story of one’s life is preserved in some way, that this very letter may one day mean something, even if it is a very small thing, to someone?”</i><br /><br />Filled with knowledge that only comes from a life fully lived, <i>The Correspondent</i> is a gem of a novel about the power of finding solace in literature and connection with people we might never meet in person. It is about the hubris of youth and the wisdom of old age, and the mistakes and acts of kindness that occur during a lifetime.<br /><br />Sybil Van Antwerp has throughout her life used letters to make sense of the world and her place in it. Most mornings, around half past ten, Sybil sits down to write letters—to her brother, to her best friend, to the president of the university who will not allow her to audit a class she desperately wants to take, to Joan Didion and Larry McMurtry to tell them what she thinks of their latest books, and to one person to whom she writes often yet never sends the letter.<br /><br />Sybil expects her world to go on as it always has—a mother, grandmother, wife, divorcee, distinguished lawyer, she has lived a very full life. But when letters from someone in her past force her to examine one of the most painful periods of her life, she realizes that the letter she has been writing over the years needs to be read and that she cannot move forward until she finds it in her heart to offer forgiveness.<br /><br />Sybil Van Antwerp’s life of letters might be “a very small thing,” but she also might be one of the most memorable characters you will ever read.","2025"
"read","1","21161465","127280850","Weyward","Emilia Hart","1250842727","3","4.01","Tue, 11 Aug 2026 00:00:00 +0000","Tue, 11 Aug 2026 19:54:28 -0700","","neutral","https://www.goodreads.com/book/show/127280850","https://www.goodreads.com/review/show/8254807864?utm_medium=api&utm_source=rss","","I am a Weyward, and wild inside. <br /><br />2019: Under cover of darkness, Kate flees London for ramshackle Weyward Cottage, inherited from a great aunt she barely remembers. With its tumbling ivy and overgrown garden, the cottage is worlds away from the abusive partner who tormented Kate. But she begins to suspect that her great aunt had a secret. One that lurks in the bones of the cottage, hidden ever since the witch-hunts of the 17th century. <br /><br />1619: Altha is awaiting trial for the murder of a local farmer who was stampeded to death by his herd. As a girl, Altha’s mother taught her their magic, a kind not rooted in spell casting but in a deep knowledge of the natural world. But unusual women have always been deemed dangerous, and as the evidence for witchcraft is set out against Altha, she knows it will take all of her powers to maintain her freedom. <br /><br />1942: As World War II rages, Violet is trapped in her family's grand, crumbling estate. Straitjacketed by societal convention, she longs for the robust education her brother receives––and for her mother, long deceased, who was rumored to have gone mad before her death. The only traces Violet has of her are a locket bearing the initial W and the word weyward scratched into the baseboard of her bedroom. <br /><br />Weaving together the stories of three extraordinary women across five centuries, Emilia Hart's Weyward is an enthralling novel of female resilience and the transformative power of the natural world.","2023"
"read","1","21161465","63910262","Two Twisted Crowns (The Shepherd King, #2)","Rachel Gillig","0356519503","5","4.34","Wed, 31 Dec 2025 00:00:00 +0000","Wed, 31 Dec 2025 12:09:06 -0800","","enjoyed","https://www.goodreads.com/book/show/63910262","https://www.goodreads.com/review/show/8181598338?utm_medium=api&utm_source=rss","","<b>In the luscious, dark sequel to One Dark Window, Elspeth must face the consequences of what she's wrought - perfect for readers of Hannah Whitten's For the Wolf and Alexis Henderson's The Year of the Witching.</b><br /><br />Elspeth and Ravyn have gathered most of the twelve Providence Cards, but the last, and most important one remains to be found: The Twin Alders.<br /><br />If they are going to find it before the Solstice and cure the kingdom of the dark magic infecting it, they will need to journey beyond the dangerous mist-cloaked forest that surrounds their kingdom.<br /><br />And the only one who can lead them there is the monster that shares Elspeth's head. The Nightmare. And he's not eager to share any longer.","2023"
"read","1","21161465","240424526","Half His Age","Jennette McCurdy","0593723732","4","3.21","Thu, 4 Jun 2026 00:00:00 +0000","Thu, 04 Jun 2026 08:22:28 -0700","","enjoyed","https://www.goodreads.com/book/show/240424526","https://www.goodreads.com/review/show/7984234957?utm_medium=api&utm_source=rss","","<b>From the #1 <i>New York Times</i> bestselling author of <i>I’m Glad My Mom Died</i> comes a sad, funny, thrilling novel about sex, consumerism, class, desire, loneliness, the internet, rage, intimacy, power, and the (oftentimes misguided) lengths we’ll go to in order to get what we want.</b><br /><br />Waldo is ravenous. Horny. Blunt. Naive. Wise. Impulsive. Lonely. Angry. Forceful. Hurting. Perceptive. Endlessly wanting. And the thing she wants most of all: Mr. Korgy, her creative writing teacher with the wife and the kid and the mortgage and the bills, with the dead dreams and the atrophied looks and the growing paunch. She doesn’t know why she wants him. Is it his passion? His life experience? The fact that he knows books and films and things that she doesn’t? Or is it purer than that, rooted in their unlikely connection, their kindred spirits, the similar filter with which they each take in the world around them? Or, perhaps, it’s just enough that he sees her when no one else does.<br /><br />Startlingly perceptive, mordantly funny, and keenly poignant, <i>Half His Age</i> is a rich character study of a yearning seventeen-year-old who disregards all obstacles—or attempts to overcome them—in her effort to be seen, to be desired, to be loved.","2026"
"read","1","21161465","207611566","Witchcraft for Wayward Girls","Grady Hendrix","0593548981","4","3.87","Sun, 2 Nov 2025 00:00:00 +0000","Sun, 02 Nov 2025 21:04:46 -0800","","enjoyed","https://www.goodreads.com/book/show/207611566","https://www.goodreads.com/review/show/7969665002?utm_medium=api&utm_source=rss","","<b>There’s power in a book…</b><br /> <br />They call them wayward girls. Loose girls. Girls who grew up too fast. And they’re sent to the Wellwood Home in St. Augustine, Florida, where unwed mothers are hidden by their families to have their babies in secret, give them up for adoption, and most important of all, to forget any of it ever happened.<br /> <br />Fifteen-year-old Fern arrives at the home in the sweltering summer of 1970, pregnant, terrified and alone. Under the watchful eye of the stern Miss Wellwood, she meets a dozen other girls in the same predicament. There’s Rose, a hippie who insists she’s going to find a way to keep her baby and escape to a commune. And Zinnia, a budding musician who knows she’s going to go home and marry her baby’s father. And Holly, a wisp of a girl, barely fourteen, mute and pregnant by no-one-knows-who.<br /> <br />Everything the girls eat, every moment of their waking day, and everything they’re allowed to talk about is strictly controlled by adults who claim they know what’s best for them. Then Fern meets a librarian who gives her an occult book about witchcraft, and power is in the hands of the girls for the first time in their lives. But power can destroy as easily as it creates, and it’s never given freely. There’s always a price to be paid…and it’s usually paid in blood.<br /><br />In <i>Witchcraft for Wayward Girls</i>, the author of <i>How to Sell a Haunted House</i> and <i>The Final Girl Support Group</i> delivers another searing, completely original novel and further cements his status as a “horror master” (<i>NPR</i>).","2025"
"read","1","21161465","29939230","A Conjuring of Light (Shades of Magic, #3)","V.E. Schwab","0765387468","3","4.28","Sat, 30 May 2026 00:00:00 +0000","Sat, 30 May 2026 17:09:30 -0700","","neutral","https://www.goodreads.com/book/show/29939230","https://www.goodreads.com/review/show/7969053988?utm_medium=api&utm_source=rss","","<b><i>Witness the fate of beloved heroes—and enemies.</i><br /><br />THE BALANCE OF POWER HAS FINALLY TIPPED....</b><br />The precarious equilibrium among four Londons has reached its breaking point. Once brimming with the red vivacity of magic, darkness casts a shadow over the Maresh Empire, leaving a space for another London to rise.<br /><br /><b>WHO WILL CRUMBLE?</b><br />Kell—once assumed to be the last surviving <i>Antari</i>—begins to waver under the pressure of competing loyalties. And in the wake of tragedy, can Arnes survive?<br /><br /><b>WHO WILL RISE?</b><br />Lila Bard, once a commonplace—but never common—thief, has survived and flourished through a series of magical trials. But now she must learn to control the magic, before it bleeds her dry. Meanwhile, the disgraced Captain Alucard Emery of the <i>Night Spire</i> collects his crew, attempting a race against time to acquire the impossible.<br /><br /><b>WHO WILL TAKE CONTROL?</b><br />And an ancient enemy returns to claim a crown while a fallen hero tries to save a world in decay.","2017"
"read","1","21161465","20764879","A Gathering of Shadows (Shades of Magic, #2)","V.E. Schwab","0765376474","4","4.19","Thu, 26 Mar 2026 00:00:00 +0000","Thu, 26 Mar 2026 22:48:10 -0700","","enjoyed","https://www.goodreads.com/book/show/20764879","https://www.goodreads.com/review/show/7969053964?utm_medium=api&utm_source=rss","","<b>""WITH SO MANY WOLRDS ON THE MAP, THERE'S PLENTY LEFT TO DISCOVER."" - NPR</b><br /><br />It has been four months since a mysterious obsidian stone fell into Kell's possession. Four months since his path crossed with Delilah Bard. Four months since Prince Rhy was wounded, and since the nefarious Dane twins of White London fell, and four months since the stone was cast with Holland's dying body through the rift—back into Black London.<br /><br />Now, restless after having given up his smuggling habit, Kell is visited by dreams of ominous magical events, waking only to think of Lila, who disappeared from the docks as she always meant to do. As Red London finalizes preparations for the Element Games—an extravagant international competition of magic meant to entertain and keep healthy the ties between neighboring countries—a certain pirate ship draws closer, carrying old friends back into port.<br /><br />And while Red London is caught up in the pageantry and thrills of the Games, another London is coming back to life. After all, a shadow that was gone in the night will reappear in the morning. But the balance of magic is ever perilous, and for one city to flourish, another London must fall.","2016"
"read","1","21161465","44582454","Regretting You","Colleen Hoover","154201641X","3","4.10","Sun, 5 Oct 2025 00:00:00 +0000","Sun, 05 Oct 2025 14:36:38 -0700","","neutral","https://www.goodreads.com/book/show/44582454","https://www.goodreads.com/review/show/7969006735?utm_medium=api&utm_source=rss","","Morgan Grant and her sixteen-year-old daughter, Clara, would like nothing more than to be nothing alike.<br /><br />Morgan is determined to prevent her daughter from making the same mistakes she did. By getting pregnant and married way too young, Morgan put her own dreams on hold. Clara doesn’t want to follow in her mother’s footsteps. Her predictable mother doesn’t have a spontaneous bone in her body.<br /><br />With warring personalities and conflicting goals, Morgan and Clara find it increasingly difficult to coexist. The only person who can bring peace to the household is Chris—Morgan’s husband, Clara’s father, and the family anchor. But that peace is shattered when Chris is involved in a tragic and questionable accident. The heartbreaking and long-lasting consequences will reach far beyond just Morgan and Clara.<br /><br />While struggling to rebuild everything that crashed around them, Morgan finds comfort in the last person she expects to, and Clara turns to the one boy she’s been forbidden to see. With each passing day, new secrets, resentment, and misunderstandings make mother and daughter fall further apart. So far apart, it might be impossible for them to ever fall back together.","2019"
"read","1","21161465","22055262","A Darker Shade of Magic (Shades of Magic, #1)","V.E. Schwab","0765376458","4","4.03","Sun, 5 Oct 2025 00:00:00 +0000","Sun, 05 Oct 2025 06:22:42 -0700","","enjoyed","https://www.goodreads.com/book/show/22055262","https://www.goodreads.com/review/show/7951967364?utm_medium=api&utm_source=rss","","<b>STEP INTO A UNIVERSE OF DARING ADVENTURE, THRILLING POWER, AND MULTIPLE LONDONS.</b><br /><br /><b>K</b>ell is one of the last travelers—magicians with a rare, coveted ability to travel between parallel universes, connected by one magical city.<br /><br />There's Grey London, dirty and boring, without any magic, and with one mad king—George III. Red London, where life and magic are revered—and where Kell was raised alongside Rhys Maresh, the rougish heir to a flourishing empire. White London—a place where people fight to control magic and the magic fights back, draining the city to its very bones. And once upon a time, there was Black London. But no one speaks of that now.<br /><br />Officially, Kell is the Red Traveler, ambassador of the Maresh empire, carrying the monthly correspondences between the royals of each London. Unofficially, Kell is a smuggler, servicing people willing to pay for even the smallest glimpses of a world they'll never see. It's a defiant hobby with dangerous consequences, which Kell is now seeing firsthand.<br /><br />Fleeing into Grey London, Kell runs into Delilah Bard, a cutpurse with lofty aspirations. She first robs him, then saves him from a deadly enemy, and finally forces Kell to spirit her to another world for a proper adventure.<br /><br />Now perilous magic is afoot, and treachery lurks at every turn. To save all of the worlds, they'll first need to stay alive.","2015"
"read","1","21161465","222490389","Alchemised","SenLinYu","0593972708","3","4.27","Tue, 28 Apr 2026 00:00:00 +0000","Tue, 28 Apr 2026 19:17:52 -0700","","neutral","https://www.goodreads.com/book/show/222490389","https://www.goodreads.com/review/show/7949929576?utm_medium=api&utm_source=rss","","<i>“What is it you think you’re protecting in that brain of yours? The war is over. Holdfast is dead. The Eternal Flame extinguished. There’s no one left for you to save.”</i><br /><br />Once a promising alchemist, Helena Marino is now a prisoner—of war and of her own mind. Her Resistance friends and allies have been brutally murdered, her abilities suppressed, and the world she knew destroyed.<br /><br />In the aftermath of a long war, Paladia’s new ruling class of corrupt guild families and depraved necromancers, whose vile undead creatures helped bring about their victory, holds Helena captive.<br /><br />According to Resistance records, she was a healer of little importance within their ranks. But Helena has inexplicable memory loss of the months leading up to her capture, making her enemies wonder: Is she truly as insignificant as she appears, or are her lost memories hiding some vital piece of the Resistance’s final gambit?<br /><br />To uncover the memories buried deep within her mind, Helena is sent to the High Reeve, one of the most powerful and ruthless necromancers in this new world. Trapped on his crumbling estate, Helena’s fight—to protect her lost history and to preserve the last remaining shreds of her former self—is just beginning. For her prison and captor have secrets of their own . . . secrets Helena must unearth, whatever the cost.","2025"
"read","1","21161465","49046268","Clown in a Cornfield (Clown in a Cornfield, #1)","Adam Cesare","0062854593","4","3.71","Thu, 18 Sep 2025 00:00:00 +0000","Thu, 18 Sep 2025 20:48:13 -0700","","enjoyed","https://www.goodreads.com/book/show/49046268","https://www.goodreads.com/review/show/7920268963?utm_medium=api&utm_source=rss","","Quinn Maybrook just wants to make it to graduation. She might not make it to morning.<br /><br />When Quinn and her father move to a tiny town with a weird clown for a mascot, they're looking for a fresh start. But ever since the town's only factory shut down, Kettle Springs has been cracked in half.<br /><br />Most of the town believes that the kids are to blame. After all, the juniors and seniors at Kettle Springs High are the ones who threw the party where Arthur Hill's daughter died. They're the ones who set the abandoned factory on fire and who spend all their time posting pranks on YouTube. They have no respect and no idea what it means to work hard.<br /><br />For the kids, it's the other way around And now Kettle Springs is caught in a constant battle between old and new, tradition and progress. It's a fight that looks like it will destroy the town. Until one homicidal clown with a porkpie hat and a red nose decides to end it for good.<br /><br />Because if your opponents all die, you win the debate by default.","2020"
"read","1","21161465","18966806","Morning Star (Red Rising Saga, #3)","Pierce Brown","","4","4.55","Mon, 26 Jan 2026 00:00:00 +0000","Mon, 26 Jan 2026 19:08:04 -0800","","enjoyed","https://www.goodreads.com/book/show/18966806","https://www.goodreads.com/review/show/7882043710?utm_medium=api&utm_source=rss","","Darrow would have lived in peace, but his enemies brought him war. The Gold overlords demanded his obedience, hanged his wife, and enslaved his people. But Darrow is determined to fight back. Risking everything to transform himself and breach Gold society, Darrow has battled to survive the cutthroat rivalries that breed Society’s mightiest warriors, climbed the ranks, and waited patiently to unleash the revolution that will tear the hierarchy apart from within.<br /> <br />Finally, the time has come.<br /> <br />But devotion to honor and hunger for vengeance run deep on both sides. Darrow and his comrades-in-arms face powerful enemies without scruple or mercy. Among them are some Darrow once considered friends. To win, Darrow will need to inspire those shackled in darkness to break their chains, unmake the world their cruel masters have built, and claim a destiny too long denied—and too glorious to surrender.","2016"
"read","1","21161465","18966819","Golden Son (Red Rising Saga, #2)","Pierce Brown","0345539826","4","4.50","Sun, 14 Sep 2025 00:00:00 +0000","Sun, 14 Sep 2025 14:16:53 -0700","","enjoyed","https://www.goodreads.com/book/show/18966819","https://www.goodreads.com/review/show/7882043568?utm_medium=api&utm_source=rss","","As a Red, Darrow grew up working the mines deep beneath the surface of Mars, enduring backbreaking labor while dreaming of the better future he was building for his descendants. But the Society he faithfully served was built on lies. Darrow’s kind have been betrayed and denied by their elitist masters, the Golds—and their only path to liberation is revolution. And so Darrow sacrifices himself in the name of the greater good for which Eo, his true love and inspiration, laid down her own life. He becomes a Gold, infiltrating their privileged realm so that he can destroy it from within.<br /> <br />A lamb among wolves in a cruel world, Darrow finds friendship, respect, and even love—but also the wrath of powerful rivals. To wage and win the war that will change humankind’s destiny, Darrow must confront the treachery arrayed against him, overcome his all-too-human desire for retribution—and strive not for violent revolt but a hopeful rebirth. Though the road ahead is fraught with danger and deceit, Darrow must choose to follow Eo’s principles of love and justice to free his people.<br /> <br />He must live for more.","2015"
"read","1","21161465","221251828","Buckeye","Patrick Ryan","0593595033","4","4.06","Sun, 12 Apr 2026 00:00:00 +0000","Sun, 12 Apr 2026 18:04:04 -0700","","enjoyed","https://www.goodreads.com/book/show/221251828","https://www.goodreads.com/review/show/7842028906?utm_medium=api&utm_source=rss","","That, as he saw it now, was his life’s work: trying to make right what he’d gotten wrong. Wasn’t that a fair measure of a person, what they did with their mistakes?<br /><br />In the jubilant aftermath of the Allied victory in Europe, Cal Jenkins, a man wounded not in war but by his inability to serve in it, shares a single, life-altering moment with Margaret Salt, a woman determined to outrun her past. Cal is married to Becky, whose spiritual gifts help the living speak to the dead, while Margaret’s husband, Felix, is serving at sea, believed to be safe—until a telegram suggests otherwise.<br /><br />What begins as a fleeting transgression becomes a complex secret that irrevocably binds all four of them in unexpected ways. As their small Ohio town remakes itself in the postwar boom, the Salt and Jenkins families remain in each other’s orbit, and the consequences of choices made long ago begin to emerge, reshaping their lives in ways that will forever impact the next generation.<br /><br />Sweeping yet intimate, resplendent with moments of deep emotion and unforgettable characters, Buckeye is a transportive story of love, loyalty, sacrifice, and forgiveness.","2025"
"read","1","21161465","58014893","Every Summer After","Carley Fortune","","3","4.13","Mon, 15 Dec 2025 00:00:00 +0000","Mon, 15 Dec 2025 15:44:37 -0800","","neutral","https://www.goodreads.com/book/show/58014893","https://www.goodreads.com/review/show/7833506085?utm_medium=api&utm_source=rss","","They say you can never go home again, and for Persephone Fraser, ever since she made the biggest mistake of her life a decade ago, that has felt too true. Instead of glittering summers on the lakeshore of her childhood, she spends them in a stylish apartment in the city, going out with friends, and keeping everyone a safe distance from her heart.<br /><br />Until she receives the call that sends her racing back to Barry’s Bay and into the orbit of Sam Florek—the man she never thought she’d have to live without.<br /><br />For six summers, through hazy afternoons on the water and warm summer nights working in his family’s restaurant and curling up together with books—medical textbooks for him and work-in-progress horror short stories for her—Percy and Sam had been inseparable. Eventually that friendship turned into something breathtakingly more, before it fell spectacularly apart.<br /> <br />When Percy returns to the lake for Sam’s mother’s funeral, their connection is as undeniable as it had always been. But until Percy can confront the decisions she made and the years she’s spent punishing herself for them, they’ll never know whether their love might be bigger than the biggest mistakes of their past. <br /><br />Told over the course of six years and one weekend, <i>Every Summer After</i> is a big, sweeping nostalgic look at love and the people and choices that mark us forever.<br /><br /><b>Six summers to fall in love. One moment to fall apart. A weekend to get it right.</b>","2022"
"read","1","21161465","212174157","The Raven Scholar (Eternal Path Trilogy, #1)","Antonia Hodgson","152933988X","4","4.36","Mon, 9 Mar 2026 00:00:00 +0000","Mon, 09 Mar 2026 08:32:27 -0700","","enjoyed","https://www.goodreads.com/book/show/212174157","https://www.goodreads.com/review/show/7793998957?utm_medium=api&utm_source=rss","","<b>From an electrifying new voice in epic fantasy comes <i>The Raven Scholar</i>, a masterfully woven and playfully inventive tale of imperial intrigue, cutthroat competition, and one scholar’s quest to uncover the truth.</b><br /><br />Let us fly now to the empire of Orrun, where after twenty-four years of peace, Bersun the Brusque must end his reign. In the dizzying heat of mid-summer, seven contenders compete to replace him. They are exceptional warriors, thinkers, strategists—the best of the best.<br /><br />Then one of them is murdered. <br /><br />It falls to Neema Kraa, the emperor’s brilliant, idiosyncratic High Scholar, to find the killer before the trials end. To do so, she must untangle a web of deadly secrets that stretches back generations, all while competing against six warriors with their own dark histories and fierce ambitions. Neema believes she is alone. But we are here to help; all she has to do is let us in.<br /><br />If she succeeds, she will win the throne. If she fails, death awaits her. But we won’t let that happen.<br /><br />We are the Raven, and we are magnificent.","2025"
"read","1","21161465","59414094","How to Sell a Haunted House","Grady Hendrix","0593201264","4","3.62","Sun, 13 Jul 2025 00:00:00 +0000","Sun, 13 Jul 2025 18:38:30 -0700","","enjoyed","https://www.goodreads.com/book/show/59414094","https://www.goodreads.com/review/show/7722552200?utm_medium=api&utm_source=rss","","<b>Grady Hendrix takes on the haunted house in a thrilling new novel that explores the way your past—and your family—can haunt you like nothing else.</b><br /> <br />When Louise finds out her parents have died, she dreads going home. She doesn’t want to leave her daughter with her ex and fly to Charleston. She doesn’t want to deal with her family home, stuffed to the rafters with the remnants of her father’s academic career and her mother’s lifelong obsession with puppets and dolls. She doesn’t want to learn how to live without the two people who knew and loved her best in the world.<br /> <br />Most of all, she doesn’t want to deal with her brother, Mark, who never left their hometown, gets fired from one job after another, and resents her success. Unfortunately, she’ll need his help to get the house ready for sale because it’ll take more than some new paint on the walls and clearing out a lifetime of memories to get this place on the market. <br /> <br />But some houses don’t want to be sold, and their home has other plans for both of them…","2023"
"read","1","21161465","228755428","No estás en la lista","Alison Espach","6313003349","4","3.81","Sun, 10 Aug 2025 00:00:00 +0000","Sun, 10 Aug 2025 18:38:55 -0700","","enjoyed","https://www.goodreads.com/book/show/228755428","https://www.goodreads.com/review/show/7695784234?utm_medium=api&utm_source=rss","","Es un día precioso en Newport, Rhode Island. Phoebe Stone llega sola al majestuoso Cornwall Inn con un vestido verde, tacones dorados y sin ningún equipaje. Todos en el vestíbulo piensan que es una invitada más a la boda, pero en realidad es la única huésped que no está allí para ese gran evento. Ha ido al hotel porque llevaba años soñando con ese viaje y esperaba compartirlo con su marido, pero ahora está sola, tocando fondo y decidida a darse el último lujo de su decadente vida. Mientras tanto, la novia ha previsto cada detalle y cada posible desastre que pudiera depararle este fin de semana, excepto una Phoebe y su plan. Sin embargo, contra todo pronóstico, las dos mujeres se ven dispuestas a compartir sus secretos más íntimos desde el mismo instante en que se conocen. <br /><br />Con momentos que van desde lo absurdamente cómico hasta lo desgarradoramente tierno, No estás en la lista de Alison Espach es, en última instancia, una mirada matizada y conmovedora sobre los caminos sinuosos que podemos tomar hacia lugares que nunca imaginamos y sobre los encuentros azarosos que a veces son necesarios para reconducir nuestra vida","2024"
"read","1","21161465","53305767","Once a Villain (Monsters, #3)","Vanessa Len","0063024748","4","3.47","Sun, 5 Apr 2026 00:00:00 +0000","Sun, 05 Apr 2026 20:14:30 -0700","","enjoyed","https://www.goodreads.com/book/show/53305767","https://www.goodreads.com/review/show/7679288612?utm_medium=api&utm_source=rss","","<b>The final book in the lauded Only a Monster trilogy is here—where the unstoppable love and high stakes of <i>Divine Rivals</i> meets the propulsive thrills of <i>This Savage Song</i> in a last-ditch, breathless race against time.</b><br /><br />Joan has failed to stop Eleanor.<br /><br />Now Eleanor rules over a cruel new timeline where monsters live openly among humans, preying on them and subjugating them.<br /><br />Nick—once a hero to humans, and Joan’s first love—is tormented by the choice he made to save her over the timeline itself. And Aaron—the ruthless heir to a powerful monster family—now finds himself in a world where monsters have power beyond imagining while his feelings for Joan grow.<br /><br />Wrenched between love and rivalry, the three of them must negotiate their fractured pasts to survive the new world and restore what was lost. Because only they remember that there was once a better timeline.<br /><br />But how will they defeat a whole world of monsters with control over time itself?","2025"
"read","1","21161465","219446158","A Forgery of Fate","Elizabeth Lim","0593650638","4","4.13","Tue, 7 Jul 2026 00:00:00 +0000","Tue, 07 Jul 2026 22:32:00 -0700","","enjoyed","https://www.goodreads.com/book/show/219446158","https://www.goodreads.com/review/show/7632984217?utm_medium=api&utm_source=rss","","Truyan Saigas didn't choose to become a con artist, but after her father is lost at sea, it’s up to her to support her mother and two younger sisters. A gifted art forger, Tru has the unique ability to paint the future, but even such magic is not enough to put her family back together again, or stave off the gangsters demanding payment in blood for her mother’s gambling debts.<br /><br />Left with few options, Tru agrees to a marriage contract with a mysterious dragon lord. He offers a fresh start for her mother and sisters and elusive answers about her father's disappearance, but in exchange, she must join him in his desolate undersea palace. And she must assist him in a plot to infiltrate the tyrannical Dragon King's inner circle, painting a future so treasonous, it could upend both the mortal and immortal realms...<br /><br /><b>A breathtaking romantic fantasy inspired by Beauty and the Beast about a girl who paints the future and a cursed dragon lord, bound by love and deception in a plot to bring down the gods.</b>","2025"
"read","1","21161465","217506549","The Ghostwriter","Julie   Clark","1464221286","4","4.02","Thu, 18 Dec 2025 00:00:00 +0000","Thu, 18 Dec 2025 21:14:22 -0800","","enjoyed","https://www.goodreads.com/book/show/217506549","https://www.goodreads.com/review/show/7599918004?utm_medium=api&utm_source=rss","","In June 1975 the Taylor family shatters in a single night when two teenage siblings are found dead in their home. The only surviving sibling, Vincent, never shakes the whispers and accusations that he was the one who killed them. Decades later, the legend only grows as his career as a horror writer skyrockets.<br /><br />Ghostwriter Olivia Dumont has spent her entire professional life hiding the fact that she is the only child of Vincent Taylor. Now on the brink of financial ruin, she's offered a job to ghostwrite her father's last book. What she doesn't know, though, is that this project is another one of his lies—because it's not another horror novel he wants her to write.","2025"
"read","1","21161465","169485073","The Strength of the Few (Hierarchy, #2)","James Islington","","5","4.27","Fri, 5 Dec 2025 00:00:00 +0000","Fri, 05 Dec 2025 08:38:21 -0800","","enjoyed","https://www.goodreads.com/book/show/169485073","https://www.goodreads.com/review/show/7573031740?utm_medium=api&utm_source=rss","","Omne trium perfectum<br /><br />The Hierarchy still call me Vis Telimus. Still hail me as Catenicus. They still, as one, believe they know who I am.<br /><br />But with all that has happened—with what I fear is coming—I am not sure it matters anymore.<br /><br />I am no longer one. I won the Iudicium and lost everything—and now, impossibly, the ancient device beyond the Labyrinth has replicated me across three separate worlds. A different version of myself in each of Obiteum, Luceum, and Res. Three different bodies, three different lives. I have to hide; fight; play politics. I have to train; trust; lie. I have to kill; heal; prove myself again, and again, and again.<br /><br />I am loved, and hated, and entirely alone.<br /><br />Above all, though, I need to find answers before it’s too late. To understand the nature of what has happened to me and why.<br /><br />I need to find a way to stop the coming Cataclysm, because if all I have learned is true, I may be the only one who can.","2025"
"read","1","21161465","61149872","The Inmate","Freida McFadden","","3","4.00","Sun, 21 Sep 2025 00:00:00 +0000","Sun, 21 Sep 2025 04:05:02 -0700","","neutral","https://www.goodreads.com/book/show/61149872","https://www.goodreads.com/review/show/7515709916?utm_medium=api&utm_source=rss","","<b>The guiltiest people aren't always the ones behind bars…</b><br /><br />As a new nurse practitioner at a maximum-security prison, Brooke Sullivan is taught three crucial rules: <br /><br />1. Treat all prisoners with respect.<br />2. Never reveal any personal information. <br />3. Never EVER become too friendly with the inmates.<br /><br />But nobody knows that Brooke has already broken the rules. Nobody knows about her intimate connection to Shane Nelson, one of the penitentiary's most notorious and dangerous inmates.<br /><br />They certainly don't know that Shane was Brooke's high school sweetheart―the star quarterback, the golden boy who's serving a life sentence for a series of grisly murders. Or that Brooke's testimony was what put him there.<br /><br />But Shane knows. He knows more than anyone. And he will never forget.<br /><br /><b><i>The Inmate</i> is a propulsive, mind-bending thriller about how we define guilt―and who has to pay for it, from <i>New York Times</i> bestselling author Freida McFadden.</b>","2022"
"read","1","21161465","54860585","Razorblade Tears","S.A. Cosby","","4","4.09","Fri, 12 Dec 2025 00:00:00 +0000","Fri, 12 Dec 2025 12:31:33 -0800","","enjoyed","https://www.goodreads.com/book/show/54860585","https://www.goodreads.com/review/show/7508500146?utm_medium=api&utm_source=rss","","<b>A Black father. A white father. </b><b>Two murdered sons. </b><b>A quest for vengeance.</b><br /><br />Ike Randolph has been out of jail for fifteen years, with not so much as a speeding ticket in all that time. But a Black man with cops at the door knows to be afraid.<br /><br />The last thing he expects to hear is that his son Isiah has been murdered, along with Isiah’s white husband, Derek. Ike had never fully accepted his son but is devastated by his loss. <br /><br />Derek’s father Buddy Lee was almost as ashamed of Derek for being gay as Derek was ashamed his father was a criminal. Buddy Lee still has contacts in the underworld, though, and he wants to know who killed his boy.<br /><br />Ike and Buddy Lee, two ex-cons with little else in common other than a criminal past and a love for their dead sons, band together in their desperate desire for revenge. In their quest to do better for their sons in death than they did in life, hardened men Ike and Buddy Lee will confront their own prejudices about their sons and each other, as they rain down vengeance upon those who hurt their boys.<br /><br />Alternate cover edition of ISBN <a href=""https://www.goodreads.com/book/show/57660923-razorblade-tears"" rel=""nofollow noopener"">9781250252708</a>","2021"
"read","1","21161465","34051011","Pachinko","Min Jin Lee","","5","4.35","Mon, 22 Jun 2026 00:00:00 +0000","Mon, 22 Jun 2026 23:22:27 -0700","","enjoyed","https://www.goodreads.com/book/show/34051011","https://www.goodreads.com/review/show/7476292160?utm_medium=api&utm_source=rss","","In the early 1900s, teenaged Sunja, the adored daughter of a crippled fisherman, falls for a wealthy stranger at the seashore near her home in Korea. He promises her the world, but when she discovers she is pregnant—and that her lover is married—she refuses to be bought. Instead, she accepts an offer of marriage from a gentle, sickly minister passing through on his way to Japan. But her decision to abandon her home, and to reject her son's powerful father, sets off a dramatic saga that will echo down through the generations. <br /><br />Richly told and profoundly moving, <i>Pachinko</i> is a story of love, sacrifice, ambition, and loyalty. From bustling street markets to the halls of Japan's finest universities to the pachinko parlors of the criminal underworld, Lee's complex and passionate characters—strong, stubborn women, devoted sisters and sons, fathers shaken by moral crisis—survive and thrive against the indifferent arc of history.","2017"
"read","1","21161465","222706197","Alchemy of Secrets (Alchemy of Secrets, #1)","Stephanie Garber","125078915X","4","3.83","Sat, 21 Mar 2026 00:00:00 +0000","Sat, 21 Mar 2026 12:55:49 -0700","","enjoyed","https://www.goodreads.com/book/show/222706197","https://www.goodreads.com/review/show/7449557181?utm_medium=api&utm_source=rss","La neta no sé bien qué pasa, pero está divertido ","<b>It starts with a class in an old movie theater.</b><br /><br />Folklore 517: Local Legends and Urban Myths, taught by a woman called the Professor. Most students believe the Professor’s stories are just fiction, but Holland St. James has always been convinced that magic is real. When she tracks down a local legend named the Watch Man, who can supposedly tell you when you’ll die, the world finally makes sense. Except that the Watch Man tells her she will die at midnight tomorrow unless she finds an ancient object called the Alchemical Heart.<br /><br />With the clock ticking, Holland is pulled deeper into this magical world in the heart of Los Angeles—and into the path of a magnetic stranger. Everything about him feels like a bad idea, but he promises Holland that her sister sent him to protect her. As they chase clues and stories that take them closer to the Alchemical Heart, Holland realizes everyone in this intoxicating new world is lying to her, even this stranger. And if she can’t figure out whom to trust, not even the Alchemical Heart will save her.","2025"
"read","1","21161465","222376906","Wild Reverence","Rebecca   Ross","1250373352","4","4.26","Mon, 27 Oct 2025 00:00:00 +0000","Mon, 27 Oct 2025 20:53:57 -0700","","enjoyed","https://www.goodreads.com/book/show/222376906","https://www.goodreads.com/review/show/7449549933?utm_medium=api&utm_source=rss","","<i>Dear Matilda,</i> <b>I wrote.<br />I let the words flow for her.<br />And when the ink dried,<br />I gave my very heart<br />to the fire.</b><br /><br />Born in the firelit domain of the under realm, Matilda is the youngest goddess of her clan, blessed with humble messenger magic she uses to carry words and letters through the realms. But the gods will kill for power, and Matilda holds a secret she must hide from even her dearest allies.<br /><br />And there is a mortal who dreams of her, though they have never met in the waking world. Ten years ago, Vincent of Beckett wrote to Matilda on the darkest night of his life—begging the goddess he befriended in dreams to help him. His request went unanswered, and Vincent became a hardened, irreverent lord of the river who has long forgotten Matilda . . . until she comes tumbling into his bedroom window with a letter for him.<br /><br />Matilda and Vincent were fated to find each other beyond dreams. But to rewrite the blood-soaked ways of the gods, Matilda will have to face something she fears even more than losing her magic: finally allowing herself to be loved.","2025"
"read","1","21161465","127280062","Ruthless Vows (Letters of Enchantment, #2)","Rebecca   Ross","1250857457","5","3.96","Wed, 9 Apr 2025 00:00:00 +0000","Wed, 09 Apr 2025 17:52:04 -0700","","enjoyed","https://www.goodreads.com/book/show/127280062","https://www.goodreads.com/review/show/7440730819?utm_medium=api&utm_source=rss","","Torn apart by war, reunited by love.<br /><br />Two weeks have passed since Iris Winnow returned home bruised and heartbroken from the front, but the war is far from over. Roman is missing, and the city of Oath continues to dwell in a state of disbelief and ignorance. When Iris and Attie are given another chance to report on Dacre's movements, they both take the opportunity and head westward once more despite the danger, knowing it's only a matter of time before the conflict reaches a city that's unprepared and fracturing beneath the chancellor's reign.<br /><br />Since waking below in Dacre's realm, Roman cannot remember his past. But given the reassurance that his memories will return in time, Roman begins to write articles for Dacre, uncertain of his place in the greater scheme of the war. When a strange letter arrives by wardrobe door, Roman is first suspicious, then intrigued. As he strikes up a correspondence with his mysterious pen pal, Roman will soon have to make a decision: to stand with Dacre or betray the god who healed him. And as the days grow darker, inevitably drawing Roman and Iris closer together...the two of them will risk their very hearts and futures to change the tides of the war.","2023"
"read","1","21161465","60784546","Divine Rivals (Letters of Enchantment, #1)","Rebecca   Ross","1250857430","5","4.12","Sun, 30 Mar 2025 00:00:00 +0000","Sun, 30 Mar 2025 21:39:30 -0700","","enjoyed","https://www.goodreads.com/book/show/60784546","https://www.goodreads.com/review/show/7440308304?utm_medium=api&utm_source=rss","","<b>After centuries of sleep, the gods are warring again…</b><br /><br />All eighteen-year-old Iris Winnow wants to do is hold her family together. With a brother on the frontline forced to fight on behalf of the Gods now missing from the frontline and a mother drowning her sorrows, Iris’s best bet is winning the columnist promotion at the Oath Gazette.<br /><br />But when Iris’s letters to her brother fall into the wrong hands – that of the handsome but cold Roman Kitt, her rival at the paper – an unlikely magical connection forms.<br /><br />Expelled into the middle of a mystical war, magical typewriters in tow, can their bond withstand the fight for the fate of mankind and, most importantly, love?<br /><br /><b>An epic enemies-to-lovers fantasy novel filled with hope and heartbreak, and the unparalleled power of love.</b>","2023"
"read","1","21161465","54017820","Little Thieves (Little Thieves, #1)","Margaret  Owen","1250191904","5","4.21","Fri, 1 Aug 2025 00:00:00 +0000","Fri, 01 Aug 2025 23:03:38 -0700","","enjoyed","https://www.goodreads.com/book/show/54017820","https://www.goodreads.com/review/show/7437396377?utm_medium=api&utm_source=rss","","<i>Once upon a time, there was a horrible girl...</i><br /><br />Vanja Schmidt knows that no gift is freely given, not even a mother’s love―and she’s on the hook for one hell of a debt. Vanja, the adopted goddaughter of Death and Fortune, was Princess Gisele's dutiful servant up until a year ago. That was when Vanja’s otherworldly mothers demanded a terrible price for their care, and Vanja decided to steal her future back… by stealing Gisele’s life for herself.<br /><br />The real Gisele is left a penniless nobody while Vanja uses an enchanted string of pearls to take her place. Now, Vanja leads a lonely but lucrative double life as princess and jewel thief, charming nobility while emptying their coffers to fund her great escape. Then, one heist away from freedom, Vanja crosses the wrong god and is cursed to an untimely end: turning into jewels, stone by stone, for her greed.<br /><br />Vanja has just two weeks to figure out how to break her curse and make her getaway. And with a feral guardian half-god, Gisele’s sinister fiancé, and an overeager junior detective on Vanja’s tail, she’ll have to pull the biggest grift yet to save her own life.","2021"
"read","1","21161465","48842192","Winter (The Lunar Chronicles, #4)","Marissa Meyer","1250768926","3","4.40","Thu, 20 Mar 2025 00:00:00 +0000","Thu, 20 Mar 2025 22:18:06 -0700","","neutral","https://www.goodreads.com/book/show/48842192","https://www.goodreads.com/review/show/7353117656?utm_medium=api&utm_source=rss","","Prepare to see the New York Times­-bestselling series like you’ve never seen it before, now with new cover art!<br /><br />The final book in the #1 New York Times- and USA Today-Bestselling Lunar Chronicles series by Marissa Meyer! As the story draws to a close, our team of fairytale heroines must join forces with wicked Levana's own stepdaughter to stop the evil space queen once and for all―or lose everything.<br /><br />""An interesting mash up of fairy tales and science fiction . . . a cross between Cinderella, Terminator, and Star Wars."" ―Entertainment Weekly on the Lunar Chronicles<br /><br />""Prince Charming among the cyborgs."" ―The Wall Street Journal on the Lunar Chronicles<br /><br />Princess Winter is admired by the Lunar people for her grace and kindness, and despite the scars that mar her face, her beauty is said to be even more breathtaking than that of her stepmother, Queen Levana.<br /><br />Winter despises her stepmother, and knows Levana won't approve of her feelings for her childhood friend―the handsome palace guard, Jacin. But Winter isn't as weak as Levana believes her to be and she's been undermining her stepmother's wishes for years. Together with the cyborg mechanic, Cinder, and her allies, Winter might even have the power to launch a revolution and win a war that's been raging for far too long. Can Cinder, Scarlet, Cress, and Winter defeat Levana and find their happily ever afters?<br /><br />Fans will not want to miss this thrilling final installment in the national bestselling Lunar Chronicles series.","2015"
"read","1","21161465","22489107","Fairest (The Lunar Chronicles, #3.5)","Marissa Meyer","1250060559","4","3.94","Thu, 20 Feb 2025 00:00:00 +0000","Thu, 20 Feb 2025 20:34:27 -0800","","enjoyed","https://www.goodreads.com/book/show/22489107","https://www.goodreads.com/review/show/7334900551?utm_medium=api&utm_source=rss","","In this stunning bridge book between <i>Cress</i> and <i>Winter</i> in the bestselling Lunar Chronicles, Queen Levana’s story is finally told.<br /><br /><i>Mirror, mirror on the wall,<br />Who is the fairest of them all?</i><br /> <br />Fans of the Lunar Chronicles know Queen Levana as a ruler who uses her “glamour” to gain power. But long before she crossed paths with Cinder, Scarlet, and Cress, Levana lived a very different story – a story that has never been told . . . until now. <br /> <br />Marissa Meyer spins yet another unforgettable tale about love and war, deceit and death. This extraordinary book includes full-color art and an excerpt from <i>Winter</i>, the next book in the Lunar Chronicles series.","2015"
"read","1","21161465","212808316","Wings of Starlight (Wings of Pixie Hollow, #1)","Allison Saft","1368098452","4","4.14","Thu, 1 May 2025 00:00:00 +0000","Thu, 01 May 2025 20:21:06 -0700","","enjoyed","https://www.goodreads.com/book/show/212808316","https://www.goodreads.com/review/show/7310473035?utm_medium=api&utm_source=rss","","It’s been centuries since a warm-season fairy in Pixie Hollow has crossed into the Winter Woods, and while most fear the legends of monsters lurking in the frozen lands, Clarion, can’t help being intrigued by Winter’s stoic beauty. But under the watchful eyes of the current monarch and the court's seasonal ministers, Clarion has little time to dwell on daydreams while the days to her coronation dwindle away. <br /><br />That is, until reports of a monster crossing from Winter into Spring make their way to the palace. Clarion sees defeating this threat as an opportunity to prove that she is worthy of her new role. But instead of finding a monster at the edge of Winter, she finds Milori, a young guardian of the Winter Woods. Together, they form an unlikely bond as they race to save their lands. <br /><br />But as their alliance warms to something more, they will discover there is a reason a warm-season fairy and a winter fairy must not be together. And the cost could be just as deadly as the monsters that prowl the Winter Woods. <br /><br /><b>Discover the origin of the sweeping, star-crossed romance between the queen of Pixie Hollow and the lord of the Winter Woods.</b>","2025"
"read","1","21161465","219850949","Heartbroken (Villains, #12)","Serena Valentino","1368076742","3","3.73","Wed, 12 Nov 2025 00:00:00 +0000","Wed, 12 Nov 2025 21:05:43 -0800","","neutral","https://www.goodreads.com/book/show/219850949","https://www.goodreads.com/review/show/7237507340?utm_medium=api&utm_source=rss","","<i>
  <b>She missed the days of wonder. But those days were long past. All that remained was the anger.</b>
</i><br /><br />You may think you know the story of the Queen of Hearts, the bloodthirsty tyrant known for seeing red. Surely you’ve heard of the young girl Alice, who fell through the rabbit hole to a place called Wonderland, and how she defeated its villainous ruler in order to find her way back home. <br /><br />But have you ever wondered about the Queen’s own first day in Wonderland? Did she encounter the same wonders—and horrors—as Alice? Are the laws of the land her royal decree—or a desperate attempt to bring order to a place that refuses to make sense? <br /><br />And why is she so<i> angry</i>?<br /><br />It may be hard to answer, with any certainty, questions about a world created from the broken shards of others. In the end, it all comes down to a woman fighting against the darkness within, and her unlikely friendship with a little white rabbit.","2025"
"read","1","21161465","214151420","The House of My Mother: A Daughter's Quest for Freedom","Shari Franke","1668065398","5","4.26","Mon, 17 Nov 2025 00:00:00 +0000","Mon, 17 Nov 2025 09:12:27 -0800","","enjoyed","https://www.goodreads.com/book/show/214151420","https://www.goodreads.com/review/show/7235445713?utm_medium=api&utm_source=rss","","<b>From eldest daughter Shari Franke, the shocking true story behind the viral 8 Passengers family vlog and the hidden abuse she suffered at the hands of her mother, and how, in the face of unimaginable pain, she found freedom and healing.</b><br /><br />Shari Franke’s childhood was a constant battle for survival. Her mother, Ruby Franke, enforced a severe moral code while maintaining a façade of a picture-perfect family for their wildly popular YouTube channel 8 Passengers, which documented the day-to-day life of raising six children for a staggering 2.5 million subscribers. But a darker truth lurked beneath the surface—Ruby’s wholesome online persona masked a more tyrannical parenting style than anyone could have imagined.<br /><br />As the family’s YouTube notoriety grew, so too did Ruby’s delusions of righteousness. Fueled by the sadistic influence of relationship coach Jodi Hildebrandt, together they implemented an inhumane and merciless disciplinary regime.<br /><br />Ruby and Jodi were arrested in Utah in 2023 on multiple charges of aggravated child abuse. On that fateful day, Shari shared a photo online of a police car outside their home. Her caption had one word: “Finally.”<br /><br />For the first time, Shari will reveal the disturbing truth behind 8 Passengers and her family’s devastating involvement with Jodi Hildebrandt’s cultish life coaching program, “ConneXions.” No stone is left unturned as Shari exposes the perils of influencer culture and shares for the first time her battle for truth and survival in the face of her mother’s cruelty.","2025"
"read","1","21161465","211004897","Head Cases (Head Cases, #1)","John  McMahon","1250348293","4","3.95","Mon, 5 Jan 2026 00:00:00 +0000","Mon, 05 Jan 2026 20:40:02 -0800","","enjoyed","https://www.goodreads.com/book/show/211004897","https://www.goodreads.com/review/show/7171540514?utm_medium=api&utm_source=rss","","<b><i>Head Cases</i> follows an enigmatic group of FBI agents as they hunt down a murderer seeking his own justice in this electrifying—and commercial—series debut.</b><br /><br />FBI Agent Gardner Camden is an analytical genius with an affinity for puzzles. He also has a blind spot on the human side of investigations, a blindness that sometimes even includes people in his own life, like his beloved seven-year-old daughter Camila. Gardner and his squad of brilliant yet quirky agents make up the Patterns and Recognition (PAR) unit, the FBI’s hidden edge, brought in for cases that no one else can solve.<br /><br />When DNA links a murder victim to a serial killer long presumed dead, the team springs into action. A second victim establishes a pattern, and the murderer begins leaving a trail of clues and riddles especially for Gardner. And while the PAR team is usually relegated to working cold cases from behind a desk, the investigation puts them on the road and into the public eye, following in the footsteps of a killer.<br /><br />Along with Gardner, PAR consists of a mathematician, a weapons expert, a computer analyst, and their leader, a career agent. Each of them must use every skill they have to solve the riddle of the killer’s identity. But with the perpetrator somehow learning more and more about the team at PAR, can they protect themselves and their families…before it’s too late?<br /><br />With an enigmatic case that will keep readers on the edge of their seats and a thoroughly engaging ensemble cast, John McMahon’s <i>Head Cases</i> is a triumph.","2025"
"read","1","21161465","217245618","The Names","Florence Knapp","0593833902","5","4.09","Wed, 19 Nov 2025 00:00:00 +0000","Wed, 19 Nov 2025 17:28:48 -0800","","enjoyed","https://www.goodreads.com/book/show/217245618","https://www.goodreads.com/review/show/7097484923?utm_medium=api&utm_source=rss","","A NEW YORK TIMES BESTSELLER and a READ WITH JENNA PICK—A ONCE-IN-A-GENERATION READ<br /><br />“Dazzling.” —The Washington Post<br /><br />“A magnificent novel.” —Geraldine Brooks, Pulitzer Prize–winning author of Horse<br /><br />“This one will stay with me for years to come.” —Miranda Cowley Heller, New York Times bestselling author of The Paper Palace<br /><br />In the wake of a catastrophic storm, Cora sets off with her nine-year-old daughter, Maia, to register her son's birth. Her husband, Gordon, respected in the community but a controlling presence at home, intends for her to follow a long-standing family tradition and name the baby after him. But when faced with the decision, Cora hesitates...<br /><br />Spanning thirty-five years, what follows are three alternate and alternating versions of their lives, shaped by Cora’s last-minute choice of name. In richly layered prose, The Names explores the painful ripple effects of domestic abuse, the messy ties of family, and the possibilities of autonomy and healing.<br /><br />Through a prism of what-ifs, Florence Knapp invites us to consider the ""one . . . precious life"" we are given. Full of hope, this is the story of three names, three versions of a life, and the infinite possibilities that a single decision can spark. It is the story of one family and love’s endless capacity to endure, no matter what fate has in store.<br /><br />The book’s brilliantly imaginative structure, propulsive storytelling, and emotional power are certain to make The Names a modern classic.","2025"
"read","1","21161465","59316367","Look Closer","David  Ellis","0399170928","5","4.12","Sun, 20 Apr 2025 00:00:00 +0000","Sun, 20 Apr 2025 21:11:00 -0700","","enjoyed","https://www.goodreads.com/book/show/59316367","https://www.goodreads.com/review/show/7097438416?utm_medium=api&utm_source=rss","","Simon and Vicky couldn't seem more a wealthy Chicago couple with a stable, if unexciting, marriage. But with these two... absolutely nothing is what it seems. When a beautiful socialite is found hanging in a mansion in a nearby suburb, Simon and Vicky's complex web of secrets begins to unravel. A whirlwind affair. A twenty-million-dollar trust fund about to come due. A decades-long grudge and an obsession with revenge. Both Vicky and Simon are liars--but just who exactly is conning who? Prepare to question everything you think you know in this wickedly clever novel of greed, revenge, obsession--and quite possibly the perfect murder.","2022"
"read","1","21161465","62959488","Fire & Fate (Villains, #10)","Serena Valentino","1368076572","3","3.83","Wed, 22 Jan 2025 00:00:00 +0000","Wed, 22 Jan 2025 19:46:06 -0800","","neutral","https://www.goodreads.com/book/show/62959488","https://www.goodreads.com/review/show/7019592275?utm_medium=api&utm_source=rss","","The tenth book in the New York Times bestselling Villains series takes a dive into the Underworld, exploring how Hades turned from god to villain.<br /><br />The myth has been told for Brothers Zeus, Poseidon, and Hades waged a years-long war against their father Cronus and his tyrannical Titans. Upon their mighty victory, Zeus split the world into three. For himself, he claimed the Sky and what fell below it. To his brother Poseidon, he assigned dominion over the Sea. And his oldest brother, Hades, would rule the Underworld.<br /><br />While Hades tries to make the best of a lonely situation, eternity proves a long time to be forced live in a role—a domain—he never wanted. And the part of the story no one tells is that when your family treats you like a villain, it is far too easy to become one.<br /><br />Years of being ignored and shamed by his family reach a fiery head, when three perfectly alive witches find their way into the land of the dead. Bored and lonely, Hades befriends these mysterious Odd Sisters and makes a bargain that will change the course of fate. But when you’re a god, making a deal has the potential to rewrite more stories than just your own . . .","2023"
"read","1","21161465","199392390","Kill the Beast  (Villains, #11)","Serena Valentino","1368076599","3","3.92","Mon, 27 Jan 2025 00:00:00 +0000","Mon, 27 Jan 2025 15:55:53 -0800","","neutral","https://www.goodreads.com/book/show/199392390","https://www.goodreads.com/review/show/7019592289?utm_medium=api&utm_source=rss","","The eleventh book in the New York Times best-selling Villains series follows the downfall of Disney’s slickest, quickest, and smarmiest Gaston.<br /><br />You may think this tale as old as time has been told before. You may know about the beauty, and the beast, and the curse they broke together. But some stories have more than one ending. Some stories have more than one villain.<br /><br />Such is the story of Gaston. Growing up, young Gaston lived in the shadow of his friend, the prince. He agreed with the prince’s ideas, went along with the prince's schemes, and hid his own talents so that his best friend could shine.<br /><br />But the prince paid a price for his wicked ways. As he grew more beastly and the world began to forget him, Gaston was no longer forced to pretend. He was determined, never again, to be second-best to anyone. No one says no to Gaston.<br /><br />The mysterious Odd Sisters know an opportunity to meddle when they see it. And once they do, it just might lead to the downfall of everyone’s favorite guy.<br /><br />New York Times best-selling author Serena Valentino brings readers back to the tale of that beauty, her beast, and the man who was truly forgotten all along.","2024"
"read","1","21161465","59538780","Never, Never (Villains, #9)","Serena Valentino","","4","3.99","Tue, 21 Jan 2025 00:00:00 +0000","Tue, 21 Jan 2025 19:26:56 -0800","","enjoyed","https://www.goodreads.com/book/show/59538780","https://www.goodreads.com/review/show/7019592254?utm_medium=api&utm_source=rss","","The 9th book in the New York Times bestselling Villains series tells the tale of the rise and fall of the infamous pirate, Captain Hook―a boy who grew up.<br /><br />Before Peter Pan and Wendy. Before the Lost Boys. There was just a boy named James who wanted to get back to Neverland.<br /><br />As a baby, James Bartholomew fell out of his pram and was taken to Neverland. James is claimed by his parents just shy of seven days―after which he would have officially become a Lost Boy. Once he returns to London, he never stops thinking about Neverland. As he grows up, he hates his life in London, and everything to do with growing up and eventually becoming a gentleman. So he seeks a position on the ship of the infamous pirate, Blackbeard.<br /><br />On Blackbeard’s ship he learns to be a cutthroat pirate, and eventually becomes captain of his own ship, which James is determined to sail to Neverland. With the help of the Odd Sisters and a bit of magic, he just might get his wish. But returning to Neverland comes at a price―and now that he’s grown up, the whole world seems to be rooting for his demise…","2022"
"read","1","21161465","36244423","Mother Knows Best (Villains, #5)","Serena Valentino","1368009026","3","3.97","Mon, 9 Dec 2024 00:00:00 +0000","Thu, 12 Dec 2024 19:17:35 -0800","","neutral","https://www.goodreads.com/book/show/36244423","https://www.goodreads.com/review/show/7019592188?utm_medium=api&utm_source=rss","","The tale of the legendary golden flower is widely known. The story has been told many times and in many ways. But always the flower is coveted by an old witch to keep herself young and beautiful. And always the flower is used to save a dying queen, who then gives birth to a princess with magical hair. Not willing to lose the flower, the old witch steals the princess and locks her away in a high tower, raising her as her own. But the princess always finds out who she truly is and manages to defeat the old witch.<br /><br />And yet this is only half the story. So what of the old witch, Mother Gothel? Where does she come from? And how does she come across the magical golden flower? Here is one account that recounts a version of the story that has remained untold for centuries . . . until now. It is a tale of mothers and daughters, of youth and dark magic. It is a tale of the old witch.","2018"
"read","1","21161465","63133205","The Woman in Me","Britney Spears","1668009048","4","3.82","Mon, 18 Nov 2024 00:00:00 +0000","Mon, 18 Nov 2024 19:46:17 -0800","","enjoyed","https://www.goodreads.com/book/show/63133205","https://www.goodreads.com/review/show/7016768012?utm_medium=api&utm_source=rss","","<b><i>The Woman in Me</i> is a brave and astonishingly moving story about freedom, fame, motherhood, survival, faith, and hope.</b><br /><br />In June 2021, the whole world was listening as Britney Spears spoke in open court. The impact of sharing her voice—her truth—was undeniable, and it changed the course of her life and the lives of countless others. <i>The Woman in Me</i> reveals for the first time her incredible journey—and the strength at the core of one of the greatest performers in pop music history.<br /> <br />Written with remarkable candor and humor, Spears’s groundbreaking book illuminates the enduring power of music and love—and the importance of a woman telling her own story, on her own terms, at last.","2023"
"read","1","21161465","150247395","The Tainted Cup (Ana and Din Mysteries, #1)","Robert Jackson Bennett","1984820702","3","4.27","Mon, 2 Jun 2025 00:00:00 +0000","Mon, 02 Jun 2025 21:40:00 -0700","","neutral","https://www.goodreads.com/book/show/150247395","https://www.goodreads.com/review/show/6999210076?utm_medium=api&utm_source=rss","","In Daretana’s most opulent mansion, a high Imperial officer lies dead—killed, to all appearances, when a tree spontaneously erupted from his body. Even in this canton at the borders of the Empire, where contagions abound and the blood of the Leviathans works strange magical changes, it’s a death at once terrifying and impossible.<br /><br />Called in to investigate this mystery is Ana Dolabra, an investigator whose reputation for brilliance is matched only by her eccentricities.<br /><br />At her side is her new assistant, Dinios Kol. Din is an engraver, magically altered to possess a perfect memory. His job is to observe and report, and act as his superior’s eyes and ears--quite literally, in this case, as among Ana’s quirks are her insistence on wearing a blindfold at all times, and her refusal to step outside the walls of her home.<br /><br />Din is most perplexed by Ana’s ravenous appetite for information and her mind’s frenzied leaps—not to mention her cheerful disregard for propriety and the apparent joy she takes in scandalizing her young counterpart. Yet as the case unfolds and Ana makes one startling deduction after the next, he finds it hard to deny that she is, indeed, the Empire’s greatest detective.<br /><br />As the two close in on a mastermind and uncover a scheme that threatens the safety of the Empire itself, Din realizes he’s barely begun to assemble the puzzle that is Ana Dolabra—and wonders how long he’ll be able to keep his own secrets safe from her piercing intellect.<br /><br />Featuring an unforgettable Holmes-and-Watson style pairing, a gloriously labyrinthine plot, and a haunting and wholly original fantasy world, <i>The Tainted Cup</i> brilliantly reinvents the classic mystery tale.","2024"
"read","1","21161465","43822024","The Toll (Arc of a Scythe, #3)","Neal Shusterman","1481497065","4","4.13","Mon, 18 Nov 2024 00:00:00 +0000","Mon, 18 Nov 2024 11:45:04 -0800","","enjoyed","https://www.goodreads.com/book/show/43822024","https://www.goodreads.com/review/show/6817768976?utm_medium=api&utm_source=rss","","It’s been three years since Rowan and Citra disappeared; since Scythe Goddard came into power; since the Thunderhead closed itself off to everyone but Grayson Tolliver.<br /><br />In this pulse-pounding conclusion to <i>New York Times </i>bestselling author Neal Shusterman’s Arc of a Scythe trilogy, constitutions are tested and old friends are brought back from the dead.","2019"
"read","1","21161465","33555224","Thunderhead (Arc of a Scythe, #2)","Neal Shusterman","1442472456","5","4.37","Tue, 22 Oct 2024 00:00:00 +0000","Tue, 22 Oct 2024 19:25:02 -0700","","enjoyed","https://www.goodreads.com/book/show/33555224","https://www.goodreads.com/review/show/6817768960?utm_medium=api&utm_source=rss","","Rowan has gone rogue, and has taken it upon himself to put the Scythedom through a trial by fire. Literally. In the year since Winter Conclave, he has gone off-grid, and has been striking out against corrupt scythes—not only in MidMerica, but across the entire continent. He is a dark folk hero now—“Scythe Lucifer”—a vigilante taking down corrupt scythes in flames.<br /><br />Citra, now a junior scythe under Scythe Curie, sees the corruption and wants to help change it from the inside out, but is thwarted at every turn, and threatened by the “new order” scythes. Realizing she cannot do this alone—or even with the help of Scythe Curie and Faraday, she does the unthinkable, and risks being “deadish” so she can communicate with the Thunderhead—the only being on earth wise enough to solve the dire problems of a perfect world. But will it help solve those problems, or simply watch as perfection goes into decline?","2018"
"read","1","21161465","41886271","The Sword of Kaigen","M.L. Wang","","3","4.42","Sun, 22 Jun 2025 00:00:00 +0000","Sun, 22 Jun 2025 18:03:24 -0700","","neutral","https://www.goodreads.com/book/show/41886271","https://www.goodreads.com/review/show/6797156213?utm_medium=api&utm_source=rss","3.5","On a mountainside at the edge of the Kaigenese Empire live the most powerful warriors in the world, superhumans capable of raising the sea and wielding blades of ice. For hundreds of years, the fighters of the Kusanagi Peninsula have held the Empire's enemies at bay, earning their frozen spit of land the name 'The Sword of Kaigen.' Born into Kusanagi's legendary Matsuda family, fourteen-year-old Mamoru has always known his purpose: to master his family's fighting techniques and defend his homeland. But when an outsider arrives and pulls back the curtain on Kaigen's alleged age of peace, Mamoru realizes that he might not have much time to become the fighter he was bred to be. Worse, the empire he was bred to defend may stand on a foundation of lies.<br /><br />Misaki told herself that she left the passions of her youth behind when she married into the Matsuda house. Determined to be a good housewife and mother, she hid away her sword, along with everything from her days as a fighter in a faraway country. But with her growing son asking questions about the outside world, the threat of an impending invasion looming across the sea, and her frigid husband grating on her nerves, Misaki finds the fighter in her clawing its way back to the surface.<br /><br />When the winds of war reach their peninsula, will the Matsuda family have the strength to defend their empire? Or will they tear each other apart before the true enemies even reach their shores?","2019"
"read","1","21161465","62874245","The Drowning Woman","Robyn Harding","1538726769","4","3.96","Tue, 19 May 2026 00:00:00 +0000","Tue, 19 May 2026 21:49:34 -0700","","enjoyed","https://www.goodreads.com/book/show/62874245","https://www.goodreads.com/review/show/6780542964?utm_medium=api&utm_source=rss","","A deliciously twisted story of friendship, retribution, and betrayal about a homeless woman fleeing a dangerous past—and the wealthy society wife she saves from drowning, who pulls her into a dark web of secrets and lies.<br />  <br /> Lee Gulliver never thought she’d find herself living on the streets—no one ever does—but when her restaurant fails, and she falls deeper into debt, she leaves her old life behind with nothing but her clothes and her Toyota Corolla. In Seattle, she parks in a secluded spot by the beach to lay low and plan her next move—until early one morning, she sees a sobbing woman throw herself into the ocean. Lee hauls the woman back to the surface, but instead of appreciation, she is met with fury. The drowning woman, Hazel, tells her that she wanted to die, that she’s trapped in a toxic, abusive marriage, that she’s a prisoner in her own home. Lee has thwarted her one chance to escape her life.<br /><br /> Out of options, Hazel retreats to her gilded cage, and Lee thinks she’s seen the last of her, until her unexpected return the next morning. Bonded by disparate but difficult circumstances, the women soon strike up a close and unlikely friendship. And then one day, Hazel makes a shocking request: she wants Lee to help her disappear. It’ll be easy, Hazel assures her, but Lee soon learns that nothing is as it seems, and that Hazel may not be the friend Lee thought she was.","2023"
"read","1","21161465","199698485","The God of the Woods","Liz    Moore","","4","4.10","Sun, 15 Dec 2024 00:00:00 +0000","Sun, 15 Dec 2024 20:20:12 -0800","","enjoyed","https://www.goodreads.com/book/show/199698485","https://www.goodreads.com/review/show/6780542370?utm_medium=api&utm_source=rss","","<b>When a teenager vanishes from her Adirondack summer camp, two worlds collide</b><br /><br />Early morning, August 1975: a camp counselor discovers an empty bunk. Its occupant, Barbara Van Laar, has gone missing. Barbara isn’t just any thirteen-year-old: she’s the daughter of the family that owns the summer camp and employs most of the region’s residents. And this isn’t the first time a Van Laar child has disappeared. Barbara’s older brother similarly vanished fourteen years ago, never to be found.<br /><br />As a panicked search begins, a thrilling drama unfolds. Chasing down the layered secrets of the Van Laar family and the blue-collar community working in its shadow, Moore’s multi-threaded story invites readers into a rich and gripping dynasty of secrets and second chances. It is Liz Moore’s most ambitious and wide-reaching novel yet.","2024"
"read","1","21161465","199757490","Incidents Around the House","Josh Malerman","0593723120","2","3.54","Sun, 11 Jan 2026 00:00:00 +0000","Sun, 11 Jan 2026 15:51:11 -0800","","notEnjoyed","https://www.goodreads.com/book/show/199757490","https://www.goodreads.com/review/show/6771486259?utm_medium=api&utm_source=rss","","To eight-year-old Bela, her family is her world. There’s Mommy, Daddo, and Grandma Ruth. But there is also Other Mommy, a malevolent entity who asks her every day: “Can I go inside your heart?”<br /><br />When horrifying incidents around the house signal that Other Mommy is growing tired of asking Bela the question over and over, Bela understands that unless she says yes, her family will soon pay.<br /><br />Other Mommy is getting restless, stronger, bolder. Only the bonds of family can keep Bela safe, but other incidents show cracks in her parents’ marriage. The safety Bela relies on is about to unravel.<br /><br />But Other Mommy needs an answer.<br /><br />Incidents Around the House is a chilling, wholly unique tale of true horror about a family as haunted as their home.","2024"
"read","1","21161465","199798006","We Used to Live Here","Marcus Kliewer","1982198788","5","3.56","Thu, 14 Aug 2025 00:00:00 +0000","Thu, 14 Aug 2025 21:54:02 -0700","","enjoyed","https://www.goodreads.com/book/show/199798006","https://www.goodreads.com/review/show/6755945319?utm_medium=api&utm_source=rss","","From an author “destined to become a titan of the macabre and unsettling” (Erin A. Craig, #1 New York Times bestselling author), a haunting debut—soon to be a Netflix original movie—about two homeowners whose lives are turned upside down when the house’s previous residents unexpectedly visit.<br /><br />As a young, queer couple who flip houses, Charlie and Eve can’t believe the killer deal they’ve just gotten on an old house in a picturesque neighborhood. As they’re working in the house one day, there’s a knock on the door. A man stands there with his family, claiming to have lived there years before and asking if it would be alright if he showed his kids around. People pleaser to a fault, Eve lets them in.<br /><br />As soon as the strangers enter their home, inexplicable things start happening, including the family’s youngest child going missing and a ghostly presence materializing in the basement. Even more weird, the family can’t seem to take the hint that their visit should be over. And when Charlie suddenly vanishes, Eve slowly loses her grip on reality. Something is terribly wrong with the house and with the visiting family—or is Eve just imagining things?<br /><br />This unputdownable and spine-tingling novel “is like quicksand: the further you delve into its pages, the more immobilized you become by a spiral of terror. We Used to Live Here will haunt you even after you have finished it” (Agustina Bazterrica, author of Tender Is the Flesh).","2024"
"read","1","21161465","45885495","His & Hers","Alice Feeney","1250266076","5","4.03","Wed, 26 Mar 2025 00:00:00 +0000","Wed, 26 Mar 2025 12:21:52 -0700","","enjoyed","https://www.goodreads.com/book/show/45885495","https://www.goodreads.com/review/show/6755939336?utm_medium=api&utm_source=rss","","<b>
  <i>There are two sides to every story: yours and mine, ours and theirs, His &amp; Hers. Which means someone is always lying.</i>
</b> <br /><br />When a woman is murdered in Blackdown, a quintessentially British village, newsreader Anna Andrews is reluctant to cover the case. Detective Jack Harper is suspicious of her involvement, until he becomes a suspect in his own murder investigation. Someone isn’t telling the truth, and some secrets are worth killing to keep. <br /><br /><b><i>His &amp; Hers</i> is a twisty, smart, psychological thriller. A gripping tale of suspense, told by expertly-drawn narrators that will keep readers guessing until the very end.</b>","2020"
"read","1","21161465","13206828","Cress (The Lunar Chronicles, #3)","Marissa Meyer","0312642970","4","4.39","Thu, 15 Aug 2024 00:00:00 +0000","Thu, 15 Aug 2024 16:42:47 -0700","","enjoyed","https://www.goodreads.com/book/show/13206828","https://www.goodreads.com/review/show/6736633840?utm_medium=api&utm_source=rss","","In this third book in the Lunar Chronicles, Cinder and Captain Thorne are fugitives on the run, now with Scarlet and Wolf in tow. Together, they're plotting to overthrow Queen Levana and her army.<br /><br />Their best hope lies with Cress, a girl imprisoned on a satellite since childhood who's only ever had her netscreens as company. All that screen time has made Cress an excellent hacker. Unfortunately, she's just received orders from Levana to track down Cinder and her handsome accomplice.<br /><br />When a daring rescue of Cress goes awry, the group is separated. Cress finally has her freedom, but it comes at a higher price. Meanwhile, Queen Levana will let nothing prevent her marriage to Emperor Kai. Cress, Scarlet, and Cinder may not have signed up to save the world, but they may be the only hope the world has.","2014"
"read","1","21161465","58340706","One Dark Window (The Shepherd King, #1)","Rachel Gillig","0316312487","4","4.22","Mon, 25 Aug 2025 00:00:00 +0000","Mon, 25 Aug 2025 20:36:11 -0700","","enjoyed","https://www.goodreads.com/book/show/58340706","https://www.goodreads.com/review/show/6712702143?utm_medium=api&utm_source=rss","","For fans of Uprooted and For the Wolf comes a dark, lushly gothic fantasy about a maiden who must unleash the monster within to save her kingdom—but the monster in her head isn't the only threat lurking.<br /><br />Elspeth needs a monster. The monster might be her.<br /><br />Elspeth Spindle needs more than luck to stay safe in the eerie, mist-locked kingdom she calls home—she needs a monster. She calls him the Nightmare, an ancient, mercurial spirit trapped in her head. He protects her. He keeps her secrets.<br /><br />But nothing comes for free, especially magic.<br /><br />When Elspeth meets a mysterious highwayman on the forest road, her life takes a drastic turn. Thrust into a world of shadow and deception, she joins a dangerous quest to cure the kingdom of the dark magic infecting it. Except the highwayman just so happens to be the King’s own nephew, Captain of the Destriers…and guilty of high treason.<br /><br />He and Elspeth have until Solstice to gather twelve Providence Cards—the keys to the cure. But as the stakes heighten and their undeniable attraction intensifies, Elspeth is forced to face her darkest secret yet: the Nightmare is slowly, darkly, taking over her mind. And she might not be able to stop him.","2022"
"read","1","21161465","13206760","Scarlet (The Lunar Chronicles, #2)","Marissa Meyer","0312642962","4","4.23","Thu, 4 Jul 2024 00:00:00 +0000","Thu, 04 Jul 2024 16:51:33 -0700","","enjoyed","https://www.goodreads.com/book/show/13206760","https://www.goodreads.com/review/show/6611755526?utm_medium=api&utm_source=rss","","Cinder is back and trying to break out of prison―even though she'll be the Commonwealth's most wanted fugitive if she does―in this second installment from Marissa Meyer. <br /><br />Halfway around the world, Scarlet Benoit's grandmother is missing. It turns out there are many things Scarlet doesn't know about her grandmother, or the grave danger she has lived in her whole life. When Scarlet encounters Wolf, a street fighter who may have information as to her grandmother's whereabouts, she is loath to trust this stranger, but is inexplicably drawn to him, and he to her. As Scarlet and Wolf unravel one mystery, they encounter another when they meet Cinder. Now, all of them must stay one step ahead of the vicious Lunar Queen Levana. <br /><br />The adventure continues in this fresh fairytale retelling that combines elements of Cinderella and Little Red Riding Hood.","2013"
"read","1","21161465","20958250","Vicious (Pretty Little Liars, #16)","Sara Shepard","0062287044","0","3.93","Tue, 19 May 2015 00:00:00 +0000","Sat, 18 May 2024 17:43:33 -0700","","neutral","https://www.goodreads.com/book/show/20958250","https://www.goodreads.com/review/show/6515819582?utm_medium=api&utm_source=rss","","<i>Vicious</i> is the explosive conclusion to Sara Shepard's #1 <i>New York Times</i> bestselling <i>Pretty Little Liars</i> series, perfect for fans of the hit ABC Family original TV show based on the series.<br /><br />High school seniors Aria, Emily, Hanna, and Spencer have been through a lot since their best friend, Alison DiLaurentis, disappeared five summers ago. A stalker named ""A"" has harassed them for their past mistakes and revealed their darkest secrets to the world. They've been on TV, hounded by the press, kicked out of school, arrested, and even put in jail. With time running out, and their lives on the line, one of the Liars does something so terrifying and shocking, fans will be left breathless.<br /><br />Sara Shepard's fan base continues to grow as ABC Family's hit <i>Pretty Little Liars</i> TV show draws in new readers to the #1 <i>New York Times</i> bestselling series. Full of unexpected twists and shocking revelations, this long-awaited finale to this much-loved series will not disappoint.","2014"
"read","1","21161465","48726765","Tierra","Eloy Moreno","8466664742","3","4.15","Sun, 19 May 2024 00:00:00 +0000","Sun, 19 May 2024 21:54:33 -0700","","neutral","https://www.goodreads.com/book/show/48726765","https://www.goodreads.com/review/show/6506418976?utm_medium=api&utm_source=rss","","En el interior de una cabaña escondida en el bosque, un hombre hace una promesa a sus dos hijos: Pensad en lo que más os gustaría tener en la vida. Si acabáis este juego, os prometo que lo tendréis... Pero aquel juego nunca acabó.<br /><br />Treinta años después, uno de los niños ha conseguido cumplir su deseo, su hermana no. Es ahora cuando ella recibe un extraño regalo, un objeto que le va a permitir continuar el juego.<br /><br />Ocho personas han decidido, voluntariamente, inscribirse en un concurso que consiste en aislarse del mundo para siempre. La audiencia cree conocer todo sobre ellos, pero ni siquiera sospechan las razones por las que han tomado esa decisión.<br />Esa misma niña, ahora periodista, debe averiguar la conexión entre el regalo y esos ocho concursantes para poder cumplir su deseo, si es que aún quiere hacerlo. La respuesta está en Islandia.","2020"
"read","1","21161465","32307358","Origin (Robert Langdon, #5)","Dan    Brown","","3","3.87","","Thu, 25 Apr 2024 11:51:13 -0700","","neutral","https://www.goodreads.com/book/show/32307358","https://www.goodreads.com/review/show/6456669066?utm_medium=api&utm_source=rss","",".<br /><i>Librarian's note: This is an alternate cover for</i> <a href=""https://www.goodreads.com/book/show/40963142.B01LY7FD0D"" title=""B01LY7FD0D"" rel=""nofollow noopener"">B01LY7FD0D</a> <i>and</i> <a href=""https://www.goodreads.com/book/show/237815245.9780385542692"" title=""9780385542692"" rel=""nofollow noopener"">9780385542692</a>.<br /><br />Robert Langdon, Harvard professor of symbology and religious iconology, arrives at the ultramodern Guggenheim Museum Bilbao to attend a major announcement--the unveiling of a discovery that ""will change the face of science forever."" The evening's host is Edmond Kirsch, a forty-year-old billionaire and futurist whose dazzling high-tech inventions and audacious predictions have made him a renowned global figure. Kirsch, who was one of Langdon's first students at Harvard two decades earlier, is about to reveal an astonishing breakthrough . . . one that will answer two of the fundamental questions of human existence.<br /><br />As the event begins, Langdon and several hundred guests find themselves captivated by an utterly original presentation, which Langdon realizes will be far more controversial than he ever imagined. But the meticulously orchestrated evening suddenly erupts into chaos, and Kirsch's precious discovery teeters on the brink of being lost forever. Reeling and facing an imminent threat, Langdon is forced into a desperate bid to escape Bilbao. With him is Ambra Vidal, the elegant museum director who worked with Kirsch to stage the provocative event. Together they flee to Barcelona on a perilous quest to locate a cryptic password that will unlock Kirsch's secret.<br /><br />Navigating the dark corridors of hidden history and extreme religion, Langdon and Vidal must evade a tormented enemy whose all-knowing power seems to emanate from Spain's Royal Palace itself . . . and who will stop at nothing to silence Edmond Kirsch. On a trail marked by modern art and enigmatic symbols, Langdon and Vidal uncover clues that ultimately bring them face-to-face with Kirsch's shocking discovery . . . and the breathtaking truth that has long eluded us. <b>Origin</b> is stunningly inventive--Dan Brown's most brilliant and entertaining novel to date","2017"
"read","1","21161465","150260823","Listen for the Lie","Amy Tintera","","3","4.21","Wed, 25 Dec 2024 00:00:00 +0000","Mon, 27 Jan 2025 16:14:16 -0800","","neutral","https://www.goodreads.com/book/show/150260823","https://www.goodreads.com/review/show/6454585992?utm_medium=api&utm_source=rss","","<b>What if you thought you murdered your best friend? And if everyone else thought so too? And what if the truth doesn't matter?</b><br /><br />After Lucy is found wandering the streets, covered in her best friend Savvy’s blood, everyone thinks she is a murderer. Lucy and Savvy were the golden girls of their small Texas town: pretty, smart, and enviable. Lucy married a dream guy with a big ring and an even bigger new home. Savvy was the social butterfly loved by all, and if you believe the rumors, especially popular with the men in town. It’s been years since that horrible night, a night Lucy can’t remember anything about, and she has since moved to LA and started a new life.<br /><br />But now the phenomenally huge hit true crime podcast ""Listen for the Lie,"" and its too-good looking host Ben Owens, have decided to investigate Savvy’s murder for the show’s second season. Lucy is forced to return to the place she vowed never to set foot in again to solve her friend’s murder, even if she is the one that did it.","2024"
"read","1","21161465","60109530","Keep It in the Family","John Marrs","1542017289","4","4.06","Tue, 10 Jun 2025 00:00:00 +0000","Tue, 10 Jun 2025 14:13:30 -0700","","enjoyed","https://www.goodreads.com/book/show/60109530","https://www.goodreads.com/review/show/6454584416?utm_medium=api&utm_source=rss","3.5","<b>In this chilling novel from bestselling author John Marrs, a young couple’s house hides terrible secrets—and not all of them are confined to the past.</b><br /><br />Mia and Finn are busy turning a derelict house into their dream home when Mia unexpectedly falls pregnant. But just when they think the house is ready, Mia discovers a shocking message scored into a skirting board: <i>I WILL SAVE THEM FROM THE ATTIC</i>. Following the clue up into the eaves, the couple make a gruesome discovery: their home was once a real-life murder house, with the evidence still concealed within the four walls.<br /><br />In the wake of their traumatic discovery, the baby arrives and Mia can’t shake her fixation with the monstrous crimes that happened right above them. Tormented by the terrible things she saw, she is desperate to dig into the past to find answers.<br /><br />Secrecy shrouds the mystery of the attic, but when shards of a dark truth start to emerge, Mia realises the danger is terrifyingly present. She is prepared to do anything to protect her family—but will the previous tenants stop her from discovering their secret?","2022"
"read","1","21161465","58416952","The Will of the Many (Hierarchy, #1)","James Islington","1982141190","4","4.57","Thu, 15 May 2025 00:00:00 +0000","Thu, 15 May 2025 21:14:56 -0700","","enjoyed","https://www.goodreads.com/book/show/58416952","https://www.goodreads.com/review/show/6454567194?utm_medium=api&utm_source=rss","","<b>At the elite Catenan Academy, a young fugitive uncovers layered mysteries and world-changing secrets in this new fantasy series by internationally bestselling author of The Licanius Trilogy, James Islington.</b><br /><br /><b>
  <i>AUDI. VIDE. TACE.</i>
</b><br /><br />The Catenan Republic – the Hierarchy – may rule the world now, but they do not know everything.<br /><br />I tell them my name is Vis Telimus. I tell them I was orphaned after a tragic accident three years ago, and that good fortune alone has led to my acceptance into their most prestigious school. I tell them that once I graduate, I will gladly join the rest of civilised society in allowing my strength, my drive and my focus – what they call Will – to be leeched away and added to the power of those above me, as millions already do. As all must eventually do. <br /><br />I tell them that I belong, and they believe me.<br /><br />But the truth is that I have been sent to the Academy to find answers. To solve a murder. To search for an ancient weapon. To uncover secrets that may tear the Republic apart.<br /><br />And that I will never, ever cede my Will to the empire that executed my family. <br /><br />To survive, though, I will still have to rise through the Academy’s ranks. I will have to smile, and make friends, and pretend to be one of them and<i> win. </i>Because if I cannot, then those who want to control me, who know my real name, will no longer have any use for me. <br /><br />And if the Hierarchy finds out who I truly am, they will kill me.","2023"
"read","1","21161465","62080187","Never Lie","Freida McFadden","","4","4.08","Fri, 6 Jun 2025 00:00:00 +0000","Fri, 06 Jun 2025 15:18:29 -0700","","enjoyed","https://www.goodreads.com/book/show/62080187","https://www.goodreads.com/review/show/6437491598?utm_medium=api&utm_source=rss","","Newlyweds Tricia and Ethan are searching for the house of their dreams.<br /><br />But when they visit the remote manor that once belonged to Dr. Adrienne Hale, a renowned psychiatrist who vanished without a trace four years earlier, a violent winter storm traps them at the estate… with no chance of escape until the blizzard comes to an end.<br /><br />In search of a book to keep her entertained until the snow abates, Tricia happens upon a secret room. One that contains audio transcripts from every single patient Dr. Hale has ever interviewed. As Tricia listens to the cassette tapes, she learns about the terrifying chain of events leading up to Dr. Hale’s mysterious disappearance.<br /><br />Tricia plays the tapes one by one, late into the night. With each one, another shocking piece of the puzzle falls into place, and Dr. Adrienne Hale’s web of lies slowly unravels.<br /><br />And then Tricia reaches the final cassette.<br /><br />The one that reveals the entire horrifying truth.","2022"
"read","1","21161465","182484360","The Reappearance of Rachel Price","Holly  Jackson","0593374207","4","4.08","Thu, 4 Apr 2024 00:00:00 +0000","Thu, 04 Apr 2024 22:12:45 -0700","","enjoyed","https://www.goodreads.com/book/show/182484360","https://www.goodreads.com/review/show/5918481195?utm_medium=api&utm_source=rss","","A new true-crime fueled mystery thriller about a girl determined to uncover the shocking truth about her missing mother while filming a documentary on the unsolved case.<br /><br />Lights. Camera. Lies.<br /><br />18-year-old Bel has lived her whole life in the shadow of her mom’s mysterious disappearance. Sixteen years ago, Rachel Price vanished and young Bel was the only witness, but she has no memory of it. Rachel is gone, long presumed dead, and Bel wishes everyone would just move on. <br /><br />But the case is dragged up from the past when the Price family agree to a true crime documentary. Bel can’t wait for filming to end, for life to go back to normal. And then the impossible happens. Rachel Price reappears, and life will never be normal again.<br /><br />Rachel has an unbelievable story about what happened to her. Unbelievable, because Bel isn’t sure it’s real. If Rachel is lying, then where has she been all this time? And – could she be dangerous? With the cameras still rolling, Bel must uncover the truth about her mother, and find out why Rachel Price really came back from the dead . . . <br /><br />From world-renowned author Holly Jackson comes a mind-blowing masterpiece about one girl’s search for the truth, and the terror in finding out who your family really is.","2024"
"read","1","21161465","38824180","De matasanos a cirujanos","Lindsey Fitzharris","8499928234","4","4.25","Wed, 18 Oct 2023 00:00:00 +0000","Wed, 18 Oct 2023 21:49:46 -0700","","enjoyed","https://www.goodreads.com/book/show/38824180","https://www.goodreads.com/review/show/5918480760?utm_medium=api&utm_source=rss","","Tras la pista de un héroe perdido de la ciencia, este libro nos desvela el truculento mundo de la cirugía victoriana conjurando el ambiente de las primeras salas de operaciones y sus admirados «matasanos»: hombres sin miramiento elogiados por su habilidad y fuerza bruta al operar, antes de la invención de la anestesia.<br /><br />En vísperas de una profunda transformación de la medicina, estos pioneros, conscientes de que las secuelas de la cirugía eran más peligrosas que las dolencias mismas, estaban desconcertados por las recurrentes infecciones que se producían tras las intervenciones y que mantenían las tasas de mortalidad obstinadamente altas. Pero, en un momento en que la cirugía no podría haber sido más peligrosa, una figura emergió inesperadamente de las sombras: un joven médico, un cuáquero de talante melancólico llamado Joseph Lister, que resolvería el mortal enigma de la causa de las infecciones y cambiaría el curso de la historia de la medicina.<br /><br />A lo largo de estas páginas, Fitzharris nos retrata el siniestro período comprendido entre 1850 y 1875, presentándonos a un elenco de personajes -algunos de ellos brillantes, otros directamente criminales- que frecuentaron las sucias escuelas de medicina y lúgubres hospitales donde aprendieron su oficio, las macabras morgues donde estudiaron anatomía, y los cementerios ocasionalmente saqueados en búsqueda de cadáveres que diseccionar.","2017"
"read","1","21161465","216629187","Alas de sangre (Empíreo, #1)","Rebecca Yarros","6073916248","3","4.61","Tue, 14 Jan 2025 00:00:00 +0000","Sun, 19 Jan 2025 13:08:53 -0800","","neutral","https://www.goodreads.com/book/show/216629187","https://www.goodreads.com/review/show/5539160863?utm_medium=api&utm_source=rss","","<b>NO TE PIERDAS LA EDICIÓN COLECCIONISTA, ENRIQUECIDA Y LIMITADA, DE LAS NOVELAS DE LA SAGA MÁS LEÍDA DEL MOMENTO.</b><br /><br />Violet Sorrengail creía que se uniría al Cuadrante de los Escribas para vivir una vida tranquila, sin embargo, por órdenes de su madre, debe unirse a los miles de candidatos que, en el Colegio de Guerra de Basgiath, luchan por formar parte de la élite de Navarre: el Cuadrante de los Jinetes de dragón. Cuando eres más pequeña y frágil que los demás tu vida corre peligro, porque los dragones no se vinculan con humanos débiles.<br /><br />Además, con más jinetes que dragones disponibles, muchos la matarían con tal de mejorar sus probabilidades de éxito; y hay otros, como el despiadado Xaden Riorson, el líder de ala más poderoso del Cuadrante de Jinetes, que la asesinarían simplemente por ser la hija de la comandante general. Para sobrevivir, necesitará aprovechar al máximo todo su ingenio.<br /><br />Mientras la guerra se torna más letal Violet sospecha que los líderes de Navarre esconden un terrible secreto…","2023"
"read","1","21161465","62848145","The Housemaid's Secret (The Housemaid, #2)","Freida McFadden","1837901317","3","4.16","Sun, 30 Apr 2023 00:00:00 +0000","Sun, 30 Apr 2023 12:50:52 -0700","","neutral","https://www.goodreads.com/book/show/62848145","https://www.goodreads.com/review/show/5517411612?utm_medium=api&utm_source=rss","Not as good as the first one! <br />But it was fun… ","<i>As he continues showing me their incredible penthouse apartment, I have a terrible feeling about the woman behind closed doors. But I can't risk losing this job – not if I want to keep my darkest secret safe . . .</i><br /><br />It's hard to find an employer who doesn't ask too many questions about my past. So I thank my lucky stars that the Garricks miraculously give me a job, cleaning their stunning penthouse with views across the city and preparing fancy meals in their shiny kitchen. I can work here for a while, stay quiet until I get what I want. It's almost perfect. But I still haven't met Mrs Garrick, or seen inside the guest bedroom. I'm sure I hear her crying. I notice spots of blood around the neck of her white nightgowns when I'm doing laundry. And one day I can't help but knock on the door. When it gently swings open, what I see inside changes everything...<br /><br />That's when I make a promise. After all, I've done this before. I can protect Mrs. Garrick while keeping my own secrets locked up safe. Douglas Garrick has done wrong. He is going to pay. It's simply a question of how far I'm willing to go...","2023"
"read","1","21161465","60556912","The Housemaid (The Housemaid, #1)","Freida McFadden","1803144378","4","4.27","Thu, 27 Apr 2023 00:00:00 +0000","Thu, 27 Apr 2023 22:20:52 -0700","","enjoyed","https://www.goodreads.com/book/show/60556912","https://www.goodreads.com/review/show/5500123988?utm_medium=api&utm_source=rss","Nothing and no one prepared me for the second half of this book 😨<br /><br />4.5 amazing stars ","Every day I clean the Winchesters’ beautiful house top to bottom. I collect their daughter from school. And I cook a delicious meal for the whole family before heading up to eat alone in my tiny room on the top floor.<br /><br />I try to ignore how Nina makes a mess just to watch me clean it up. How she tells strange lies about her own daughter. And how her husband Andrew seems more broken every day. But as I look into Andrew’s handsome brown eyes, so full of pain, it’s hard not to imagine what it would be like to live Nina’s life. The walk-in closet, the fancy car, the perfect husband.<br /><br />I only try on one of Nina’s pristine white dresses once. Just to see what it’s like. But she soon finds out… and by the time I realize my attic bedroom door only locks from the outside, it’s far too late.<br /><br />But I reassure myself: the Winchesters don’t know who I really am.<br /><br />They don’t know what I’m capable of…","2022"
"read","1","21161465","61683285","Homecoming","Kate Morton","0063020890","5","3.99","Sun, 4 Aug 2024 00:00:00 +0000","Sun, 04 Aug 2024 21:37:00 -0700","","enjoyed","https://www.goodreads.com/book/show/61683285","https://www.goodreads.com/review/show/5500122865?utm_medium=api&utm_source=rss","","Adelaide Hills, Christmas Eve, 1959: At the end of a scorching hot day, beside a creek on the grounds of the grand and mysterious mansion, a local delivery man makes a terrible discovery. A police investigation is called and the small town of Tambilla becomes embroiled in one of the most shocking and perplexing murder cases in the history of South Australia.<br /><br />Sixty years later, Jess is a journalist in search of a story. Having lived and worked in London for almost twenty years, she now finds herself laid off from her full-time job and struggling to make ends meet. A phone call out of nowhere summons her back to Sydney, where her beloved grandmother, Nora, who raised Jess when her mother could not, has suffered a fall and been raced to the hospital.<br /><br />Nora has always been a vibrant and strong presence: decisive, encouraging, young despite her years. When Jess visits her in the hospital, she is alarmed to find her grandmother frail and confused. It’s even more alarming to hear from Nora's housekeeper that Nora had been distracted in the weeks before her accident and had fallen on the steps to the attic—the one place Jess was forbidden from playing in when she was small.<br /><br />At loose ends in Nora's house, Jess does some digging of her own. In Nora's bedroom, she discovers a true crime book, chronicling the police investigation into a long-buried tragedy: the Turner Family Tragedy of Christmas Eve, 1959. It is only when Jess skims through the book that she finds a shocking connection between her own family and this once-infamous crime—a crime that has never been resolved satisfactorily. And for a journalist without a story, a cold case might be the best distraction she can find…<br /><br />An epic novel that spans generations, <i>Homecoming</i> asks what we would do for those we love, and how we protect the lies we tell. It explores the power of motherhood, the corrosive effects of tightly held secrets, and the healing nature of truth. Above all, it is a beguiling and immensely satisfying novel from one of the finest writers working today.","2023"
"read","1","21161465","102187706","Belladonna","Adalyn  Grace","8419413453","4","3.76","Wed, 13 May 2026 00:00:00 +0000","Fri, 05 Jun 2026 09:34:04 -0700","","enjoyed","https://www.goodreads.com/book/show/102187706","https://www.goodreads.com/review/show/5449706604?utm_medium=api&utm_source=rss","","Desde que Signa Farrow tiene uso de razón, la gente que hay en su vida ha caído como las estrellas...<br /><br /><br /><br />Huérfana desde que era un bebé, Signa ha crecido con una serie de tutores, cada cual de ellos más interesado en su fortuna que en su bienestar. Y todos han tenido un final prematuro. Los únicos familiares que le quedan son los esquivos Hawthorne, una familia excéntrica que vive en Thorn Grove, una finca tan reluciente como sombría. Su patriarca lamenta la pérdida de su mujer celebrando fiestas salvajes, mientras que su hijo lucha por controlar la reputación de la familia, que está en decadencia, y su hija sufre una enfermedad misteriosa. <br /><br />Pero cuando el espíritu inquieto de su madre aparece reivindicando que la envenenaron, Signa se da cuenta de que la familia de la que depende podría correr un grave peligro, y consigue la ayuda de un hosco mozo de cuadra para atrapar al culpable. La mejor opción para descubrir al asesino es que Signa se alíe con Muerte, una sombra fascinante y peligrosa que nunca se ha alejado de su lado. A pesar de haber convertido su vida en un infierno, Muerte le muestra a Signa que su creciente conexión quizás sea más poderosa (y más irresistible) de lo que había imaginado. <br /><br />Belladonna retrata vívidamente un mundo profundamente romántico y con tintes góticos de riqueza, deseo y traición.","2022"
"read","1","21161465","62816044","A Curse for True Love (Once Upon a Broken Heart, #3)","Stephanie Garber","1250851203","5","4.17","Tue, 11 Jun 2024 00:00:00 +0000","Tue, 11 Jun 2024 22:09:03 -0700","","enjoyed","https://www.goodreads.com/book/show/62816044","https://www.goodreads.com/review/show/5437616351?utm_medium=api&utm_source=rss","","Blood will be shed, hearts will be stolen, and true love will be put to the test in the BREATHTAKING third novel in the #1 NEW YORK TIMES BESTSELLING Once Upon A Broken Heart series<br /><br />Two villains, one girl, and a deadly battle for happily ever after.<br /><br />Evangeline Fox ventured to the Magnificent North in search of her happy ending, and it seems as if she has it. She’s married to a handsome prince and lives in a legendary castle. But Evangeline has no idea of the devastating price she’s paid for this fairytale. She doesn’t know what she has lost, and her husband is determined to make sure she never finds out. . . . but first he must kill Jacks, the Prince of Hearts.<br /><br />Can’t get enough of the Once Upon a Broken Heart series? Don’t miss The Mirror of Infinite Endings! <br /><br />Also by Stephanie Garber:<br /><br />The Caraval Series<br />- Caraval<br />- Legendary<br />- Finale<br />- Spectacular<br /><br />Alchemy of Secrets","2023"
"read","1","21161465","59808071","The Ballad of Never After (Once Upon a Broken Heart, #2)","Stephanie Garber","1250268427","4","4.48","Tue, 14 May 2024 00:00:00 +0000","Tue, 14 May 2024 21:04:20 -0700","","enjoyed","https://www.goodreads.com/book/show/59808071","https://www.goodreads.com/review/show/5437616268?utm_medium=api&utm_source=rss","","The jaw-dropping, #1 NEW YORK TIMES BESTSELLING sequel to ONCE UPON A BROKEN HEART, starring Evangeline Fox and the Prince of Hearts on a new journey of magic, mystery, and heartbreak<br /><br />Not every love is meant to be.<br /><br />After Jacks, the Prince of Hearts, betrays her, Evangeline Fox swears she'll never trust him again. Now that she’s discovered her own magic, Evangeline believes she can use it to restore the chance at happily ever after that Jacks stole away.<br /><br />But when a new terrifying curse is revealed, Evangeline finds herself entering into a tenuous partnership with the Prince of Hearts again. Only this time, the rules have changed. Jacks isn’t the only force Evangeline needs to be wary of. In fact, he might be the only one she can trust, despite her desire to despise him.<br /><br />Instead of a love spell wreaking havoc on Evangeline’s life, a murderous spell has been cast. To break it, Evangeline and Jacks will have to do battle with old friends, new foes, and a magic that plays with heads and hearts. Evangeline has always trusted her heart, but this time she’s not sure she can. . . .<br /><br />Continue the adventure in A Curse for True Love and The Mirror of Infinite Endings!<br /><br />Also by Stephanie Garber:<br /><br />The Caraval Series:<br />- Caraval<br />- Legendary<br />- Finale<br />- Spectacular <br /><br />Alchemy of Secrets","2022"
"read","1","21161465","61292073","The Kiss of Deception (The Remnant Chronicles, #1)","Mary E. Pearson","1399701134","3","3.66","Fri, 23 May 2025 00:00:00 +0000","Fri, 23 May 2025 07:44:55 -0700","","neutral","https://www.goodreads.com/book/show/61292073","https://www.goodreads.com/review/show/5425981495?utm_medium=api&utm_source=rss","","The Kingdom of Morrighan is steeped in tradition and the stories of a bygone world, but some traditions Lia can't abide. Like having to marry someone she's never met to secure a political alliance.<br /><br />Fed up and ready for a new life, Lia escapes to a distant village on the morning of her wedding. She settles in among the common folk, intrigued when two mysterious and handsome strangers arrive - and unaware that one is the jilted prince and the other an assassin sent to kill her. Deceptions swirl and Lia finds herself on the brink of unlocking perilous secrets - secrets that may unravel her world - even as she feels herself falling in love.","2014"
"read","1","21161465","66092846","Her Radiant Curse","Elizabeth Lim","0593710029","5","4.15","Thu, 17 Jul 2025 00:00:00 +0000","Thu, 17 Jul 2025 21:42:45 -0700","","enjoyed","https://www.goodreads.com/book/show/66092846","https://www.goodreads.com/review/show/5412591054?utm_medium=api&utm_source=rss","","<b>From the <i>New York Times</i> bestselling author of SIX CRIMSON CRANES comes a tale of two sisters—one as beautiful as the other is monstrous—who must fight to save each other when a betrothal contest gone wrong unleashes an evil that could sever their bond forever.</b><br /><br /><i>One sister must fall for the other to rise.</i><br /><br />Channi was not born a monster. But when her own father offers her in sacrifice to the Demon Witch, she is forever changed. Cursed with a serpent’s face, Channi is the exact opposite of her beautiful sister, Vanna—the only person in the village who looks at Channi and doesn’t see a monster. The only person she loves and trusts.<br /><br />Now seventeen, Vanna is to be married off in a vulgar contest that will enrich the coffers of the village leaders. Only Channi, who’s had to rely on her strength and cunning all these years, can defend her sister against the cruelest of the suitors. But in doing so, she becomes the target of his wrath—launching a grisly battle royale, a quest over land and sea, a romance between sworn enemies, and a choice that will strain Channi’s heart to its breaking point.<br /><br />Weaving together elements of <i>The Selection</i> and <i>Ember in the Ashes</i> with classic tales like Beauty and the Beast, Helen of Troy, and Asian folklore, Elizabeth Lim is at the absolute top of her game in this thrilling yet heart-wrenching fantasy that explores the dark side of beauty and the deepest bonds of sisterhood.","2023"
"read","1","21161465","26032912","The Queen of Nothing (The Folk of the Air, #3)","Holly Black","0316310409","3","4.32","","Thu, 25 Jan 2024 20:29:35 -0800","","neutral","https://www.goodreads.com/book/show/26032912","https://www.goodreads.com/review/show/5410083396?utm_medium=api&utm_source=rss","","<b>
  <i>He will be destruction of the crown and the ruination of the throne.</i>
</b><br /><br />Power is much easier to acquire than it is to hold onto. Jude learned this lesson when she released her control over the wicked king, Cardan, in exchange for immeasurable power. <br /><br />Now as the exiled mortal Queen of Faerie, Jude is powerless and left reeling from Cardan’s betrayal. She bides her time determined to reclaim everything he took from her. Opportunity arrives in the form of her deceptive twin sister, Taryn, whose mortal life is in peril.<br /><br />Jude must risk venturing back into the treacherous Faerie Court, and confront her lingering feelings for Cardan, if she wishes to save her sister. But Elfhame is not as she left it. War is brewing. As Jude slips deep within enemy lines she becomes ensnared in the conflict’s bloody politics. <br /><br />And, when a dormant yet powerful curse is unleashed, panic spreads throughout the land, forcing her to choose between her ambition and her humanity… <br /><br />From the #1 New York Times bestselling author Holly Black, comes the highly anticipated and jaw-dropping finale to The Folk of the Air trilogy.","2019"
"read","1","21161465","26032887","The Wicked King (The Folk of the Air, #2)","Holly Black","0316310336","4","4.26","Tue, 14 Mar 2023 00:00:00 +0000","Tue, 14 Mar 2023 21:40:31 -0700","","enjoyed","https://www.goodreads.com/book/show/26032887","https://www.goodreads.com/review/show/5409981759?utm_medium=api&utm_source=rss","So intense, twisty and satisfying! <br />I enjoyed this immensely! ","<b>The enchanting and bloodthirsty sequel to the New York Times bestselling novel The Cruel Prince.</b><br /><br /><i>You must be strong enough to strike and strike and strike again without tiring.<br /><br />The first lesson is to make yourself strong.</i><br /><br />After the jaw-dropping revelation that Oak is the heir to Faerie, Jude must keep her brother safe. To do so, she has bound the wicked king, Cardan, to her, and made herself the power behind the throne. Navigating the constantly shifting political alliances of Faerie would be difficult enough if Cardan were easy to control. But he does everything in his power to humiliate and undermine her even as his fascination with her remains undiminished.<br /><br />When it becomes all too clear that someone close to Jude means to betray her, threatening her own life and the lives of everyone she loves, Jude must uncover the traitor and fight her own complicated feelings for Cardan to maintain control as a mortal in a Faerie world.","2019"
"read","1","21161465","101138075","Foul Heart Huntsman (Foul Lady Fortune, #2)","Chloe Gong","1665905611","4","4.31","Thu, 18 Jul 2024 00:00:00 +0000","Thu, 18 Jul 2024 19:17:44 -0700","","enjoyed","https://www.goodreads.com/book/show/101138075","https://www.goodreads.com/review/show/5399809356?utm_medium=api&utm_source=rss","","Winter is drawing thick in 1932 Shanghai, as is the ever-nearing threat of a Japanese invasion.<br /><br />Rosalind Lang has suffered the worst possible fate for a national spy: she’s been exposed. With the media storm camped outside her apartment for the infamous Lady Fortune, she’s barely left her bedroom in weeks, plotting her next course of action after Orion was taken and his memories of Rosalind wiped. Though their marriage might have been a sham, his absence hurts her more than any physical wound. She won’t rest until she gets him back.<br /><br />But with her identity in the open, the task is near impossible. The only way to leave the city and rescue Orion is under the guise of a national tour. It’s easy to convince her superiors that the countryside needs unity more than ever, and who better than an immortal girl to stir pride and strength into the people?<br /><br />When the tour goes wrong, however, everything Rosalind once knew is thrown up in the air. Taking refuge outside Shanghai, old ghosts come into the open and adversaries turn to allies. To save Orion, they must find a cure to his mother’s traitorous invention and take this dangerous chemical weapon away from impending foreign invasion—but the clock is ticking, and if Rosalind fails, it’s not only Orion she loses, but her nation itself.<br /><br /><b>From the #1 <i>New York Times</i> bestselling author of <i>These Violent Delights</i> and <i>Our Violent Ends</i> comes the second book in the captivating Foul Lady Fortune duology following an immortal assassin in 1930s Shanghai as she races to save her country and her love.</b>","2023"
"read","1","21161465","58161981","The Guncle","Steven  Rowley","","3","4.13","Fri, 17 Mar 2023 00:00:00 +0000","Fri, 17 Mar 2023 08:24:59 -0700","","neutral","https://www.goodreads.com/book/show/58161981","https://www.goodreads.com/review/show/5370494576?utm_medium=api&utm_source=rss","Sweet and cute, I loved the kids but the other subplots weren’t that engaging, tbh! ","11 hours, 24 minutes<br /><br /><b>From the bestselling author of <i>Lily and the Octopus</i> and <i>The Editor</i> comes a warm and deeply funny novel about a once-famous gay sitcom star whose unexpected family tragedy leaves him with his niece and nephew for the summer.</b><br /><br />Patrick, or Gay Uncle Patrick (GUP, for short), has always loved his niece, Maisie, and nephew, Grant. That is, he loves spending time with them when they come out to Palm Springs for weeklong visits, or when he heads home to Connecticut for the holidays. But in terms of caretaking and relating to two children, no matter how adorable, Patrick is honestly a bit out of his league.<br /><br />So when tragedy strikes and Maisie and Grant lose their mother and Patrick’s brother has a health crisis of his own, Patrick finds himself suddenly taking on the role of primary guardian. Despite having a set of “Guncle Rules” ready to go, Patrick has no idea what to expect, having spent years barely holding on after the loss of his great love, a somewhat-stalled career, and a lifestyle not-so-suited to a six- and a nine-year-old. Quickly realizing that parenting—even if temporary—isn’t solved with treats and jokes, Patrick’s eyes are opened to a new sense of responsibility, and the realization that, sometimes, even being larger than life means you’re unfailingly human.<br /><br />With the humor and heart we’ve come to expect from bestselling author Steven Rowley, The Guncle is a moving tribute to the power of love, patience, and family in even the most trying of times.","2021"
"read","1","21161465","55851958","Cold Hearted (Villains, #8)","Serena Valentino","1368025285","3","4.19","Sun, 19 Jan 2025 00:00:00 +0000","Mon, 20 Jan 2025 14:28:47 -0800","","neutral","https://www.goodreads.com/book/show/55851958","https://www.goodreads.com/review/show/5364609679?utm_medium=api&utm_source=rss","","<b>
  <i>This was supposed to be her happily ever after...</i>
</b><br /><br />It’s a familiar tale: A kind and beautiful young girl, reeling from loss. A doting father, frantic to bring a mother’s love back into his daughter’s life. And the selfish, cruel woman who insinuates herself into that family―a woman so unfeeling, so cold hearted, that when her new husband dies, she makes the girl a servant in her own home.<br /><br />But who is that evil stepmother, that icy lady of the house? How did she become so closed off that, in the face of a child’s grief, she thought only to seek wealth and power for herself and her abhorrent daughters? Before that fateful ball, before the glass slipper and the prince, there was another story―a story of love and grief, of hope and of dreams dashed. It is the story of Lady Tremaine.<br /><br />Even the coldest of villains are sometimes wives and mothers, women who loved and lost and hoped for something grander for their lives . . . once upon a dream.<br /><br /><b>The latest novel in Serena Valentino’s deliciously devious Villains series introduces the most famed and hated wicked stepmother of them all―but turns everything you know about her on its head.<b></b></b>","2021"
"read","1","21161465","42250086","The Odd Sisters (Villains, #6)","Serena Valentino","136801318X","4","4.00","Mon, 30 Dec 2024 00:00:00 +0000","Mon, 30 Dec 2024 22:55:45 -0800","","enjoyed","https://www.goodreads.com/book/show/42250086","https://www.goodreads.com/review/show/5364609663?utm_medium=api&utm_source=rss","","Throughout the Villains series, the Odd Sisters have meddled in the lives of the Wicked Queen, The Beast, Ursula, Maleficent, and Mother Gothel, changing the course of fate for the greatest villains ever known. Now, it's time for their reckoning.<br /><br />This latest novel by the author of the wildly popular Villains series goes deeper into the lives of the twisted, diabolical Odd Sisters, finally revealing the dark truth about who they are and where they're from. The Odd Sisters will appeal to fans who can't get enough of the mischievous sisters, as well as draw new readers to Serena Valentino's darkly fascinating take on the Disney Villains.","2019"
"read","1","21161465","48717621","Evil Thing (Villains, #7)","Serena Valentino","1368009034","4","3.97","Sat, 4 Jan 2025 00:00:00 +0000","Sat, 04 Jan 2025 15:42:37 -0800","","enjoyed","https://www.goodreads.com/book/show/48717621","https://www.goodreads.com/review/show/5364609672?utm_medium=api&utm_source=rss","","The darkly captivating seventh novel in the popular Villains series follows the rise and fall of the deranged and glamorous fan favorite, Cruella De Vil. If it doesn’t scare you, no evil thing will…<br /><br /><b>Cruella De Vil is the perfect villain: stylish, witty, relentless...and possibly cursed. </b><br /><br />From her lonely childhood, to her iconic fashion choices, to that fateful car crash (you know the one), Cruella tells all in this marvelous memoir of a woman doomed. Even the cruelest villains have best friends, true loves, and daring dreams. Now it's Cruella's turn to share hers.<br /><br />This latest novel by the author of the wildly popular and darkly fascinating Villains series brings readers a tale told by the Evil Thing herself-a tale of the complicated bonds of female friendship, of mothers and daughters, and of burning, destructive desire.<br /><br />After all, nothing is as simple as black and white.","2020"
"read","1","21161465","34220302","Mistress of All Evil (Villains, #4)","Serena Valentino","1368009018","4","3.98","Tue, 3 Dec 2024 00:00:00 +0000","Tue, 03 Dec 2024 19:36:47 -0800","","enjoyed","https://www.goodreads.com/book/show/34220302","https://www.goodreads.com/review/show/5364609627?utm_medium=api&utm_source=rss","","The tale is told as if it's happening once upon a dream: the lovely maiden meets her handsome prince in the woods. The story has been told many times and in many ways. But always the maiden finds out that she is a princess-a princess who has been cursed by a dark fairy to prick her finger on a spindle and fall into an eternal sleep. Though her three good fairies try to protect her, the princess succumbs to the curse. But the power of good endures, as her true love defeats the fire-breathing dragon and awakens the princess with true love's first kiss. The two live happily ever after.<br /><br />And yet this is only half the story. So what of the dark fairy, Maleficent? Why does she curse the innocent princess? What led to her becoming so filled with malice, anger, and hatred? Many tales have tried to explain her motives. Here is one account, pulled down from the many passed down through the ages. It is a tale of love and betrayal, of magic and reveries. It is a tale of the Mistress of All Evil.","2017"
"read","1","21161465","17428643","The Beast Within (Villains, #2)","Serena Valentino","1423159128","3","3.72","Tue, 26 Nov 2024 00:00:00 +0000","Thu, 12 Dec 2024 19:17:23 -0800","","neutral","https://www.goodreads.com/book/show/17428643","https://www.goodreads.com/review/show/5364609607?utm_medium=api&utm_source=rss","","<b>A cursed prince sits alone in a secluded castle.</b> <br />Few have seen him, but those who claim they have say his hair is wild and nails are sharp--like a beast's! But how did this prince, once jovial and beloved by the people, come to be a reclusive and bitter monster? And is it possible that he can ever find true love and break the curse that has been placed upon him? <br />Enjoy Serena Valentino's entire Villain's series.<br />Fairest of All: A Tale of the Wicked Queen (Book 1)<br />The Beast Within: A Tale of Beauty's Prince (Book 2)<br />Poor Unfortunate Soul: A Tale of the Sea Witch (Book 3)<br />Mistress of All Evil: A Tale of the Dark Fairy (Book 4)<br />Mother Knows Best: A Tale of the Old Witch (Book 5)<br />The Odd Sisters: A Villains Novel (Book 6)<br />Evil Thing (Book 7)","2014"
"read","1","21161465","27416133","Poor Unfortunate Soul (Villains, #3)","Serena Valentino","1484724054","3","3.57","Mon, 2 Dec 2024 00:00:00 +0000","Thu, 12 Dec 2024 19:17:29 -0800","","neutral","https://www.goodreads.com/book/show/27416133","https://www.goodreads.com/review/show/5364609617?utm_medium=api&utm_source=rss","","The tale of the sea king’s daughter Ariel is a beloved one of losing— and then finding— one’s own voice. The story has been told many times and in many ways. But always the mergirl wants more than her world can offer, and her father demands that she live within the confines of his domain. Her rebelliousness costs the little mermaid her voice and nearly her soul. But the power of good prevails, and Ariel emerges proud and unchanged.<br />And yet this is only half the story. So what of Ariel’s nemesis, Ursula, the sea witch? What led to her becoming so twisted, scorned, and filled with hatred? Many tales have tried to explain her motives. Here is one account of what might have shaped the sea witch into a detestable and poor unfortunate soul.","2016"
"read","1","21161465","58733693","Remarkably Bright Creatures","Shelby Van Pelt","0063204150","3","4.34","Sun, 15 Sep 2024 00:00:00 +0000","Sun, 15 Sep 2024 21:41:29 -0700","","neutral","https://www.goodreads.com/book/show/58733693","https://www.goodreads.com/review/show/5291224748?utm_medium=api&utm_source=rss","","<b><i>Remarkably Bright Creatures</i>, an exploration of friendship, reckoning, and hope, tracing a widow's unlikely connection with a giant Pacific octopus</b>.<br /><br />After Tova Sullivan's husband died, she began working the night shift at the Sowell Bay Aquarium, mopping floors and tidying up. Keeping busy has always helped her cope, which she's been doing since her eighteen-year-old son, Erik, mysteriously vanished on a boat in Puget Sound over thirty years ago.<br /><br />Tova becomes acquainted with curmudgeonly Marcellus, a giant Pacific octopus living at the aquarium. Marcellus knows more than anyone can imagine but wouldn't dream of lifting one of his eight arms for his human captors--until he forms a remarkable friendship with Tova.<br /><br />Ever the detective, Marcellus deduces what happened the night Tova's son disappeared. And now Marcellus must use every trick his old invertebrate body can muster to unearth the truth for her before it's too late.<br /><br />Shelby Van Pelt's <strong>debut novel</strong> is a gentle reminder that sometimes taking a hard look at the past can help uncover a future that once felt impossible.","2022"
"read","1","21161465","57693474","Finlay Donovan Knocks 'Em Dead (Finlay Donovan, #2)","Elle Cosimano","1250242185","4","3.93","Sun, 19 Jun 2022 00:00:00 +0000","Tue, 10 Jan 2023 06:54:21 -0800","","enjoyed","https://www.goodreads.com/book/show/57693474","https://www.goodreads.com/review/show/5250686251?utm_medium=api&utm_source=rss","Since this is a sequel (and I'm really behind schedule in my reviews), I'll keep this one short.<br /><br />'Finlay Donovan Knocks 'Em Dead' is an enjoyable sequel that builds up from everything that happens in the first book, and since it doesn't need to explain who these characters are, it can focus on their shenanigans. <br /><br />And that was fun. The characters are quirky, and the mystery, while wildly unplausible, is gripping, even if I'm not sure how many books it can span. I've heard there will be 4, and I hope they don't extend them a la Stephanie Plum, because it will lose its charm. <br /><br />I'm here for the fun, and in that front, it definitely excels. ","Finlay Donovan is―once again―struggling to finish her next novel and keep her head above water as a single mother of two. On the bright side, she has her live-in nanny and confidant Vero to rely on, and the only dead body she's dealt with lately is that of her daughter's pet goldfish.<br /><br />On the not-so-bright side, someone out there wants her ex-husband, Steven, out of the picture. Permanently. Whatever else Steven may be, he's a good father, but saving him will send her down a rabbit hole of hit-women disguised as soccer moms, and a little bit more involvement with the Russian mob than she'd like.<br /><br />Meanwhile, Vero's keeping secrets, and Detective Nick Anthony seems determined to get back into her life. He may be a hot cop, but Finlay's first priority is preventing her family from sleeping with the fishes... and if that means bending a few laws then so be it.<br /><br />With her next book's deadline looming and an ex-husband to keep alive, Finlay is quickly coming to the end of her rope. She can only hope there isn't a noose at the end of it...<br /><br /><b>From Edgar-Award nominee Elle Cosimano, comes <i>Finlay Donovan Knocks 'Em Dead</i>―the hilarious and heart-pounding follow-up to <i>Finlay Donovan is Killing It</i>.</b>","2022"
"read","1","21161465","58784475","Tomorrow, and Tomorrow, and Tomorrow","Gabrielle Zevin","0735243344","5","4.09","Tue, 25 Apr 2023 00:00:00 +0000","Tue, 25 Apr 2023 22:14:56 -0700","","enjoyed","https://www.goodreads.com/book/show/58784475","https://www.goodreads.com/review/show/5195834901?utm_medium=api&utm_source=rss","Amazing 🤩","<b>In this exhilarating novel, two friends—often in love, but never lovers—come together as creative partners in the world of video game design, where success brings them fame, joy, tragedy, duplicity, and, ultimately, a kind of immortality.</b><br /><br />On a bitter-cold day, in the December of his junior year at Harvard, Sam Masur exits a subway car and sees, amid the hordes of people waiting on the platform, Sadie Green. He calls her name. For a moment, she pretends she hasn't heard him, but then, she turns, and a game begins: a legendary collaboration that will launch them to stardom. These friends, intimates since childhood, borrow money, beg favors, and, before even graduating college, they have created their first blockbuster, <i> Ichigo</i>. Overnight, the world is theirs. Not even twenty-five years old, Sam and Sadie are brilliant, successful, and rich, but these qualities won't protect them from their own creative ambitions or the betrayals of their hearts.<br /><br />Spanning thirty years, from Cambridge, Massachusetts, to Venice Beach, California, and lands in between and far beyond, Gabrielle Zevin's <i>Tomorrow, and Tomorrow, and Tomorrow</i> is a dazzling and intricately imagined novel that examines the multifarious nature of identity, disability, failure, the redemptive possibilities in play, and above all, our need to connect: to be loved and to love. Yes, it is a love story, but it is not one you have read before.","2022"
"read","1","21161465","59357120","Yellowface","R.F. Kuang","","4","3.83","Sun, 12 May 2024 00:00:00 +0000","Sun, 12 May 2024 17:49:47 -0700","","enjoyed","https://www.goodreads.com/book/show/59357120","https://www.goodreads.com/review/show/5173061530?utm_medium=api&utm_source=rss","","Authors Juniper Hayward and Athena Liu were supposed to be twin rising stars. But Athena is a literary darling while June is a nobody. Who wants stories about basic white girls?, June thinks. So when June witnesses Athena’s death in a freak accident, she acts on impulse, stealing Athena’s just-finished masterpiece, an experimental novel about the unsung contributions of Chinese laborers during World War I.<br /><br />So what if June edits Athena’s novel and sends it to her agent as her own work? So what if she lets her new publisher rebrand her as Juniper Song—complete with an ambiguously ethnic author photo? This piece of history deserve to be told, whoever the teller. That is what June believes, and <i>The New York Times</i> bestseller list agrees.<br /><br />But June cannot escape Athena’s shadow, and emerging evidence threatens her stolen success. As she races to protect her secret she discovers exactly how far she will go to keep what she thinks she deserves.","2023"
"read","1","21161465","58687126","Finding Me","Viola Davis","0063037327","4","4.52","Thu, 15 Dec 2022 00:00:00 +0000","Thu, 15 Dec 2022 19:31:30 -0800","","enjoyed","https://www.goodreads.com/book/show/58687126","https://www.goodreads.com/review/show/5141517677?utm_medium=api&utm_source=rss","I just love Viola Davis!","In my book, you will meet a little girl named Viola who ran from her past until she made a life-changing decision to stop running forever.<br /><br />This is my story, from a crumbling apartment in Central Falls, Rhode Island, to the stage in New York City, and beyond. This is the path I took to finding my purpose but also my voice in a world that didn’t always see me.<br /><br />As I wrote <i>Finding Me</i>, my eyes were open to the truth of how our stories are often not given close examination. We are forced to reinvent them to fit into a crazy, competitive, judgmental world. So I wrote this for anyone running through life untethered, desperate and clawing their way through murky memories, trying to get to some form of self-love. For anyone who needs reminding that a life worth living can only be born from radical honesty and the courage to shed facades and be . . . you.<br /><br /><i>Finding Me</i> is a deep reflection, a promise, and a love letter of sorts to self. My hope is that my story will inspire you to light up your own life with creative expression and rediscover who you were before the world put a label on you.","2022"
"read","1","21161465","52857700","House of Flame and Shadow (Crescent City, #3)","Sarah J. Maas","1681193094","3","4.21","Tue, 30 Apr 2024 00:00:00 +0000","Tue, 30 Apr 2024 22:07:34 -0700","","neutral","https://www.goodreads.com/book/show/52857700","https://www.goodreads.com/review/show/5075849231?utm_medium=api&utm_source=rss","","Bryce Quinlan never expected to see a world other than Midgard, but now that she has, all she wants is to get back. Everything she loves is in Midgard: her family, her friends, her mate. Stranded in a strange new world, she's going to need all her wits about her to get home again. And that's no easy feat when she has no idea who to trust.<br /><br />Hunt Athalar has found himself in some deep holes in his life, but this one might be the deepest of all. After a few brief months with everything he ever wanted, he's in the Asteri's dungeons again, stripped of his freedom and without a clue as to Bryce's fate. He's desperate to help her, but until he can escape the Asteri's leash, his hands are quite literally tied.<br /><br />In this sexy, breathtaking sequel to the #1 bestsellers House of Earth and Blood and House of Sky and Breath, Sarah J. Maas's Crescent City series reaches new heights as Bryce and Hunt's world is brought to the brink of collapse-with its future resting on their shoulders.","2024"
"read","1","21161465","59616018","Lessons in Chemistry","Bonnie Garmus","0593507533","4","4.18","Mon, 20 Feb 2023 00:00:00 +0000","Mon, 20 Feb 2023 17:50:40 -0800","","enjoyed","https://www.goodreads.com/book/show/59616018","https://www.goodreads.com/review/show/5036700243?utm_medium=api&utm_source=rss","The audiobook was so charming and funny, even though the book does have a bit of an overlong situation, especially during the second half. <br /><br />A solid 4 stars-read. ","11 hours, 55 minutes <br /><br /><b>A delight for readers of <i>Where’d You Go, Bernadette</i> and <i>The Marvelous Mrs. Maisel</i>, this blockbuster debut set in 1960s California features the singular voice of Elizabeth Zott, a scientist whose career takes a detour when she becomes the star of a beloved TV cooking show.</b><br /><br />Chemist Elizabeth Zott is not your average woman. In fact, Elizabeth Zott would be the first to point out that there is no such thing as an average woman. But it’s the early 1960s and her all-male team at Hastings Research Institute takes a very unscientific view of equality. Except for one: Calvin Evans; the lonely, brilliant, Nobel–prize nominated grudge-holder who falls in love with—of all things—her mind. True chemistry results. <br /> <br />But like science, life is unpredictable. Which is why a few years later Elizabeth Zott finds herself not only a single mother, but the reluctant star of America’s most beloved cooking show Supper at Six. Elizabeth’s unusual approach to cooking (“combine one tablespoon acetic acid with a pinch of sodium chloride”) proves revolutionary. But as her following grows, not everyone is happy. Because as it turns out, Elizabeth Zott isn’t just teaching women to cook. She’s daring them to change the status quo. <br /> <br />Laugh-out-loud funny, shrewdly observant, and studded with a dazzling cast of supporting characters, <i>Lessons in Chemistry</i> is as original and vibrant as its protagonist.","2022"
"read","1","21161465","58966216","Juniper & Thorn","Ava Reid","0062973169","2","3.61","Wed, 29 May 2024 00:00:00 +0000","Wed, 29 May 2024 22:01:26 -0700","","notEnjoyed","https://www.goodreads.com/book/show/58966216","https://www.goodreads.com/review/show/5001941473?utm_medium=api&utm_source=rss","","<b>From highly acclaimed, bestselling author Ava Reid comes a gothic horror retelling of <i>The Juniper Tree</i>, set in another time and place within the world of <i>The Wolf and the Woodsman</i>, where a young witch seeks to discover her identity and escape the domination of her abusive wizard father, perfect for fans of Shirley Jackson and Catherynne M. Valente.</b><br /><br />A gruesome curse. A city in upheaval. A monster with unquenchable appetites. <br /><br />Marlinchen and her two sisters live with their wizard father in a city shifting from magic to industry. As Oblya’s last true witches, she and her sisters are little more than a tourist trap as they treat their clients with archaic remedies and beguile them with nostalgic charm. Marlinchen spends her days divining secrets in exchange for rubles and trying to placate her tyrannical, xenophobic father, who keeps his daughters sequestered from the outside world. But at night, Marlinchen and her sisters sneak out to enjoy the city’s amenities and revel in its thrills, particularly the recently established ballet theater, where Marlinchen meets a dancer who quickly captures her heart. <br /><br />As Marlinchen’s late-night trysts grow more fervent and frequent, so does the threat of her father’s rage and magic. And while Oblya flourishes with culture and bustles with enterprise, a monster lurks in its midst, borne of intolerance and resentment and suffused with old-world power. Caught between history and progress and blood and desire, Marlinchen must draw upon her own magic to keep her city safe and find her place within it.","2022"
"read","1","21161465","53305764","Never a Hero (Monsters, #2)","Vanessa Len","1529380146","4","4.01","Mon, 30 Jun 2025 00:00:00 +0000","Mon, 30 Jun 2025 18:12:07 -0700","","enjoyed","https://www.goodreads.com/book/show/53305764","https://www.goodreads.com/review/show/4983807404?utm_medium=api&utm_source=rss","","<b>This sequel to the contemporary fantasy <i>Only a Monster</i> will take Joan deeper into the monster world, where treacherous secrets and even more danger await.</b> <br /><br />Despite all of the odds, Joan achieved the impossible. She reset the timeline, saved her family – and destroyed the hero, Nick. <br /><br />But her success has come at a terrible cost. <br /><br />She alone remembers what happened. Now, Aaron, her hard-won friend – and maybe more – is an enemy, trying to kill her. And Nick, the boy she loved, is a stranger who doesn’t even know her name. Only Joan remembers that there is a ruthless and dangerous enemy still out there. <br /><br />When a deadly attack forces Joan back into the monster world as a fugitive, she finds herself on the run with Nick – as Aaron closes in. <br /><br />As the danger rises – and Nick gets perilously closer to discovering the truth of what Joan did to him – Joan discovers a secret of her own. One that threatens everyone she loves. <br /><br />Torn between love and family and monstrous choices, Joan must find a way to re-gather her old allies to face down the deadliest of enemies, and to save the timeline itself. <br /><br />Vanessa Len’s stunning Only a Monster trilogy continues with this second instalment, a thrilling journey where a secret past threatens to unravel everyone's future.","2023"
"read","1","21161465","50882354","The Gilded Cage (The Prison Healer, #2)","Lynette Noni","","4","4.25","Tue, 24 Jan 2023 00:00:00 +0000","Tue, 24 Jan 2023 21:41:11 -0800","","enjoyed","https://www.goodreads.com/book/show/50882354","https://www.goodreads.com/review/show/4942892366?utm_medium=api&utm_source=rss","Some twists are a tad predictable, and the middle drags a bit, but Lynette Noni knows how to write an ending! <br /><br />I liked it better than the first one, for sure ","Kiva Meridan is a survivor.<br /><br />She survived not only Zalindov prison, but also the deadly Trial by Ordeal. Now Kiva's purpose goes beyond survival to vengeance. For the past ten years, her only goal has been to reunite with her family and destroy the people responsible for ruining their lives. But now that she has escaped Zalindov, her mission has become more complicated than ever.<br /><br />As Kiva settles into her new life in the capital, she discovers she wasn't the only one who suffered while she was in Zalindov-her siblings and their beliefs have changed too. Soon it's not just her enemies she's keeping secrets from, but her own family as well.<br /><br />Outside the city walls, tensions are brewing from the rebels, along with whispers of a growing threat from the northern kingdoms. Kiva's allegiances are more important than ever, but she's beginning to question where they truly lie. To survive this time, she'll have to navigate a complicated web of lies before both sides of the battle turn against her and she loses everything.","2021"
"read","1","21161465","33584818","The Secrets She Keeps","Michael Robotham","1501170317","4","4.00","Wed, 24 Aug 2022 00:00:00 +0000","Wed, 24 Aug 2022 20:03:25 -0700","","enjoyed","https://www.goodreads.com/book/show/33584818","https://www.goodreads.com/review/show/4938329078?utm_medium=api&utm_source=rss","It took its time to fully start, but it was worth it. I’d recommend if you like domestic thrillers. ","<br />In the bestselling tradition of <i>The Girl on the Train</i> and <i>In a Dark, Dark Wood</i>, from the internationally bestselling author whom Stephen King called “an absolute master” of the psychological thriller, comes a riveting suspense novel about the unlikely friendship between two pregnant women that asks: how far would you go to create the perfect family?<br /><br />Agatha is pregnant and works part-time stocking shelves at a grocery store in a ritzy London suburb, counting down the days until her baby is due. As the hours of her shifts creep by in increasing discomfort, the one thing she looks forward to at work is catching a glimpse of Meghan, the effortlessly chic customer whose elegant lifestyle dazzles her. Meghan has it all: two perfect children, a handsome husband, a happy marriage, a stylish group of friends, and she writes perfectly droll confessional posts on her popular parenting blog—posts that Agatha reads with devotion each night as she waits for her absent boyfriend, the father of her baby, to maybe return her calls.<br /><br /> When Agatha learns that Meghan is pregnant again, and that their due dates fall within the same month, she finally musters up the courage to speak to her, thrilled that they now have the ordeal of childbearing in common. Little does Meghan know that the mundane exchange she has with a grocery store employee during a hurried afternoon shopping trip is about to change the course of her not-so-perfect life forever…<br /><br /> With its brilliant rendering of the secrets some women hold close and a shocking act that cannot be undone, <i>The Secrets She Keeps</i> delivers a dark and twisted page-turner that is absolutely impossible to put down.","2017"
"read","1","21161465","59947696","Wrong Place Wrong Time","Gillian McAllister","0063252341","4","3.93","Tue, 6 Feb 2024 00:00:00 +0000","Tue, 06 Feb 2024 18:33:21 -0800","","enjoyed","https://www.goodreads.com/book/show/59947696","https://www.goodreads.com/review/show/4925653041?utm_medium=api&utm_source=rss","","Can you stop a murder after it’s already happened?<br /><br />It is midnight on the morning of Halloween, and Jen anxiously waits up for her 18-year-old son, Todd, to return home. But worries about his broken curfew transform into something much more dangerous when Todd finally emerges from the darkness. As Jen watches through the window, she sees her funny, seemingly happy teenage son stab a total stranger.<br /><br />She doesn’t know who the victim is, or why Todd has committed such a devastating act of violence. All she knows is that her life, and Todd’s, have been shattered. <br /><br />After her son is taken into custody, Jen falls asleep in despair. But when she wakes up… it is yesterday. The murder has not happened yet—and there may be a chance to stop it. Each morning, when Jen wakes, she is further back in the past, first weeks, then years, before the murder. And Jen realizes that somewhere in the past lies the trigger for Todd’s terrible crime…and it is her mission to find it, and prevent it from taking place.","2022"
"read","1","21161465","60222807","Legends & Lattes (Legends & Lattes, #1)","Travis Baldree","","2","4.32","Thu, 6 Mar 2025 00:00:00 +0000","Thu, 06 Mar 2025 16:25:10 -0800","","notEnjoyed","https://www.goodreads.com/book/show/60222807","https://www.goodreads.com/review/show/4919554143?utm_medium=api&utm_source=rss","","After a lifetime of bounties and bloodshed, Viv is hanging up her sword for the last time.<br /><br />The battle-weary orc aims to start fresh, opening the first ever coffee shop in the city of Thune. But old and new rivals stand in the way of success — not to mention the fact that no one has the faintest idea what coffee actually is.<br /><br />If Viv wants to put the blade behind her and make her plans a reality, she won't be able to go it alone.<br /><br />But the true rewards of the uncharted path are the travelers you meet along the way. And whether drawn together by ancient magic, flaky pastry, or a freshly brewed cup, they may become partners, family, and something deeper than she ever could have dreamed.","2022"
"read","1","21161465","61989811","Five Survive","Holly  Jackson","0008507279","4","4.09","Sun, 4 Dec 2022 00:00:00 +0000","Mon, 05 Dec 2022 12:32:51 -0800","","enjoyed","https://www.goodreads.com/book/show/61989811","https://www.goodreads.com/review/show/4898324335?utm_medium=api&utm_source=rss","A tense and scary read that I thoroughly enjoyed. <br /><br />Even though it can be a bit repetitive and have some problems with its characters (they make frustratingly irrational decisions and the villains are way too cartoonish), I had a great time with this one. <br /><br />Another winner, courtesy of Holly Jackson.","<b>Eight hours. <br />Six friends. <br />One sniper . . .</b> <br /><br />Eighteen year old Red and her friends are on a road trip in an RV, heading to the beach for Spring Break. It’s a long drive but spirits are high. Until the RV breaks down in the middle of nowhere. There’s no mobile phone reception and nobody around to help. And as the wheels are shot out, one by one, the friends realise that this is no accident. There’s a sniper out there in the dark watching them and he knows exactly who they are. One of the group has a secret that the sniper is willing to kill for. <br /><br />A game of cat-and-mouse plays out as the group desperately tries to get help and to work out which member of the group is the target. Buried secrets are forced to light in the cramped, claustrophobic setting of the RV, and tensions within the group will reach deadly levels. Not everyone will survive the night.","2022"
"read","1","21161465","32326398","Sometimes I Lie","Alice Feeney","0008225354","4","3.70","Mon, 3 Feb 2025 00:00:00 +0000","Mon, 03 Feb 2025 19:39:38 -0800","","enjoyed","https://www.goodreads.com/book/show/32326398","https://www.goodreads.com/review/show/4894782468?utm_medium=api&utm_source=rss","","My name is Amber Reynolds. There are three things you should know about me:<br />1. I’m in a coma.<br />2. My husband doesn’t love me anymore.<br />3. Sometimes I lie<br /><br />Amber wakes up in a hospital. She can’t move. She can’t speak. She can’t open her eyes. She can hear everyone around her, but they have no idea. Amber doesn’t remember what happened, but she has a suspicion her husband had something to do with it. Alternating between her paralyzed present, the week before her accident, and a series of childhood diaries from twenty years ago, this brilliant psychological thriller Is something really a lie if you believe it's the truth?","2017"
"read","1","21161465","61419120","Last Violent Call (Secret Shanghai, #3.5)","Chloe Gong","1665934514","3","4.21","Thu, 20 Jun 2024 00:00:00 +0000","Thu, 20 Jun 2024 21:59:43 -0700","","neutral","https://www.goodreads.com/book/show/61419120","https://www.goodreads.com/review/show/4875850696?utm_medium=api&utm_source=rss","","<b>From #1 <i>New York Times</i> bestselling author Chloe Gong comes two captivating new novellas surrounding the events of <i>Foul Lady Fortune</i> and following a familiar cast of characters from the These Violent Delights Duet!</b><br /><br />In A Foul Thing, Roma and Juliette have established themselves as the heads of an underground weapons ring in Zhouzhuang, making a living the way they do best while remaining anonymous in their peaceful, quiet life. But when they hear about several Russian girls showing up dead in nearby towns, they decide to investigate—and ultimately discover that this mystery is much closer to home than they ever imagined.<br /><br />In This Foul Murder, Benedikt and Marshall have been summoned by Roma to find the elusive scientist, Lourens, and bring him to Zhouzhuang. Time is of the essence aboard the week-long Trans-Siberian Express, but when someone is murdered on board, Benedikt and Marshall convince the officer in charge not to stop the train so that they aren’t thrown off-schedule. Instead, they pretend that they are investigators and promise they can solve the murder, but as they dig deeper, they realize that the murder might having surprising ties to their own mission…","2023"
"read","1","21161465","58341222","Reminders of Him","Colleen Hoover","1542025605","4","4.29","Thu, 28 Jul 2022 00:00:00 +0000","Thu, 28 Jul 2022 21:05:29 -0700","","enjoyed","https://www.goodreads.com/book/show/58341222","https://www.goodreads.com/review/show/4874476799?utm_medium=api&utm_source=rss","","<b>A troubled young mother yearns for a shot at redemption in this heartbreaking yet hopeful story from #1 <i>New York Times</i> bestselling author Colleen Hoover.</b> After serving five years in prison for a tragic mistake, Kenna Rowan returns to the town where it all went wrong, hoping to reunite with her four-year-old daughter. But the bridges Kenna burned are proving impossible to rebuild. Everyone in her daughter’s life is determined to shut Kenna out, no matter how hard she works to prove herself. The only person who hasn’t closed the door on her completely is Ledger Ward, a local bar owner and one of the few remaining links to Kenna’s daughter. But if anyone were to discover how Ledger is slowly becoming an important part of Kenna’s life, both would risk losing the trust of everyone important to them. The two form a connection despite the pressure surrounding them, but as their romance grows, so does the risk. Kenna must find a way to absolve the mistakes of her past in order to build a future out of hope and healing.","2022"
"read","1","21161465","40381392","Finale (Caraval, #3)","Stephanie Garber","1250157668","2","4.12","Tue, 19 Jul 2022 00:00:00 +0000","Sun, 04 Sep 2022 08:59:27 -0700","","notEnjoyed","https://www.goodreads.com/book/show/40381392","https://www.goodreads.com/review/show/4847998326?utm_medium=api&utm_source=rss","I, slowly but surely, fell out of love with the 'Caraval' series with each passing book, and I hate that because I enjoyed the first one so much that a part of me hates what the series ended up becoming.<br /><br />Did the world get bigger? Yes. Are some of the things planted in the first two books solved here? Absolutely. Does Caraval deserve a whole trilogy? Nope.<br /><br />I know there are a lot of people who enjoy and probably love this series. I've even read some reviews saying that it gets better with each book. I don't know what to make of that. <br /><br />The first one was a decent and better-than-expected book. But then, the author forced her story to become a trilogy, and with that, a bigger world needed to be created with so many retcons growing along the way to do that.<br /><br />For example, at first, Legend was seemingly our big bad, but of course, we couldn't have one of our main love interests being a villain, so in the last book, we got introduced to a new one. I couldn't get into him. He was a cookie-cutter villain with no redeeming qualities and nothing exciting to bring to the table. Legend was, by far, the better villain option.<br /><br />And then, our heroines Scarlett and Donatella, who are seemingly the only two people who can save the Caraval world are splitting their time between saving the world and reminding themselves whether they love or not their respective love interests. <br /><br />It was exhausting. To be honest, this is the first time I've ever felt a book to be repetitive, but Stephanie Garber tested my patience with this one. I swear, if we cut the girls' monologue about why they love (or do not love) Dante and Julian, the book would have been at least a third shorter.<br /><br />Did I hate it? I wouldn't say that. But I'm not as excited to read the following Stephanie Garber series as I expected.","FINALE is the “thrilling and surprising” (ENTERTAINMENT WEEKLY) third book in the #1 NEW YORK TIMES bestselling Caraval series<br /><br />It’s been two months since the Fates were freed, since Legend claimed the throne for his own, and since Tella discovered the boy she fell in love with doesn’t really exist.<br /><br />With lives, empires, and hearts hanging in the balance, Tella must decide if she’s going to trust Legend or a former enemy. After uncovering a secret that upends her life, Scarlett will need to do the impossible. And Legend has a choice to make that will forever change and define him.<br /><br />Caraval is over, but perhaps the greatest game of all has begun. . . .<br /><br />Continue Jacks’s story in the Once Upon a Broken Heart series―out now!<br /><br />Also by Stephanie Garber:<br /><br />The Once Upon a Broken Heart Series:<br />- Once Upon a Broken Heart<br />- The Ballad of Never After<br />- A Curse for True Love<br />- The Mirror of Infinite Endings <br /><br />Alchemy of Secrets","2019"
"read","1","21161465","57094235","The Burning God (The Poppy War, #3)","R.F. Kuang","0062662643","3","4.35","Thu, 5 Jan 2023 00:00:00 +0000","Thu, 05 Jan 2023 21:07:48 -0800","","neutral","https://www.goodreads.com/book/show/57094235","https://www.goodreads.com/review/show/4845799987?utm_medium=api&utm_source=rss","So much tragedy, it was actually exhausting. <br /><br />I knew beforehand that this series was dark, but after 3 books I was hoping for, at least, a semi hopeful ending, but I couldn’t even get that, and it was kind of a bummer. <br /><br />Besides, I wasn’t having too much fun while reading. There were too many war scenes, too many pages of traveling and the most interesting storyline (at least for me) was resolved in like 5 pages in an unsatisfactory way. The whole Trifecta subplot was, allegedly, going to be this big thing that would help Rin win the war, and then it was rushed, resolved and ignored in a single chapter mid-book. I was genuinely hoping for a surprise after that, but it never happened, they were just gone and ignored. <br /><br />Idk, probably my expectations were too high, but for me it didn’t delivered what was promised in the previous books.","<strong>The exciting end to the Poppy War trilogy, R. F. Kuang’s acclaimed, award-winning epic fantasy that combines the history of twentieth-century China with a gripping world of gods and monsters, to devastating, enthralling effect.</strong><br /><br /> After saving her nation of Nikan from foreign invaders and battling the evil Empress Su Daji in a brutal civil war, Fang Runin was betrayed by allies and left for dead.<br /><br />Despite her losses, Rin hasn’t given up on those for whom she has sacrificed so much—the people of the southern provinces and especially Tikany, the village that is her home. Returning to her roots, Rin meets difficult challenges—and unexpected opportunities. While her new allies in the Southern Coalition leadership are sly and untrustworthy, Rin quickly realizes that the real power in Nikan lies with the millions of common people who thirst for vengeance and revere her as a goddess of salvation.<br /><br />Backed by the masses and her Southern Army, Rin will use every weapon to defeat the Dragon Republic, the colonizing Hesperians, and all who threaten the shamanic arts and their practitioners. As her power and influence grows, though, will she be strong enough to resist the Phoenix’s intoxicating voice urging her to burn the world and everything in it? ","2020"
"read","1","21161465","51099138","The Dragon Republic (The Poppy War, #2)","R.F. Kuang","000823986X","4","4.45","Thu, 29 Sep 2022 00:00:00 +0000","Tue, 04 Oct 2022 11:26:05 -0700","","enjoyed","https://www.goodreads.com/book/show/51099138","https://www.goodreads.com/review/show/4845799918?utm_medium=api&utm_source=rss","I didn’t loved it as much as the first one. It had so many “strategy” and war scenes for my liking, but I’m still into the series so I’ll read the last one. <br /><br />Those last 100 pages were fire, tho ","<b>Rin’s story continues in this acclaimed sequel to <i>The Poppy War</i>—an epic fantasy combining the history of twentieth-century China with a gripping world of gods and monsters</b><br /><br />The war is over.<br /><br />The war has just begun.<br /><br />Three times throughout its history, Nikan has fought for its survival in the bloody Poppy Wars. Though the third battle has just ended, shaman and warrior Rin cannot forget the atrocity she committed to save her people. Now she is on the run from her guilt, the opium addiction that holds her like a vise, and the murderous commands of the fiery Phoenix—the vengeful god who has blessed Rin with her fearsome power.<br /><br />Though she does not want to live, she refuses to die until she avenges the traitorous Empress who betrayed Rin’s homeland to its enemies. Rin’s only hope is to join forces with the powerful Dragon Warlord, who plots to conquer Nikan, unseat the Empress, and create a new republic.<br /><br />But the Empress and the Dragon Warlord are not what they seem. The more Rin witnesses, the more she fears her love for Nikan will force her to use the Phoenix’s deadly power once more.<br /><br />Because there is nothing Rin won’t sacrifice to save her country . . . and exact her vengeance.","2019"
"read","1","21161465","59364173","I'm Glad My Mom Died","Jennette McCurdy","","5","4.44","Sat, 13 Aug 2022 00:00:00 +0000","Tue, 16 Aug 2022 21:32:37 -0700","","enjoyed","https://www.goodreads.com/book/show/59364173","https://www.goodreads.com/review/show/4842362755?utm_medium=api&utm_source=rss","Honestly, just amazing. Read it.🫰🏻<br /><br />Love you, Jennette! ","A heartbreaking and hilarious memoir by <i>iCarly</i> and <i>Sam &amp; Cat</i> star Jennette McCurdy about her struggles as a former child actor—including eating disorders, addiction, and a complicated relationship with her overbearing mother—and how she retook control of her life. <br /><br />Jennette McCurdy was six years old when she had her first acting audition. Her mother's dream was for her only daughter to become a star, and Jennette would do anything to make her mother happy. So she went along with what Mom called ""calorie restriction,"" eating little and weighing herself five times a day. She endured extensive at-home makeovers while Mom chided, ""Your eyelashes are invisible, okay? You think Dakota Fanning doesn't tint hers?"" She was even showered by Mom until age sixteen while sharing her diaries, email, and all her income. <br /><br />In <i>I'm Glad My Mom Died</i>, Jennette recounts all this in unflinching detail—just as she chronicles what happens when the dream finally comes true. Cast in a new Nickelodeon series called <i>iCarly</i>, she is thrust into fame. Though Mom is ecstatic, emailing fan club moderators and getting on a first-name basis with the paparazzi (""Hi Gale!""), Jennette is riddled with anxiety, shame, and self-loathing, which manifest into eating disorders, addiction, and a series of unhealthy relationships. These issues only get worse when, soon after taking the lead in the <i>iCarly</i> spinoff <i>Sam &amp; Cat</i> alongside Ariana Grande, her mother dies of cancer. Finally, after discovering therapy and quitting acting, Jennette embarks on recovery and decides for the first time in her life what she really wants. <br /><br />Told with refreshing candor and dark humor, <i>I'm Glad My Mom Died</i> is an inspiring story of resilience, independence, and the joy of shampooing your own hair.","2022"
"read","1","21161465","57773248","Notes on an Execution","Danya Kukafka","0063052733","5","4.01","Mon, 10 Oct 2022 00:00:00 +0000","Mon, 10 Oct 2022 19:21:32 -0700","","enjoyed","https://www.goodreads.com/book/show/57773248","https://www.goodreads.com/review/show/4832855996?utm_medium=api&utm_source=rss","What a powerful, moving, heartbreaking and raw story! <br />My favorite book of the year, so far ","In the tradition of Long Bright River and The Mars Room, a gripping and atmospheric work of literary suspense that deconstructs the story of a serial killer on death row, told primarily through the eyes of the women in his life—from the bestselling author of Girl in Snow.<br /><br />Ansel Packer is scheduled to die in twelve hours. He knows what he’s done, and now awaits execution, the same chilling fate he forced on those girls, years ago. But Ansel doesn’t want to die; he wants to be celebrated, understood. He hoped it wouldn’t end like this, not for him.<br /><br />Through a kaleidoscope of women—a mother, a sister, a homicide detective—we learn the story of Ansel’s life. We meet his mother, Lavender, a seventeen-year-old girl pushed to desperation; Hazel, twin sister to Ansel’s wife, inseparable since birth, forced to watch helplessly as her sister’s relationship threatens to devour them all; and finally, Saffy, the homicide detective hot on his trail, who has devoted herself to bringing bad men to justice but struggles to see her own life clearly. As the clock ticks down, these three women sift through the choices that culminate in tragedy, exploring the rippling fissures that such destruction inevitably leaves in its wake. <br /><br />Blending breathtaking suspense with astonishing empathy, Notes on an Execution presents a chilling portrait of womanhood as it simultaneously unravels the familiar narrative of the American serial killer, interrogating our system of justice and our cultural obsession with crime stories, asking readers to consider the false promise of looking for meaning in the psyches of violent men.","2022"
"read","1","21161465","58724923","Hidden Pictures","Jason Rekulak","1250819342","4","4.10","Sun, 15 Jan 2023 00:00:00 +0000","Sun, 15 Jan 2023 10:05:18 -0800","","enjoyed","https://www.goodreads.com/book/show/58724923","https://www.goodreads.com/review/show/4744738081?utm_medium=api&utm_source=rss","A fun and thrilling read that while not perfect, was just what I needed. <br /><br />Also, even if you don’t like horror, the way this book is structured is worth a read. ","<b>From Jason Rekulak, Edgar-nominated author of <i>The Impossible Fortress</i>, comes a wildly inventive spin on the classic horror story in <i>Hidden Pictures</i>, a supernatural thriller about a woman working as a nanny for a young boy with strange and disturbing secrets.</b><br /><br />Fresh out of rehab, Mallory Quinn takes a job as a babysitter for Ted and Caroline Maxwell. She is to look after their five-year-old son, Teddy.<br /><br />Mallory immediately loves it. She has her own living space, goes out for nightly runs, and has the stability she craves. And she sincerely bonds with Teddy, a sweet, shy boy who is never without his sketchbook and pencil. His drawings are the usual fare: trees, rabbits, balloons. But one day, he draws something different: a man in a forest, dragging a woman’s lifeless body.<br /><br />Then, Teddy’s artwork becomes increasingly sinister, and his stick figures quickly evolve into lifelike sketches well beyond the ability of any five-year-old. Mallory begins to wonder if these are glimpses of a long-unsolved murder, perhaps relayed by a supernatural force.<br /><br />Knowing just how crazy it all sounds, Mallory nevertheless sets out to decipher the images and save Teddy before it’s too late.","2022"
"read","1","21161465","18584855","Heartless","Marissa Meyer","1250044650","3","4.09","Thu, 12 May 2022 00:00:00 +0000","Thu, 12 May 2022 14:41:06 -0700","","neutral","https://www.goodreads.com/book/show/18584855","https://www.goodreads.com/review/show/4715754151?utm_medium=api&utm_source=rss","I honestly don't know how to rate this book. <br /><br />I loved some things in it, while others mostly bored me, making the final result a mixed bag of emotions.<br /><br />I'll start with something I loved, and that was the writing style: so whimsical, magical, and easy to follow. It just worked for me. The food descriptions were superb and delicious, the narration wasn't too flowery or too dry, and the world felt so real. I'm sure that if I someday reread this book a tad slower, I'll find many hidden details about Hearts that I didn't caught the first time. <br /><br />Also, the romance: I will always say this when I see it, but happy, confident, and funny male characters are much better than moody and mysterious ones. Jest was a delight, and it really made me care about the love story, even if it was a bit of an insta-love situation full of rash and silly decisions.<br /><br />Now, what I didn't love: almost everything else. Nearly every character was onedimensional, making the interactions, not that fun, the plot twists were predictable from miles away, and the pacing was really off. It started slow, then it got good, then slow again, and the trend continued that way until the end, making for a frustrating experience. This story didn't need a 450-page book, that's for sure. <br /><br />Finally, and this is probably on me, but my expectations were so high for this book, and probably that's why it fell short. I expected a villainous story, and since I love a good villain, my hopes were through the roof. But this was 90% a romance, and 10% villain stuff, so I didn't get what I wanted from it. <br /><br />I know it worked for a lot of people in here, and I can understand why, but to me, it was half-baked.","<b>Long before she was the terror of Wonderland—the infamous Queen of Hearts—she was just a girl who wanted to fall in love.</b><br /><br />Catherine may be one of the most desired girls in Wonderland, and a favorite of the unmarried King of Hearts, but her interests lie elsewhere. A talented baker, all she wants is to open a shop with her best friend. But according to her mother, such a goal is unthinkable for the young woman who could be the next queen.<br /><br />Then Cath meets Jest, the handsome and mysterious court joker. For the first time, she feels the pull of true attraction. At the risk of offending the king and infuriating her parents, she and Jest enter into an intense, secret courtship. Cath is determined to define her own destiny and fall in love on her terms. But in a land thriving with magic, madness, and monsters, fate has other plans.<br /><br />In her first stand-alone teen novel, the <i>New York Times</i>-bestselling author dazzles us with a prequel to <i>Alice's Adventures in Wonderland.</i>","2016"
"read","1","21161465","36329818","Legendary (Caraval, #2)","Stephanie Garber","125009531X","3","4.08","Tue, 19 Apr 2022 00:00:00 +0000","Wed, 20 Apr 2022 16:24:02 -0700","","neutral","https://www.goodreads.com/book/show/36329818","https://www.goodreads.com/review/show/4670725348?utm_medium=api&utm_source=rss","If you've ever watched a TV show with multiple seasons or a sequel to a beloved movie, I'm sure you know the definition of a sophomore slump.<br /><br />'Legendary' suffered from this, especially during its first half, but even at the end, I couldn't shake the been-there-done-that feeling from the first book and the lack of real stakes throughout the whole thing. <br /><br />Now, was it enjoyable? Mostly yes. It's a 3.5 stars read. The first half had some pacing issues, where I felt I was rereading the first one, sans the novelty, but a bit before the 50% mark, it convinced me that it was a worthy sequel. <br /><br />The worldbuilding was interesting and it presented some fun background and lore to this world, which I appreciated. Even if it came at the expense of eliminating the feeling of wonder and approaching danger 'Caraval' does have. <br /><br />And that's where I found my biggest problem with 'Legendary.' In the first one, a motto commonly repeated was ""it's all just a game,"" but here, everything was ""real"" just because of the plot. There was no actual reason for it to be more than a game this time, but the fact that it was needed for the story to move along. <br /><br />Also, something I like about the first one, is that the reveals and the secrets were shocking since they just kept on coming from the get-go. 'Legendary' had none of that. Every single twist was obvious and the climax was tension-free. There was no buildup and no real resolution to anything that happened, lefting me wanting more. <br /><br />Now, even with its problems, I enjoyed this. It was a solid book with some fun developments and a pleasant story, but I can't help to compare it to the second book in the 'Hunger Games' where everything just needed to be bigger and deadlier because there needed to be a second book. And it just wasn't as good.<br /><br />Solid, but I hope that the third one ends the series on a higher note.","The “immersive and imaginative” (USA TODAY) games continue in the #1 NEW YORK TIMES bestseller LEGENDARY, the mesmerizing sequel to CARAVAL<br /><br />Donatella and Scarlett Dragna escaped their cruel father and made it out of Caraval alive, but the games aren’t over yet. What Scarlett doesn’t know is that, in order to gain their freedom, Tella made a deal with a mysterious stranger and now it’s time to pay.<br /><br />Except what Tella owes is something that no one has ever been able to deliver: the true name of Caraval Master Legend. Tella’s only chance at uncovering Legend’s true identity is to enter the dangerous game of Caraval once more, and win. But what will she have to sacrifice to do that?<br /><br />Continue the adventure in Finale and Spectacular―out now!<br /><br />Also by Stephanie Garber:<br /><br />The Once Upon a Broken Heart Series:<br />- Once Upon a Broken Heart<br />- The Ballad of Never After<br />- A Curse for True Love<br />- The Mirror of Infinite Endings <br /><br />Alchemy of Secrets","2018"
"read","1","21161465","60021196","Kingdom of the Feared (Kingdom of the Wicked, #3)","Kerri Maniscalco","0316341886","3","3.87","Tue, 15 Nov 2022 00:00:00 +0000","Tue, 15 Nov 2022 22:36:46 -0800","","neutral","https://www.goodreads.com/book/show/60021196","https://www.goodreads.com/review/show/4663347409?utm_medium=api&utm_source=rss","So silly and so fun. <br /><br />This is by no means a “good” book, but it is an entertaining one. Some things are resolved so easily and in the most simple way that it’s just too ridiculous to explain, but c’mon, apart from the first book (I’ll always defend it), this series was just a joke. Why is everyone acting like this book was really bad? What were you all waiting for? You already read the second one, which was way worse, so this one should look like a winner. <br /><br />Anyway, I liked it and I’ll remember this series with affection. ","Emilia is reeling from the shocking discovery that her twin sister, Vittoria, is alive. But before she faces the demons of her past, Emilia yearns to claim her king, the seductive Prince of Wrath, in the flesh. Emilia doesn’t simply desire his body, she wants his heart and soul—but that’s something the enigmatic demon can’t promise her.<br /><br />When a high-ranking member of House Greed is assassinated, Emilia and Wrath are drawn to the rival demon court. Damning evidence points to Vittoria as the murderer and she’s quickly declared an enemy of the Seven Circles. Despite her betrayal, Emilia will do anything to solve this new mystery and find out who her sister <i>really </i>is.<br /><br />Together Emilia and Wrath play a sin-fueled game of deception as they work to stop the unrest that’s brewing between witches, demons, shape-shifters and the most treacherous foes of all: the Feared.<br /><br />Emilia was warned that when it came to the Wicked <i>nothing</i> was as it seemed. But, have the true villains been much closer all along? When the truth is finally revealed, it just might end up costing Emilia her heart.<br /><br /><i>Two curses.<br />One prophecy.<br />A reckoning all have feared.<br /><br />And a love more powerful than fate. All hail the king and queen of Hell.</i><br /><br /><b>From the #1 <i>New York Times </i>bestselling author of the Stalking the Jack the Ripper series comes the steamy conclusion to Kingdom of the Wicked trilogy.</b>","2022"
"read","1","21161465","58690308","Book Lovers","Emily Henry","0593334833","3","4.06","Tue, 30 Aug 2022 00:00:00 +0000","Tue, 30 Aug 2022 22:22:01 -0700","","neutral","https://www.goodreads.com/book/show/58690308","https://www.goodreads.com/review/show/4607968657?utm_medium=api&utm_source=rss","More of a contemporary novel than a romance, I honestly didn’t cared much about what happened in here and that’s probably because the characters weren’t THAT great, tbh <br /><br />I’ll still read anything by Emily Henry, but this wasn’t her best.","<b>One summer. Two rivals. A plot twist they didn't see coming....</b><br /><br />Nora Stephens’ life is books—she’s read them all—and she is not that type of heroine. Not the plucky one, not the laidback dream girl, and especially not the sweetheart. In fact, the only people Nora is a heroine for are her clients, for whom she lands enormous deals as a cutthroat literary agent, and her beloved little sister Libby.<br /><br />Which is why she agrees to go to Sunshine Falls, North Carolina for the month of August when Libby begs her for a sisters’ trip away—with visions of a small-town transformation for Nora, who she’s convinced needs to become the heroine in her own story. But instead of picnics in meadows, or run-ins with a handsome country doctor or bulging-forearmed bartender, Nora keeps bumping into Charlie Lastra, a bookish brooding editor from back in the city. It would be a meet-cute if not for the fact that they’ve met many times and it’s never been cute.<br /><br />If Nora knows she’s not an ideal heroine, Charlie knows he’s nobody’s hero, but as they are thrown together again and again—in a series of coincidences no editor worth their salt would allow—what they discover might just unravel the carefully crafted stories they’ve written about themselves.","2022"
"read","1","21161465","59365195","Bloodmarked (The Legendborn Cycle, #2)","Tracy Deonn","1534441638","3","4.28","Tue, 4 Apr 2023 00:00:00 +0000","Tue, 04 Apr 2023 20:16:04 -0700","","neutral","https://www.goodreads.com/book/show/59365195","https://www.goodreads.com/review/show/4600811727?utm_medium=api&utm_source=rss","The world building is still really confusing, the plot is a mess and the book definitely doesn’t have to be that long, but it’s mostly entertaining even if I’m not sure where this is going, and the characters are actually great. <br /><br />I’ll keep it at 3 stars, but it’s a 3.5, really. Some of the twists were actually shocking, so shoutout to the author! ","<b>An instant #1 <i>New York Times</i> bestseller!<br />""Deonn expertly weaves together a universe that both shines a light on the pervasive nature of racism and also harnesses the complexity of Black identity within this space. Deonn writes so much more than simple fantasies or Arthurian retellings."" — <i>Booklist</i> (starred review)<br /><br />The ""worthy successor to an explosive debut"" (<i>Kirkus Reviews</i>) — the <i>New York Times</i> bestselling and award-winning <i>Legendborn</i> — perfect for fans of Cassandra Clare and Margaret Rogerson!</b><br /><br /><i>The shadows have risen, and the line is law.</i><br /><br />All Bree wanted was to uncover the truth behind her mother's death. So she infiltrated the Legendborn Order, a secret society descended from King Arthur's knights — only to discover her own ancestral power. Now, Bree has become someone new:<br /><br />A Medium. A Bloodcrafter. A Scion.<br /><br />But the ancient war between demons and the Order is rising to a deadly peak. And Nick, the Legendborn boy Bree fell in love with, has been kidnapped.<br /><br />Bree wants to fight, but the Regents who rule the Order won't let her. To them, she is an unknown girl with unheard-of power, and as the living anchor for the spell that preserves the Legendborn cycle, she must be protected.<br /><br />When the Regents reveal they will do <i>whatever</i> it takes to hide the war, Bree and her friends must go on the run to rescue Nick themselves. But enemies are everywhere, Bree's powers are unpredictable and dangerous, and she can't escape her growing attraction to Selwyn, the mage sworn to protect Nick until death.<br /><br />If Bree has any hope of saving herself and the people she loves, she must learn to control her powers from the ancestors who wielded them first — without losing herself in the process.","2022"
"read","1","21161465","58210340","Only a Monster (Monsters, #1)","Vanessa Len","","5","3.85","Thu, 9 Jun 2022 00:00:00 +0000","Sun, 19 Jun 2022 16:47:04 -0700","","enjoyed","https://www.goodreads.com/book/show/58210340","https://www.goodreads.com/review/show/4579807401?utm_medium=api&utm_source=rss","I finished this book a couple of weeks ago, and I'm still surprised by how much I liked it. <br /><br />It's fast-paced, it has an intriguing premise that delivers almost all the time, an interesting conflict, and even if it's not going to convert any YA hater into a lover or subvert any YA trope, it's more than enjoyable. <br /><br />Now that I think about it, I think what I liked the most about it, is that it is a very charming book. Imagine the first Harry Potter book where wonder and adventure were what made us love that world. Yes, it's not as expansive as some other fantasies, nor does it want to be, but it brings some new elements to the genre I've never read before. <br /><br />Is it perfect? No. The romance is underdeveloped and the least interesting part of the book, though it presents some changes to the usual formula, and some situations are solved a bit too easily, but nothing that would lower my rating. I don't have many complaints.<br /><br />I'm excited to see what Vanessa Len brings next and to see what happens in the next book. ","<b>With the sweeping romance of <i>Passenger</i> and the dark fantasy edge of <i>This Savage Song</i>, this standout YA contemporary fantasy debut from Vanessa Len, is the first in a planned trilogy.</b><br /><br />It should have been the perfect summer. Sent to stay with her late mother’s eccentric family in London, sixteen-year-old Joan is determined to enjoy herself. She loves her nerdy job at the historic Holland House, and when her super cute co-worker Nick asks her on a date, it feels like everything is falling into place.<br /><br />But she soon learns the truth. Her family aren’t just eccentric: they’re monsters, with terrifying, hidden powers. And Nick isn’t just a cute boy: he’s a legendary monster slayer, who will do anything to bring them down.<br /><br />As she battles Nick, Joan is forced to work with the beautiful and ruthless Aaron Oliver, heir to a monster family that hates her own. She’ll have to embrace her own monstrousness if she is to save herself, and her family. Because in this story . . .<br /><br />. . . she is not the hero.","2022"
"read","1","21161465","16131032","Abaddon’s Gate (The Expanse, #3)","James S.A. Corey","","4","4.26","Fri, 25 Nov 2022 00:00:00 +0000","Thu, 08 Dec 2022 21:12:50 -0800","","enjoyed","https://www.goodreads.com/book/show/16131032","https://www.goodreads.com/review/show/4572498667?utm_medium=api&utm_source=rss","It does have a slow start and it takes some time to get used to the new characters, but I still had an amazing time with this book, and I just wished more people looked beyond the ugly covers so they could discover the fabulous world and characters that The Expanse has.","Abaddon's Gate is the third book in the New York Times bestselling Expanse series. <br /><br />For generations, the solar system - Mars, the Moon, the Asteroid Belt - was humanity's great frontier. Until now. The alien artefact working through its program under the clouds of Venus has emerged to build a massive structure outside the orbit of Uranus: a gate that leads into a starless dark.<br /><br />Jim Holden and the crew of the Rocinante are part of a vast flotilla of scientific and military ships going out to examine the artefact. But behind the scenes, a complex plot is unfolding, with the destruction of Holden at its core. As the emissaries of the human race try to find whether the gate is an opportunity or a threat, the greatest danger is the one they brought with them.","2013"
"read","1","21161465","13276783","Caliban's War (The Expanse, #2)","James S.A. Corey","","4","4.38","Sat, 7 May 2022 00:00:00 +0000","Tue, 10 May 2022 14:22:38 -0700","","enjoyed","https://www.goodreads.com/book/show/13276783","https://www.goodreads.com/review/show/4572498621?utm_medium=api&utm_source=rss","I'm a little behind in posting this review, but I'll keep it short because it's the second book in a sci-fi series (that no one seems to read btw) that, while enjoyable, repeats the same beats from the first one. <br /><br />Of course, the problem has evolved, and the actions and consequences are different this time around, but the general feeling that comes from the ""adventure"" part of the story is just like in 'Leviathan Wakes.' I'm not criticizing, though. If something's not broken, don't fix it, and I think the formula in this series can hold well enough for a few more books without getting tiresome.<br /><br />But let's be realistic: the main reason why I love this series is the characters. I've rarely encountered a better set of characters in a book, let alone a book series. Every single one had something to do, and you're rooting for them to succeed.<br /><br />Yes, the villains are caricatures, and their plans are thought out poorly, but it's part of the charm. I feel like they come from the Looney Tunes ACME villains where they are just evil with no reason and not even they are sure of what to do, but it's fun. <br /><br />I don't have much to add. I liked it. I'll be reading the next one (especially after that cliffhanger), and I hope more people discover these books. I'm sure that if the same plot were used in a fantasy setting, this would have been a hit on Booktok and Bookstagram. ","Итак, мы не одиноки.<br />На Ганимеде, житнице внешних планет, марсианка-спецназовец становится свидетелем гибели своего взвода, истребленного чудовищным суперсолдатом. На Земле высокопоставленный политик изо всех сил пытается предотвратить межпланетную войну.<br />А на Венере обосновалась чуждая протомолекула, производя таинственные трансформации и угрожая распространиться по Солнечной системе.<br />В бескрайнем космосе Джеймс Холден и экипаж ""Росинанта"" заняты поддержанием мира от имени Альянса Внешних Планет. Они соглашаются помочь в поисках пропавшего на Ганимеде ребенка и внезапно обнаруживают, что будущее человечества зависит от того, сможет ли один корабль предотвратить межпланетное вторжение, которое, возможно, уже началось...<br />""Война Калибана"" - это твердая научная фантастика, полная головокружительных приключений. Один из лучших образцов жанра последнего времени наряду с ""Пробуждением Левиафана"".","2012"
"read","1","21161465","15729539","NOS4A2","Joe  Hill","0062200577","4","4.06","Tue, 27 Aug 2024 00:00:00 +0000","Tue, 27 Aug 2024 19:05:58 -0700","","enjoyed","https://www.goodreads.com/book/show/15729539","https://www.goodreads.com/review/show/4566244763?utm_medium=api&utm_source=rss","","Victoria McQueen has a secret gift for finding things: a misplaced bracelet, a missing photograph, answers to unanswerable questions. On her Raleigh Tuff Burner bike, she makes her way to a rickety covered bridge that, within moments, takes her wherever she needs to go, whether it’s across Massachusetts or across the country.<br /><br />Charles Talent Manx has a way with children. He likes to take them for rides in his 1938 Rolls-Royce Wraith with the NOS4A2 vanity plate. With his old car, he can slip right out of the everyday world, and onto the hidden roads that transport them to an astonishing – and terrifying – playground of amusements he calls “Christmasland.”<br /> <br />Then, one day, Vic goes looking for trouble—and finds Manx. That was a lifetime ago. Now Vic, the only kid to ever escape Manx’s unmitigated evil, is all grown up and desperate to forget. But Charlie Manx never stopped thinking about Victoria McQueen. He’s on the road again and he’s picked up a new passenger: Vic’s own son.","2013"
"read","1","21161465","56978100","The Girl Who Fell Beneath the Sea","Axie Oh","1250780861","3","4.07","Wed, 30 Nov 2022 00:00:00 +0000","Thu, 01 Dec 2022 07:46:29 -0800","","neutral","https://www.goodreads.com/book/show/56978100","https://www.goodreads.com/review/show/4532764090?utm_medium=api&utm_source=rss","A charming, cute, little book. <br /><br />I had a good time but it’s nothing earth-shattering either. A solid 3.5 star read because I did enjoyed the author’s writing style so I think her future books will be amazing!<br /><br />The cover is gorgeous tho","<b>Axie Oh's <i>The Girl Who Fell Beneath the Sea</i> is an enthralling retelling of a classic Korean folktale, perfect for fans of <i>Wintersong, Uprooted</i>, and Miyazaki’s <i>Spirited Away</i>.</b><br /><br />Deadly storms have ravaged Mina’s homeland for generations. Floods sweep away entire villages, while bloody wars are waged over the few remaining resources. Her people believe the Sea God, once their protector, now curses them with death and despair. In an attempt to appease him, each year a beautiful maiden is thrown into the sea to serve as the Sea God’s bride, in the hopes that one day the “true bride” will be chosen and end the suffering.<br /><br />Many believe that Shim Cheong, the most beautiful girl in the village—and the beloved of Mina’s older brother Joon—may be the legendary true bride. But on the night Cheong is to be sacrificed, Joon follows Cheong out to sea, even knowing that to interfere is a death sentence. To save her brother, Mina throws herself into the water in Cheong’s stead.<br /><br />Swept away to the Spirit Realm, a magical city of lesser gods and mythical beasts, Mina seeks out the Sea God, only to find him caught in an enchanted sleep. With the help of a mysterious young man named Shin—as well as a motley crew of demons, gods and spirits—Mina sets out to wake the Sea God and bring an end to the killer storms once and for all.<br /><br />But she doesn’t have much time: A human cannot live long in the land of the spirits. And there are those who would do anything to keep the Sea God from waking…","2022"
"read","1","21161465","60138097","Foul Lady Fortune (Foul Lady Fortune, #1)","Chloe Gong","1665905581","3","4.16","Fri, 3 Feb 2023 00:00:00 +0000","Fri, 03 Feb 2023 21:00:17 -0800","","neutral","https://www.goodreads.com/book/show/60138097","https://www.goodreads.com/review/show/4492818501?utm_medium=api&utm_source=rss","It does have some great twists during the second half, but a slow start and so-so main characters bring down the enjoyment of the book, overall. <br /><br />Of course I’m still going to read every single Chloe Gong book. ","It’s 1931 in Shanghai, and the stage is set for a new decade of intrigue.<br /> <br />Four years ago, Rosalind Lang was brought back from the brink of death, but the strange experiment that saved her also stopped her from sleeping and aging—and allows her to heal from any wound. In short, Rosalind cannot die. Now, desperate for redemption for her traitorous past, she uses her abilities as an assassin for her country.<br /> <br />Code name: Fortune.<br /> <br />But when the Japanese Imperial Army begins its invasion march, Rosalind’s mission pivots. A series of murders is causing unrest in Shanghai, and the Japanese are under suspicion. Rosalind’s new orders are to infiltrate foreign society and identify the culprits behind the terror plot before more of her people are killed.<br /> <br />To reduce suspicion, however, she must pose as the wife of another Nationalist spy, Orion Hong, and though Rosalind finds Orion’s cavalier attitude and playboy demeanor infuriating, she is willing to work with him for the greater good. But Orion has an agenda of his own, and Rosalind has secrets that she wants to keep buried. As they both attempt to unravel the conspiracy, the two spies soon find that there are deeper and more horrifying layers to this mystery than they ever imagined.<br /><br /><b>From the #1 <i>New York Times</i> bestselling author of <i>These Violent Delights </i>and <i>Our Violent Ends </i>comes the first book in a captivating new duology following an ill-matched pair of spies posing as a married couple to investigate a series of brutal murders in 1930s Shanghai.</b>","2022"
"read","1","21161465","55859273","Gods & Monsters (Serpent & Dove, #3)","Shelby Mahurin","0063094363","4","3.76","Tue, 26 Apr 2022 00:00:00 +0000","Tue, 26 Apr 2022 21:14:26 -0700","","enjoyed","https://www.goodreads.com/book/show/55859273","https://www.goodreads.com/review/show/4478207924?utm_medium=api&utm_source=rss","And just like that, I finished the 'Serpent and Dove' series.<br /><br />Now, it wasn't my favorite, but it had all the ingredients I needed to keep me entertained, even if it does suffer from an overlong situation, especially in this last book. <br /><br />And by writing that, I remembered how different my perception of this series is while comparing it to how others received it. While most people LOVED the first one, I just liked it, then while a lot of reviewers slammed the sequel, I enjoyed it greatly, but I think I found some common ground in this third one. Some people loved it, and some people just plainly liked it. I'm on the ""just liked it"" side.<br /><br />I'm still rating it with 4-stars because it gives everything a fantasy trilogy ending should have. The characters bring their A game (Beau being a personal fave), and some interesting developments happen, but I just wished that Shelby Mahurin gave the villains a sense of purpose. I mean, does anyone really remember what Morgane wanted? Does anyone care?<br /><br />She was just evil for the sake of being evil, and that's just boring. Josephine was a bit more interesting and Nicholina is probably the most nuanced villain of all, but with some lame fights at end, it just felt like a ""we need to hurry to the end"" situation.<br /><br />All in all, it was a good series. It wouldn't be the first one I recommend, but it was solid.","<strong>Evil always seeks a foothold. We must not give it one. The electrifying conclusion to the <em>New York Times</em> and Indiebound bestselling <em>Serpent &amp; Dove</em> series is perfect for fans of Sarah J. Maas and Kendare Blake.</strong><br /><br />Lou has spent her whole life running. Now, after a crushing blow from Morgane, the time has come to go home—and claim what is rightfully hers.<br /><br />But this is no longer the Lou her friends knew. No longer the Lou who captured a chasseur’s heart. A darkness has settled over her, and this time it will take more than love to drive it out.","2021"
"read","1","21161465","52880778","Red Rising (Red Rising, #1)","Pierce Brown","034553980X","4","4.21","Mon, 28 Jul 2025 00:00:00 +0000","Mon, 28 Jul 2025 22:14:02 -0700","","enjoyed","https://www.goodreads.com/book/show/52880778","https://www.goodreads.com/review/show/4468737270?utm_medium=api&utm_source=rss","","The Earth is dying.<br /><br />Darrow is a Red, a miner in the interior of Mars. His mission is to extract enough precious elements to one day tame the surface of the planet and allow humans to live on it.<br />The Reds are humanity's last hope.<br /><br />Or so it appears, until the day Darrow discovers it's all a lie.<br /><br />That Mars has been habitable - and inhabited - for generations, by a class of people calling themselves the Golds.<br /><br />A class of people who look down on Darrow and his fellows as slave labour, to be exploited and worked to death without a second thought. Until the day that Darrow, with the help of a mysterious group of rebels, disguises himself as a Gold and infiltrates their command school, intent on taking down his oppressors from the inside.<br /><br />But the command school is a battlefield - and Darrow isn't the only student with an agenda.<br /><br />Break the chains.<br /><br />Live for more.<br /><br /><i>This edition contains a preview of Golden Son, Book II of the Red Rising trilogy.</i>","2014"
"read","1","21161465","58658940","The Final Gambit (The Inheritance Games, #3)","Jennifer Lynn Barnes","","3","4.09","Mon, 12 Sep 2022 00:00:00 +0000","Mon, 12 Sep 2022 18:51:14 -0700","","neutral","https://www.goodreads.com/book/show/58658940","https://www.goodreads.com/review/show/4423709230?utm_medium=api&utm_source=rss","Oh, the disappointment… <br /><br />Did we really need a new Big Bad in the last book of a series? And even worse, in the last half? <br /><br />It’s awful when those things happen, yet here we are! <br /><br />I didn’t hate this one, but the previous books promised a BIG ending, and it was mostly a bummer: obvious and unfulfilling plot twists, a convoluted mystery, a boring villain and an anti-climactic final match. <br /><br />Also, I don’t know if this just happens in this particular book or it happened since the first one and I never noticed it, but the author is committed to using the full name of the characters not just when she introduces a character, but even randomly in the dialogue and in Avery’s narration. I’m not sure why, but it irked me. Once or twice was fine, but it happened constantly and it just became annoying and silly really quick. <br /><br />Oh well, at least the journey was mostly fun and the covers are to die for.","<b>Avery’s fortune, life, and loves are on the line in the game that everyone will be talking about.</b><br /><br />To inherit billions, all Avery Kylie Grambs has to do is survive a few more weeks living in Hawthorne House. The paparazzi are dogging her every step. Financial pressures are building. Danger is a fact of life. And the only thing getting Avery through it all is the Hawthorne brothers. Her life is intertwined with theirs. She knows their secrets and they know her.<br /> <br />But as the clock ticks down to the moment when Avery will become the richest teenager on the planet, trouble arrives in the form of a visitor who needs her help—and whose presence in Hawthorne House could change everything. It soon becomes clear that there is one last puzzle to solve, and Avery and the Hawthorne brothers are drawn into a dangerous game against an unknown and powerful player.","2022"
"read","1","21161465","52772417","Kingdom of the Cursed (Kingdom of the Wicked, #2)","Kerri Maniscalco","1529350506","3","4.07","Sat, 19 Feb 2022 00:00:00 +0000","Tue, 22 Feb 2022 10:58:26 -0800","","neutral","https://www.goodreads.com/book/show/52772417","https://www.goodreads.com/review/show/4423537228?utm_medium=api&utm_source=rss","Well... that was something.<br /><br />I don't think I ever had a guilty pleasure when it came to books before, but now I think I definitely have one, and this series is the one.<br /><br />'Kingdom of the Cursed' is something that I can't really explain. Is it good? Not really, there is not much sense of a plot in here, but mostly a compilation of random scenes with different characters and scenarios that seem to have the final purpose of solving the mystery (?) that the first book introduced in a mostly satisfactory fashion. However, this one doesn't seem to care much about that, and especially during its first half, is more interested in reminding us that our main girl Emilia is filled with lusty thoughts about our favorite evil entity Wrath. <br /><br />Now, I don't really mind steamy scenes in books. I know my genre and most of these YA/NA series are filled with these, but I was astonished by the creativeness that Kerri Maniscalco needed to have to be able to transform EVERY single thought Emilia could have, in a monologue of why she couldn't possibly ever love Wrath, but at the same time remind us how horny she was for him. And that's the main adjective for this book: it is horny. It's not even the most NSFW book out there, but I've never encountered so many horny characters in a single book and it was an experience just because of that.<br /><br />And it was the reason why I wasn't feeling the book during the first 70 pages or so. In the previous one, Maniscalco was running towards a mystery endgame, where there was a puzzle mostly grounded on a whodunit scenario. On this one, every notion of that was thrown out of the window and instead it became more of a romance with a semblance of a plot sprinkled on top, but c'mon... Kerri just wanted to get to the next sex scene. And one as a reader did too, because the mystery doesn't seem important anymore.<br /><br />And that's probably because not even the characters care that much about the murders that were so important in the last book. Yeah, sometimes they were mentioned and Emilia got mad because of the lack of any progression regarding to them, but nothing that a ""wicked grin"" from Wrath couldn't help with. <br /><br />Also, am I the only one that noticed how we didn't get a SINGLE answer in more than 400 pages? Yes, we do get a big reveal at the end, but other than that, every question Emilia, and therefore we as readers could have, fall into this vague sort of answer where only the hooded-and-mysterious-character knows what it means, because we still have a book left, so we need to remain in the dark.<br /><br />Oh well... now that I think about it, it may seem like I didn't liked it, but that's not true. I had a good time with it. I like the characters and I sort of appreciate how silly and unnecessarily contrived the story really is, so I'll be reading the next one but oh my... how covers are deceiving.","After selling her soul to become Queen of the Wicked, Emilia travels to the Seven Circles with the enigmatic Prince of Wrath, where she’s introduced to a seductive world of vice.<br /><br />She vows to do whatever it takes to avenge her beloved sister, Vittoria... even if that means accepting the hand of the Prince of Pride, the king of demons.<br /><br />The first rule in the court of the Wicked? Trust no one. With back-stabbing princes, luxurious palaces, mysterious party invitations, and conflicting clues about who really killed her twin, Emilia finds herself more alone than ever before. Can she even trust Wrath, her one-time ally in the mortal world... or is he keeping dangerous secrets about his true nature? <br /><br />Emilia will be tested in every way as she seeks a series of magical objects that will unlock the clues of her past and the answers she craves...<br /><br /><i>One sister. <br />Two sinful princes.<br />Infinite deception with a side of revenge… Welcome to Hell.</i><br /><br /><b>From #1 <i>New York Times</i> bestselling author of <i>Stalking Jack the Ripper</i> Kerri Maniscalco comes the sizzling, sweepingly romantic sequel to <i>Kingdom of the Wicked</i>!</b>","2021"
"read","1","21161465","29430012","A Gentleman in Moscow","Amor Towles","","4","4.32","Sat, 8 Jan 2022 00:00:00 +0000","Tue, 01 Mar 2022 20:10:57 -0800","","enjoyed","https://www.goodreads.com/book/show/29430012","https://www.goodreads.com/review/show/4422149694?utm_medium=api&utm_source=rss","Well, this was way out of my confort zone, and that was good.<br /><br />Admittedly, even though now I'm more of a fantasy reader, I used to be a contemporary/thriller/historical fiction kind of guy, but even THEN, this book would have never caught my attention just by reading the synopsis. It was actually recommended to me so that's why I decided to read it, and it was an experience.<br /><br />It doesn't really have a *plot* in the common way and it's more of a mix of several subplots that follow our main character during his house arrest in a luxurious hotel, so that way you get to know a handful of characters that populate the hotel and their connection with the Count. Since the book spans decades, all these subplots are presented in an on and off kind of way which helps to keep it interesting and dynamic, even though, like I said, there's no main plot line. <br /><br />I think actually, that the most interesting thing about the book it's how it is written. Amor Towles writes in a fun, kind of philosophical but approachable way that doesn't make the book feel tiring or heavy. In fact, I was surprised by how addicting it is considering that it's more of a character driven slow book. Which may also be its downfall for some.<br /><br />The book IS slow. There's no action or suspense, and I think that this might turn someone off at first, and then when you really got the hang of it, on the last 50 pages it becomes kind of an espionage thing that wasn't really my cup of tea but I accepted it and moved on. <br /><br />In summary, I liked it. Will it become a personal fave? I don't think so, but would I recommend it? Not to everyone, I think it appeals to more of a niche audience, but to the right person, I think I would.","<b>He can't leave. You won't want to.</b><br /><br />With his breakout novel <i>Rules of Civility</i>, Amor Towles established himself as a master of absorbing, sophisticated fiction, bringing late-1930s Manhattan to life with splendid atmosphere and a flawless command of style. <i>A Gentleman in Moscow</i> immerses us in another elegantly drawn era with the story of Count Alexander Rostov. <br /><br />When, in 1922, the thirty-year-old Count is deemed an unrepentant aristocrat by a Bolshevik tribunal, he is sentenced to house arrest in the Metropol, a grand hotel across the street from the Kremlin. An indomitable man of erudition and wit, Rostov must now live in an attic room while some of the most tumultuous decades in Russian history are unfolding outside the hotel’s doors. <br /><br />Unexpectedly, the Count's reduced circumstances provide him entry to a much larger world of emotional discovery as he forges friendships with the hotel's other denizens, including a willful actress, a shrewd Kremlinite, a gregarious American, and a temperamental chef. But when fate suddenly puts the life of a young girl in his hands, he must draw on all his ingenuity to protect the future she so deserves.<br /><br />Brimming with humor, a glittering cast of characters, and one beautifully rendered scene after another, this singular novel casts a spell as it relates the Count’s endeavor to gain a deeper understanding of what it means to be a man of purpose.","2016"
"read","1","21161465","56269064","Rock Paper Scissors","Alice Feeney","1250266106","3","3.84","Mon, 17 Feb 2025 00:00:00 +0000","Mon, 17 Feb 2025 22:02:25 -0800","","neutral","https://www.goodreads.com/book/show/56269064","https://www.goodreads.com/review/show/4355884132?utm_medium=api&utm_source=rss","","<i>Think you know the person you married? Think again…</i><br /><br />Things have been wrong with Mr and Mrs Wright for a long time. When Adam and Amelia win a weekend away to Scotland, it might be just what their marriage needs. Self-confessed workaholic and screenwriter Adam Wright has lived with face blindness his whole life. He can’t recognize friends or family, or even his own wife. <br /><br />Every anniversary the couple exchange traditional gifts – paper, cotton, pottery, tin – and each year Adam’s wife writes him a letter that she never lets him read. Until now. They both know this weekend will make or break their marriage, but they didn’t randomly win this trip. One of them is lying, and someone doesn’t want them to live happily ever after.<br /><br /><i>Ten years of marriage. Ten years of secrets. And an anniversary they will never forget.</i><br /><br /><b><i>Rock Paper Scissors</i> is the latest exciting domestic thriller from the queen of the killer twist, <i>New York Times</i> bestselling author Alice Feeney.</b>","2021"
"read","1","21161465","58784159","Namesake (The World of the Narrows, #2)","Adrienne Young","1250254396","3","4.02","Tue, 11 Jan 2022 00:00:00 +0000","Tue, 11 Jan 2022 23:20:25 -0800","","neutral","https://www.goodreads.com/book/show/58784159","https://www.goodreads.com/review/show/4343832347?utm_medium=api&utm_source=rss","Ok, this is one of those times when the Goodreads rating system really puts me in an uncomfortable position. <br /><br />And that’s because I feel guilty about rating ‘Namesake’ with 3 stars when it’s actually a 3.5, but I just can’t tick it up to 4. It’s not a 4 star read. <br /><br />For the most part, this book is a more than decent sequel to ‘Fable’, which even if it wasn’t like my favorite book or anything, it was a slightly above average YA adventure with some interesting ideas but not an amazing execution. It lacked stakes, real consequences to the characters actions, it didn’t really fleshed out most of these characters and it had some confusing writing. <br /><br />Well, ‘Namesake’ doesn’t really care about fixing none of these issues, except for the last one. Now that you’re in this world, everything makes sense to the reader so now you don’t get to feel lost like in the first one. That was nice, but I can’t understand how a pirate story can be so predictable and easy to figure out. <br /><br />C’mon, I wanted to feel the danger in which Fable was supposedly in during the whole book, but that tension was nowhere to be found. And that only made the whole book fall apart, since because of this, now West felt like an insufferable kid who is being mean to everyone, and Fable like a naive girl who fell into every possible trap the villains laid for her. And the justification for everything was that they were desperate because of the situation they were in, but the situation felt so simple that it never clicked with me why the characters were so nervous in the first place. <br /><br />I mean, Holland’s built up during these books was so strong, and her actions were described as so ruthless and dangerous, that when we get to the big finale and her “defeat” happens, everything is just SO EASY that it doesn’t even makes sense. Wasn’t she really dangerous? Wasn’t Holland someone no one wanted to cross paths with? And then all of sudden, in just one minute her entire fleet is gone and she’s just okay with it and even “smiles” in her very last scene? <br /><br />I don’t know, the happy ending felt unearned for Fable, West and the rest of them, and I don’t like that feeling, because it was mostly a pleasant read. I had a fun time, the romance was cute and the characters had a lot of potential (especially Saint) but everything just stayed so superficial that nothing feels like it was fully explored, and that’s a shame. <br /><br />All in all, this book (and I think the duology in general) is a 3.5 stars. ","<b>Welcome to a world made dangerous by the sea and by those who wish to profit from it. Where a young girl must find her place and her family while trying to survive in a world built for men.</b><br /><br />With the <i>Marigold</i> ship free of her father, Fable and the rest of the crew were set to start over. That freedom is short-lived when Fable becomes a pawn in a notorious thug’s scheme. In order to get to her intended destination, she must help him to secure a partnership with Holland, a powerful gem trader who is more than she seems.<br /><br />As Fable descends deeper into a world of betrayal and deception, she learns that the secrets her mother took to her grave are now putting the people Fable cares about in danger. If Fable is going to save them, then she must risk everything—including the boy she loves and the home she has finally found.","2021"
"read","1","21161465","56980367","Our Violent Ends (These Violent Delights, #2)","Chloe Gong","1534457720","5","4.33","Thu, 9 Dec 2021 00:00:00 +0000","Sat, 11 Dec 2021 16:03:22 -0800","","enjoyed","https://www.goodreads.com/book/show/56980367","https://www.goodreads.com/review/show/4343832308?utm_medium=api&utm_source=rss","If I was a bit skeptical about the second book in this duology after the cliffhanger from ‘These Violent Delights’, Chloe Gong proved me WRONG. <br /><br />‘Our Violent Ends’ is not just a great sequel, it’s an even-better-than-the-original sequel in every single way. There is angst aplenty, a heart wrenching romance, an amazing cast of characters (Benedikt being my biggest highlight, besides Juliette, of course) and twists from start to finish. <br /><br />Maybe the historical background that surrounds the plot isn’t as exciting as other conflicts that have happened in history, but the way it connects to the story is amazing and totally deserved. <br /><br />And even if I was hoping for a different type of ending, I must applaud the guts that the author had to go all the way through with what happened at the end, especially because you can just feel how much she cared and gave thought to these books, so I’m sure she sometimes regretted what had to be the ultimate ending. <br /><br />Overall, an amazing duology that I can’t help but recommend. Yes, the first book takes its time to fully start, but once you move past that and discover the great characters and the enormous complexity that really entails behind the situation that Juliette and Roma are living, you won’t regret it. <br /><br />Something I did wonder about these books is how are they considered YA? It’s far too adult and too complex for this demographic, I think. Yes, the characters are 19 and 18, but that’s where the “teen” part ends.","The year is 1927, and Shanghai teeters on the edge of revolution.<br /> <br />After sacrificing her relationship with Roma to protect him from the blood feud, Juliette has been a girl on a mission. One wrong move, and her cousin will step in to usurp her place as the Scarlet Gang’s heir. The only way to save the boy she loves from the wrath of the Scarlets is to have him want her dead for murdering his best friend in cold blood. If Juliette were actually guilty of the crime Roma believes she committed, his rejection might sting less.<br /> <br />Roma is still reeling from Marshall’s death, and his cousin Benedikt will barely speak to him. Roma knows it’s his fault for letting the ruthless Juliette back into his life, and he’s determined to set things right—even if that means killing the girl he hates and loves with equal measure.<br /> <br />Then a new monstrous danger emerges in the city, and though secrets keep them apart, Juliette must secure Roma’s cooperation if they are to end this threat once and for all. Shanghai is already at a boiling point: The Nationalists are marching in, whispers of civil war brew louder every day, and gangster rule faces complete annihilation. Roma and Juliette must put aside their differences to combat monsters and politics, but they aren’t prepared for the biggest threat of all: protecting their hearts from each other.<br /><br /><b>Shanghai is under siege in this captivating and searingly romantic sequel to <i>These Violent Delights</i>, which <i>New York Times </i>bestselling author Natasha Ngan calls “deliciously dark.”</b>","2021"
"read","1","21161465","59709309","The Dragon's Promise (Six Crimson Cranes, #2)","Elizabeth Lim","0593300955","5","3.72","Wed, 21 Sep 2022 00:00:00 +0000","Wed, 21 Sep 2022 22:08:36 -0700","","enjoyed","https://www.goodreads.com/book/show/59709309","https://www.goodreads.com/review/show/4338036580?utm_medium=api&utm_source=rss","I love this duology so so much! <br /><br />Yes, it may be a bit too long, but the adventure, the characters and the plot are all amazing! ","Princess Shiori made a deathbed promise to return the dragon's pearl to its rightful owner, but keeping that promise is more dangerous than she ever imagined.<br /><br />She must journey to the kingdom of dragons, navigate political intrigue among humans and dragons alike, fend off thieves who covet the pearl for themselves and will go to any lengths to get it, all while cultivating the appearance of a perfect princess to dissuade those who would see her burned at the stake for the magic that runs in her blood.<br /><br />The pearl itself is no ordinary cargo; it thrums with malevolent power, jumping to Shiori's aid one minute, and betraying her the next—threatening to shatter her family and sever the thread of fate that binds her to her true love. It will take every ounce of strength Shiori can muster to defend the life and the love she's fought so hard to win.","2022"
"read","1","21161465","56905097","As Good As Dead (A Good Girl's Guide to Murder, #3)","Holly  Jackson","0593379853","4","4.19","Thu, 8 Sep 2022 00:00:00 +0000","Thu, 08 Sep 2022 21:18:02 -0700","","enjoyed","https://www.goodreads.com/book/show/56905097","https://www.goodreads.com/review/show/4294979690?utm_medium=api&utm_source=rss","I HATED the ending, these characters deserved so much more, but besides that last 5%, this trilogy is amazing from start to end. ","<b>The finale to A Good Girl's Guide to Murder series. By the end of this mystery series, you'll never think of good girls the same way again...</b><br /><br />Pip is about to head to college, but she is still haunted by the way her last investigation ended. She’s used to online death threats in the wake of her viral true-crime podcast, but she can’t help noticing an anonymous person who keeps asking her: Who will look for you when you’re the one who disappears?<br /><br />Soon the threats escalate and Pip realizes that someone is following her in real life. When she starts to find connections between her stalker and a local serial killer caught six years ago, she wonders if maybe the wrong man is behind bars.<br /><br />Police refuse to act, so Pip has only one choice: find the suspect herself—or be the next victim. As the deadly game plays out, Pip discovers that everything in her small town is coming full circle... and if she doesn’t find the answers, this time she will be the one who disappears...","2021"
"read","1","21161465","57789637","Daughter of the Moon Goddess (The Celestial Kingdom, #1)","Sue Lynn Tan","0063031302","2","4.04","Wed, 15 Jun 2022 00:00:00 +0000","Tue, 21 Jun 2022 16:56:40 -0700","","notEnjoyed","https://www.goodreads.com/book/show/57789637","https://www.goodreads.com/review/show/4294864726?utm_medium=api&utm_source=rss","Oh, how I hate to be disappointed, and yet here I am. <br /><br />On paper, 'Daughter of the Moon Goddess' had everything I love in a book, and, before reading it, I could have sworn that it was going to be a 5-star one. But it just wasn't. <br /><br />I don't know. Since the first chapter, something was off, and throughout the book, though there were some nice, interesting parts, I simply didn't like it much. <br /><br />Thinking back on it, it probably was that I don't care at all about the main character, and why? Because she is perfect. She's the greatest warrior, the cleverest strategist, the one everybody loves, and that can get away from anything just by herself. Xyngyin is the definition of a Mary Sue, and that wasn't fun for me. Even though she goes through many trials, battles, and setbacks, the stakes are always low, and the tension is non-existent. <br /><br />Also, the romance is the most boring thing I've encountered in YA, even if it does bring a nice twist in the last third. Liwei is simply lame, and Wenzhi though a bit more interesting, didn't shine up to me that much either.<br /><br />As if it wasn't clear enough, this book wasn't for me, really. However, am I going to read the second one? Ugh, probably, I'm a completionist, and since it's just a duology, it's not that big of a commitment, either. We'll see.","A romantic debut epic fantasy inspired by the legend of the Chinese moon goddess, Chang’e, in which a young woman’s quest to free her mother pits her against the most powerful immortal in the realm.<br /><br />Growing up on the moon, Xingyin is accustomed to solitude, unaware that she is being hidden from the feared Celestial Emperor who exiled her mother for stealing his elixir of immortality. But when Xingyin’s magic flares and her existence is discovered, she is forced to flee her home, leaving her mother behind.<br /><br />Alone, powerless, and afraid, she makes her way to the Celestial Kingdom, a land of wonder and secrets. Disguising her identity, she seizes an opportunity to learn alongside the emperor’s son, mastering archery and magic, even as passion flames between her and the prince.<br /><br />To save her mother, Xingyin embarks on a perilous quest, confronting legendary creatures and vicious enemies. But when treachery looms and forbidden magic threatens the kingdom, she must challenge the ruthless Celestial Emperor for her dream—striking a dangerous bargain in which she is torn between losing all she loves or plunging the realm into chaos.","2022"
"read","1","21161465","40132775","House of Sky and Breath (Crescent City, #2)","Sarah J. Maas","1408884429","5","4.39","Mon, 21 Mar 2022 00:00:00 +0000","Thu, 31 Mar 2022 19:45:17 -0700","","enjoyed","https://www.goodreads.com/book/show/40132775","https://www.goodreads.com/review/show/4291361681?utm_medium=api&utm_source=rss","Okay, I needed a whole day to calm down, so I could review this one. <br /><br />FYI: there will be ONE big spoiler in this review, because the book demands it, but besides that one, everything else will be (I think) spoiler-free.<br /><br />Now, where do I begin? First things first: Sarah J. Maas is one of my favorite authors even with all of her faults, and 'House of Sky and Breath' cemented 'Crescent City' as my second favorite series of her, and if the next one is as good as the first two, it may even surpass 'Throne of Glass'. For me, it was THAT good. <br /><br />And it's not even because it has the most interesting story I've ever read, but it has some amazing characters, an intriguing and gigantic world, and it all just feel really epic, in a way that ACOTAR could only wish for and TOG just reached on its last book. <br /><br />I've read some opinions that it's not as good as the first one, but I think I mostly disagree. You see, the first one has a really rough start. I know why it was that way, and probably if I reread now it wouldn't be as hard to keep track of everything, but for a newbie it's just a lot. And I think that's why I felt this sequel so much better. Once we got rid of the necessary world building, the characters, and the world could just be. Don't get me wrong, there are still a lot of things to get to know and keep track of, but I think that for the most part it all just flows so much better this time, even if sometimes you have to suspend your disbelief a bit too much.<br /><br />And I know, this is a high fantasy novel, of course you have to suspend your disbelief, but even while in-world, it's laughable how many secrets SJM wants us to believe that Danika had. That girl had a busy month before she died, and I get it, it's probably the only way Bryce would get involved in the whole drama the way that she does, but it feels a bit lazy. I really hope that in future installments, SJM doesn't use this plot device as much as it was here.<br /><br />Now, let's get into THE ENDING. OMG, I yelled. And that's something that almost never happens. I actually can't remember the last time I was shocked by a book.<br /><br />Here comes the BIGGEST shock in the book (and probably in any SJM book): Bryce gets to Prythian through a portal. And she's not just there, she meets Rhysand, Feyre and all the gang from the ACOTAR series. If that's not something meant to shock, then I don't know what it is. The twist, the buildup, the tension, and the confusion deserves an A+. Especially because I never thought that would happen.<br /><br />When I watched the video that Sarah made to celebrate its publication, and she said something about the ending, I imagined a lot of things: maybe Hunt or Ruhn were going to die, probably Bryce was going to kill one of them by accident (I even thought that a Tamlin situation was going to happen in here), it even occurred to me that maybe Bryce would die, but nothing prepared me for that. <br /><br />Yes, Rhysand and Feyre made a cameo at the end of 'Kingdom of Ash', but that was it… just a cameo. In here, they actually meet Bryce, and they will coexist in the next book, so don't lie by telling me that is not exciting. And even if I'm not the biggest fan of the ACOTAR series, I'm dying to know what happens next (and it forces me to catch up quickly).<br /><br />I've read a lot of theories about this twist: if this crossover will be just like a one-and-done, or if there are going to be repercussions on both series like in the MCU with the Avengers, and even if Erilea (the world from TOG) could make an appearance. Now that would be amazing. To be totally honest, I would love that. <br /><br />Some people don't like the real-life repercussion it may bring to her books, like the impossibility of keeping the series apart, the fact that you'll need to read every single book to get the whole picture, or the possibility that it all becomes a cash-grab. There is a certain truth in those fears, but let's be honest… once you like an author, you'll always buy their books, so why get upset about it? Just imagine the possibilities… <br /><br />I trust wholeheartedly in this twist. Sarah J. Maas has been working on this universe for years, and I'm sure she knows what she is doing, even if all just stays as cameos, or it grows into something bigger, I'm sure it'll be a blast. <br /><br />Coming back to just the book, I don't really want to say much because I wouldn't like if someone else came to me and told me what happened, but it's just excellent. I read almost the second half in just a day and a half, so that's something.","Bryce Quinlan and Hunt Athalar are trying to get back to normal―they may have saved Crescent City, but with so much upheaval in their lives lately, they mostly want a chance to relax. Slow down. Figure out what the future holds.<br /><br />The Asteri have kept their word so far, leaving Bryce and Hunt alone. But with the rebels chipping away at the Asteri’s power, the threat the rulers pose is growing. As Bryce, Hunt, and their friends get pulled into the rebels’ plans, the choice becomes clear: stay silent while others are oppressed, or fight for what’s right. And they’ve never been very good at staying silent.<br /><br />In this sexy, action-packed sequel to the #1 bestseller House of Earth and Blood, Sarah J. Maas weaves a captivating story of a world about to explode―and the people who will do anything to save it.","2022"
"read","1","21161465","53968496","The Prison Healer (The Prison Healer, #1)","Lynette Noni","0358434556","4","4.14","Sun, 21 Aug 2022 00:00:00 +0000","Sun, 21 Aug 2022 18:57:05 -0700","","enjoyed","https://www.goodreads.com/book/show/53968496","https://www.goodreads.com/review/show/4285019048?utm_medium=api&utm_source=rss","More slow-paced than I usually like, but I was entertained the whole time, even if I guessed some of the twists!","Seventeen-year-old Kiva Meridan has spent the last ten years fighting for survival in the notorious death prison, Zalindov, working as the prison healer.<br /> <br />When the Rebel Queen is captured, Kiva is charged with keeping the terminally ill woman alive long enough for her to undergo the Trial by Ordeal: a series of elemental challenges against the torments of air, fire, water, and earth, assigned to only the most dangerous of criminals.<br /> <br />Then a coded message from Kiva’s family arrives, containing a single order: <i>“Don’t let her die. We are coming.”</i> Aware that the Trials will kill the sickly queen, Kiva risks her own life to volunteer in her place. If she succeeds, both she and the queen will be granted their freedom.<br /> <br />But no one has ever survived.<br /> <br />With an incurable plague sweeping Zalindov, a mysterious new inmate fighting for Kiva’s heart, and a prison rebellion brewing, Kiva can’t escape the terrible feeling that her trials have only just begun.<br /> <br /><b>From bestselling author Lynette Noni comes a dark, thrilling YA fantasy perfect for fans of Sarah J. Maas, and Sabaa Tahir.</b>","2021"
"read","1","21161465","41015038","My Best Friend's Exorcism","Grady Hendrix","","5","3.93","Thu, 26 May 2022 00:00:00 +0000","Fri, 27 May 2022 14:29:28 -0700","","enjoyed","https://www.goodreads.com/book/show/41015038","https://www.goodreads.com/review/show/4277130721?utm_medium=api&utm_source=rss","A solid 4.5-star horror read that never goes full horror but does bring a creepy atmosphere and chilling situations where you feel uncomfortable while reading. <br /><br />Also, it is addicting and portrays friendship in an 80's kind of way that works phenomenally. I read in different reviews that it feels a bit derivative of It or even Stranger Things, but I digress. It may have some inspiration or a few similar beats to one of those, but it doesn't feel like a rip-off in any way.<br /><br />The characters are typically 80's, and the exorcism passages are obviously reminiscent of the magnum opus of exorcisms: 'The Exorcist' while adding at the end a bit of a unique tongue-in-cheek touch, but the difference to that one is that 'My Best Friend's Exorcism' has a lot of heart. At its core is the story of two girls and their everlasting friendship, and I think the author did a great job with that.<br /><br />The story goes from less to more in a slow-burn way that, in the end, connects everything perfectly making it a very pleasant read experience.<br /><br />It's my third book from Grady Hendrix, and I'm officially a fan. There may have been a difference when it comes to 'The Final Girl Support Group', but I definitely think he's one of the new voices in horror that should be bigger than it already is. ","Abby and Gretchen have been best friends since fifth grade, when they bonded over a shared love of E.T., roller-skating parties, and scratch-and-sniff stickers. But when they arrive at high school, things change. Gretchen begins to act….different. And as the strange coincidences and bizarre behavior start to pile up, Abby realizes there’s only one possible explanation: Gretchen, her favorite person in the world, has a demon living inside her. And Abby is not about to let anyone or anything come between her and her best friend. With help from some unlikely allies, Abby embarks on a quest to save Gretchen. But is their friendship powerful enough to beat the devil?","2016"
"read","1","21161465","50659472","A Court of Wings and Ruin (A Court of Thorns and Roses, #3)","Sarah J. Maas","1635575605","5","4.45","Wed, 13 Apr 2022 00:00:00 +0000","Wed, 13 Apr 2022 22:05:39 -0700","","enjoyed","https://www.goodreads.com/book/show/50659472","https://www.goodreads.com/review/show/4269764625?utm_medium=api&utm_source=rss","Now THAT was a wild ride.<br /><br />As I've previously said, ACOTAR as a series is my least favorite one in Sarah J. Mass's catalog. And I think it still is since it took me 3 whole books to make me fall in love with the world and its characters.<br /><br />But man, I'm now in love with it. <br /><br />It is an old book, so I won't dig deep in it since everyone read it before me, but I just loved the epicness that transpired through the page from the very start. Feyre? Amazing! Rhys? The best male character from any SJM book. Nesta? Badass. The whole gang? Incredible. <br /><br />It definitely is more of a character-driven book, even when it has a lot of plot to cover, but you know what needs to happen and mostly how it's going to happen, so the surprises are not the biggest draw here, but the characters are. And that's why scenes like the High Fae reunion feel iconic because they can take the spotlight and shine. <br /><br />But, because of this, many of the things from the plot that I cared about, were not my favorite, and you can feel the deus ex machina and the ""you know he/she won't die"" sensation a few too many times, making it all feel safe for everyone involved. And that happened as well in the 'Throne of Glass' final book: not a single MC died in the supposedly ""biggest war ever faced"", lowering the stakes and the danger of what is happening. <br /><br />It's not that I want every single character to suffer and die, but claiming that hundreds of fighters died, but not a single one of *our* characters did, takes me out of the story because it's just not believable in the context of the book. <br /><br />I know that this is not the end of the series and something shocking regarding what I just said may come up later, but let's be realistic... originally, this book was going to be the end and we are now in the cash grab part of ACOTAR. Not a criticism, just a fact. And I'm ready for it. ","<b>The epic third novel in the #1 bestselling Court of Thorns and Roses series by global phenomenon Sarah J. Maas.</b><br /><br />Feyre has returned to the Spring Court, determined to gather information on Tamlin's actions and learn what she can about the invading king threatening to bring her land to its knees. But to do so she must play a deadly game of deceit. One slip could bring doom not only for Feyre, but for everything-and everyone-she holds dear.<br /><br />As war bears down upon them all, Feyre endeavors to take her place amongst the High Fae of the land, balancing her struggle to master her powers-both magical and political-and her love for her court and family. Amidst these struggles, Feyre and Rhysand must decide whom to trust amongst the cunning and lethal High Lords, and hunt for allies in unexpected places.<br /><br />In this thrilling third book in the #1 bestselling series from Sarah J. Maas, the fate of Feyre's world is at stake as armies grapple for power over the one thing that could destroy it.","2017"
"read","1","21161465","50622693","The Hand on the Wall (Truly Devious, #3)","Maureen Johnson","0062338129","4","4.16","Wed, 1 Dec 2021 00:00:00 +0000","Fri, 10 Dec 2021 15:56:40 -0800","","enjoyed","https://www.goodreads.com/book/show/50622693","https://www.goodreads.com/review/show/4246590520?utm_medium=api&utm_source=rss","And then this mystery comes to an end. <br /><br />I’m a little sad about finishing this series, but I think that a trilogy regarding the same mystery was more than enough. <br /><br />Like I said in my review of ‘The Vanishing Stair’, the Truly Devious series could have worked so much better as a duology than it was as a trilogy, mostly because the mystery, while interesting, was not as expanding or deep as a trilogy is supposed to be. <br /><br />Now, talking about this book in particular, I think it was, for the most part, a satisfying ending to the whole series. The whodunnit was resolved kind of anti climatically but the journey to get there was worth it. Stevie as always was an amazing MC, and the whole set of SC was charming and had some funny interactions. I admit I warmed up a bit to David in this book, but I can’t help to think that his relationship with Stevie is not healthy since it was based on secrets from the beginning and they continue to be mean and rude to each other until they just kind of forgave each other for the sake of plot in the last 70 pages. Not my favorite YA romance at all. <br /><br />Now, the chapters in the past, just like in previous books, were so much more interesting than the ones in the present, and it’s a shame that the whole mystery wasn’t bigger so that we could explore more about those characters and their lives. That’s a bummer. <br /><br />Another bummer? I have to say that it was such a wasted opportunity that Maureen Johnson really decided to let the Truly Devious part of the plot become a prank. It felt a bit like a deus ex machina situation, since it was supposed to be this huge thing, and by the end it was literally just a joke. Was that really the original plan for the series? <br />And also, the fact that whole chapters were dedicated to this couple of characters that had absolutely no follow up after their appearance on the second book and a cameo on the third one, or any sort of involvement in the mystery was, to me, the worst part of this series and a huge disappointment. <br /><br />Taking in consideration the whole trilogy, it’s a solid 4 star series, so not bad.. but I’m just a bit disappointed because the first book was amazing and the rest of them subpar.","New York Times bestselling author Maureen Johnson delivers the witty and pulse-pounding conclusion to the Truly Devious series as Stevie Bell solves the mystery that has haunted Ellingham Academy for over 75 years. Now available in paperback. Ellingham Academy must be cursed. Three people are now dead. One, a victim of either a prank gone wrong or a murder. Another, dead by misadventure. And now, an accident in Burlington has claimed another life. All three in the wrong place at the wrong time. All at the exact moment of Stevie’s greatest triumph . . . She knows who Truly Devious is. She’s solved it. The greatest case of the century. At least, she thinks she has. With this latest tragedy, it’s hard to concentrate on the past. Not only has someone died in town, but David disappeared of his own free will and is up to something. Stevie is sure that somehow—somehow—all these things connect. The three deaths in the present. The deaths in the past. The missing Alice Ellingham and the missing David Eastman. Somewhere in this place of riddles and puzzles there must be answers. Then another accident occurs as a massive storm heads toward Vermont. This is too much for the parents and administrators. Ellingham Academy is evacuated. Obviously, it’s time for Stevie to do something stupid. It’s time to stay on the mountain and face the storm—and a murderer. In the tantalizing finale to the Truly Devious trilogy, New York Times bestselling author Maureen Johnson expertly tangles her dual narrative threads and ignites an explosive end for all who’ve walked through Ellingham Academy. Praise for the Truly Devious “Readers, hang there’s one more round to come, and if the signs are right, it’ll be to die for.” — Publishers Weekly (starred review) “The Agatha Christie-like ecosystem pairs with lacerating contemporary wit, and alternating past and present scenes makes for a multilayered, modern detective story.” — New York Times Book Review “Remember the first time reading Harry Potter and knowing it was special? There’s that same sense of magic in the introduction of teen Sherlock-in-training Stevie Bell.” — USA Today (four stars) “Be still, my Agatha-Christie-loving beating heart.” —Bustle","2020"
"read","1","21161465","50760069","The Vanishing Stair","Maureen Johnson","0062976699","4","4.07","Wed, 20 Oct 2021 00:00:00 +0000","Wed, 20 Oct 2021 14:55:58 -0700","","enjoyed","https://www.goodreads.com/book/show/50760069","https://www.goodreads.com/review/show/4246590415?utm_medium=api&utm_source=rss","Definitely not as good as the first one, The Vanishing Stair DOES suffer from the middle book syndrome, but it benefits from having a killer ending that propels the mystery forward and that puts Stevie and her gang one stop closer to discover the truth behind the kidnapping and murder at hand. <br /><br />Being honest, the first 200 pages weren't doing it for me, I was easily distracted and even if I wasn't forcing myself to continue, it wasn't nearly as engrossing as 'Truly Devious' was and that is disappointing. I literally could see how the plot was stretched out because chapters went on and on, and nothing was happening. Yes, Stevie was following some leads and doing some research, but it wasn't until halfway through the book that Ellie's body was found and I felt that we were actually going somewhere. <br /><br />Also, can we please stop romanticizing toxic people? David is literally the worst character in this entire series and that's because he's following the usual pattern of a love interest guy in a YA series by being mysterious and charming, but at the same time mistreating our main character while she falls for him for no reason whatsoever. It's just so late 00's that is not fun anymore. Especially in a book that doesn't needs it. <br /><br />Now I'm really hoping that the Truly Devious aspect of the mystery recovers some momentum or importance in the third book because it was seriously mistreated in here. It's the name of the first book and of the series, I'll be really insulted if, in fact, the whole message thing was just a prank-gone-wrong from a couple of characters that I don't really care much about. <br /><br />Anyway, I'm still excited for the next book in which I know the case is resolved and I have big hopes for that. <br />3.5 stars rounded up to 4. ","All Stevie Bell wanted was to find the key to the Ellingham mystery, but instead she found her classmate dead. And while she solved that murder, the crimes of the past are still waiting in the dark. Just as Stevie feels she’s on the cusp of putting it together, her parents pull her out of Ellingham academy.For her own safety they say. She must move past this obsession with crime. Now that Stevie’s away from the school of topiaries and secret tunnels, and her strange and endearing friends, she begins to feel disconnected from the rest of the world. At least she won’t have to see David anymore. David, who she kissed. David, who lied to her about his identity—son of despised politician Edward King. Then King himself arrives at her house to offer a He will bring Stevie back to Ellingham immediately. In return, she must play nice with David. King is in the midst of a campaign and can’t afford his son stirring up trouble. If Stevie’s at school, David will stay put.The tantalizing riddles behind the Ellingham murders are still waiting to be unraveled, and Stevie knows she’s so close. But the path to the truth has more twists and turns than she can imagine—and moving forward involves hurting someone she cares for. In New York Times bestselling author Maureen Johnson’s second novel of the Truly Devious series, nothing is free, and someone will pay for the truth with their life.","2019"
"read","1","21161465","55987278","Once Upon a Broken Heart (Once Upon a Broken Heart, #1)","Stephanie Garber","1250268397","4","4.06","Fri, 24 Mar 2023 00:00:00 +0000","Fri, 24 Mar 2023 10:22:06 -0700","","enjoyed","https://www.goodreads.com/book/show/55987278","https://www.goodreads.com/review/show/4214147368?utm_medium=api&utm_source=rss","A better-than-expected 4.5 stars. <br /><br />So much better than Caraval and I’m actually intrigued to know what happens next.<br /><br />I can now forgive Stephanie Garber after disappointing me with Legendary and Finale. ","For as long as she can remember, Evangeline Fox has believed in true love and happy endings... until she learns that the love of her life will marry another.<br /><br />Desperate to stop the wedding and to heal her wounded heart, Evangeline strikes a deal with the charismatic, but wicked, Prince of Hearts. In exchange for his help, he asks for three kisses, to be given at the time and place of his choosing.<br /><br />But after Evangeline’s first promised kiss, she learns that bargaining with an immortal is a dangerous game ― and that the Prince of Hearts wants far more from her than she’d pledged. He has plans for Evangeline, plans that will either end in the greatest happily ever after, or the most exquisite tragedy.","2021"
"read","1","21161465","22449288","The Titan's Curse (Percy Jackson and the Olympians, #3)","Rick Riordan","1423101480","4","4.35","Tue, 14 Dec 2021 00:00:00 +0000","Tue, 14 Dec 2021 17:49:16 -0800","","enjoyed","https://www.goodreads.com/book/show/22449288","https://www.goodreads.com/review/show/4193222190?utm_medium=api&utm_source=rss","Another solid entry to the Percy Jackson series, and things are starting to feel a bit formulaic, aren’t they? <br /><br />I’m still liking it, they are super quick and easy to read and some jokes land really well, but they’re also really… predictable<br /><br />I know this is an old middle grade series and I can’t be that harsh because of the demographic it’s directed to. I believe that these books are one of the reasons of why many people started to read. That’s powerful and I can see why. <br /><br />There’s not a lot that I can add that haven’t been said before, I’ll just say that I’m ready for the fourth book where I hope things get a bit more exciting. There has been so many build up regarding the prophecy and it’s time for it to arrive. ","When Percy Jackson receives an urgent distress call from his friend Grover, he immediately prepares for battle. He knows he'll need his powerful demigod allies at his side; his trusty bronze sword, Riptide; and... a ride from his mom.<br /><br />The demigods race to the rescue to find that Grover has made an important discovery: two powerful half-bloods, whose parentage is unknown. But that's not all that awaits them. The Titan lord Kronos has set up a devious trap, and the young heroes have just fallen prey.<br /><br />Hilarious and action-packed, this third adventure in the series finds Percy faced with his most dangerous challenge yet--the chilling prophecy of the Titan's curse.","2007"
"read","1","21161465","28186","The Sea of Monsters (Percy Jackson and the Olympians, #2)","Rick Riordan","0786856866","4","4.24","Thu, 7 Oct 2021 00:00:00 +0000","Thu, 07 Oct 2021 13:28:09 -0700","","enjoyed","https://www.goodreads.com/book/show/28186","https://www.goodreads.com/review/show/4193222124?utm_medium=api&utm_source=rss","This might be an unpopular opinion, but I liked this one better than the first one. <br /><br />I don't know if it was because I didn't even knew what happened in Sea of Monsters, compared to Lightning Thief where we all know what happens, but even though this book was mostly a subplot, I couldn't help to like it. <br /><br />The characters are better, the narration is funnier and the addition of Tyson is amazing, he's such a sweet big thing and I just fell for him. <br /><br />Of course since this is Middle Grade, there's not much depth and everything is just glossed over, but every once in a while a book like this is just what I need. <br /><br />A solid 4.5 read to me. ","The heroic son of Poseidon makes an action-packed comeback in the second must-read installment of Rick Riordan's amazing young readers series. Starring Percy Jackson, a ""half blood"" whose mother is human and whose father is the God of the Sea, Riordan's series combines cliffhanger adventure and Greek mythology lessons that results in true page-turners that get better with each installment.<br /><br />In this episode, The Sea of Monsters, Percy sets out to retrieve the Golden Fleece before his summer camp is destroyed, surpassing the first book's drama and setting the stage for more thrills to come.","2006"
"read","1","21161465","40550366","Blood & Honey (Serpent & Dove, #2)","Shelby Mahurin","0062878050","4","3.49","Sun, 6 Mar 2022 00:00:00 +0000","Thu, 31 Mar 2022 19:50:55 -0700","","enjoyed","https://www.goodreads.com/book/show/40550366","https://www.goodreads.com/review/show/4178601931?utm_medium=api&utm_source=rss","So, for the first time since I started rating and reviewing books, I didn't felt pressured to like a book… I actually felt pressured to dislike it. <br /><br />Okay, maybe I'm exaggerating, no one was telling me to hate it, but the common opinion for 'Blood &amp; Honey' is that it is disappointing, boring and mostly filler. And while the latter is definitely true since we don't need 500+ pages for what happened in here, I actually quite liked it. And let me explain why: <br /><br />First things first, I have to admit that while I enjoyed the first book, I wasn't BLOWN away by it like many other people were. To me, the world building was a bit confusing, the romance while fun, also was really… I don't know, unrealistic, and it overall just was an OK story. Nothing groundbreaking. So starting from there, my expectations for the second book weren't the highest (unlike many other readers who were really anticipating this sequel).<br /><br />And that's why I actually enjoyed it. Did a lot happen? Not at all, it was mostly our old characters going from Point A to Point B and C trying to recruit allies. I don't usually like these type of storylines, but surprisingly, I enjoyed it. I think that all the characters that were introduced here were far more interesting than any of our OGs: Claud is, hands-down, the best character in the series, La Voisin actually intrigued me (contrary to Morgane who is just pure evil and that's not really fun). Likewise, I found some captivating conflict within Blaise, Ismay and Gabrielle had much more depth than some OGs in fewer pages, and so on. <br /><br />So that's why for the rest, unfortunately there's not much I can say: Ansel was just his weak and scared old self, Coco was there just to rescue Lou and the gang every 5 chapters or so, Beau is probably the most improved character in the bunch, but that's because he was mostly a presence on the first one and Madame Labelle… well she's fine. And I think that's the problem with them. They are doing nothing, but is that any different from the first book? I don't think so. So that's why it didn't really bother me.<br /><br />Now, I've read a lot of reviews saying that Lou and Reid were just fighting throughout the whole book and that it became tedious because they wanted their banter and the sexiness back, and it's true, they went through a rough patch here, but I also found their situation far more intriguing than if they were living a happily ever after-esque situation. C'mon, Reid was a witchunter who hated magic, and Lou is a witch (who is losing her mind, btw), and all of a sudden, he discovers that he's a witch and can use magic. Did you really think that it would be easy for him to just accept it? Imagine it. Yes, we could have had scenes with Lou teaching him magic, and that would have probably been nice, but I don't think it would have been true or believable. <br /><br />I may be in the minority, but I really appreciated that Shelby Mahurin didn't take the easy and fan service route by glossing over what happened at the end of the first book, just so the fans could have their romantic banter here. Big things happened to both Lou and Reid, so for them just to conveniently forget or don't give enough thought about who they are, and their situation and what they feel for each other once the honeymoon phase passed was much more realistic. <br /><br />Now, is it boring? I think it depends. With this book, I discovered that I actually enjoy these middle books in fantasy trilogies, because I feel like we can really get to know the world without the pressure of getting to know the characters for the first time or the magic system or that we're running towards a big finale. It can breathe.<br /><br />It happened here, and also in the Shadow and Bone series, where I enjoyed the second one more than the first, and while I don't think that 'Blood &amp; Honey' is better than 'Serpent &amp; Dove', I do think that people over exaggerated their hatred towards this one. <br /><br />So, yeah, that is my opinion, I can't rate it any lower than 4 better-than-expected stars.","<b>The hotly anticipated sequel to the New York Times and IndieBound bestseller Serpent &amp; Dove—packed with even steamier romance and darker magic—is perfect for fans of Sarah J. Maas.</b><br /><br />After narrowly escaping death at the hands of the Dames Blanches, Lou, Reid, Coco, and Ansel are on the run from coven, kingdom, and church—fugitives with nowhere to hide.<br /><br />To elude the scores of witches and throngs of chasseurs at their heels, Lou and Reid need allies. Strong ones. But protection comes at a price, and the group is forced to embark on separate quests to build their forces. As Lou and Reid try to close the widening rift between them, the dastardly Morgane baits them in a lethal game of cat and mouse that threatens to destroy something worth more than any coven.","2020"
"read","1","21161465","38819868","My Sister, the Serial Killer","Oyinkan Braithwaite","0385544235","2","3.63","Fri, 11 Nov 2022 00:00:00 +0000","Fri, 11 Nov 2022 21:43:47 -0800","","notEnjoyed","https://www.goodreads.com/book/show/38819868","https://www.goodreads.com/review/show/4172468133?utm_medium=api&utm_source=rss","Mostly boring and full of side plots that I didn’t cared for. <br />It starts amazing, but it quickly becomes inconsequential, predictable and not very interesting. ","When Korede's dinner is interrupted one night by a distress call from her sister, Ayoola, she knows what's expected of her: bleach, rubber gloves, nerves of steel and a strong stomach. This'll be the third boyfriend Ayoola's dispatched in, quote, self-defence and the third mess that her lethal little sibling has left Korede to clear away. She should probably go to the police for the good of the menfolk of Nigeria, but she loves her sister and, as they say, family always comes first. Until, that is, Ayoola starts dating the doctor where Korede works as a nurse. Korede's long been in love with him, and isn't prepared to see him wind up with a knife in his back: but to save one would mean sacrificing the other...<br /><br /><b><i>My Sister, the Serial Killer </i>is a blackly comic novel about how blood is thicker - and more difficult to get out of the carpet - than water...</b>","2018"
"read","1","21161465","52459864","Iron Widow (Iron Widow, #1)","Xiran Jay Zhao","0735269939","5","4.00","Tue, 15 Mar 2022 00:00:00 +0000","Thu, 31 Mar 2022 19:47:08 -0700","","enjoyed","https://www.goodreads.com/book/show/52459864","https://www.goodreads.com/review/show/4166861778?utm_medium=api&utm_source=rss","Someone has taken their love with Daenerys Targaryen in the final season of GOT one step too far.<br /><br />I'm just kidding, but wow… this book is amazing. I don't know why I was actually expecting this to be a fantasy book, when it totally is a sci-fi. Furthermore, I was surprised in a good way, and that was a constant throughout the whole book, which was refreshing.<br /><br />Spoilers ahead.<br /><br />During the first couple of chapters I was 100% sure about what was going to happen at the end, but Xiran Jay Zhao said “You don't know half of it” and she committed to it. It was so wild to actually see our main girl's desire fulfilled not even halfway through the story because that's not usually how this books go, that I was so glued to the pages. <br /><br />End of spoilers. <br /><br />Now, I've read some reviews about how Zetian's motivation and drive might be unrealistic given the context of the story, but I digress. If not enough women in real life were like her (in the sense of female empowerment and wanting a change) the world would be even less fair when it comes to gender equality than it already is. We have still so much work to be done, but I don't think that any girl like Zetian who may exist in real life needs more motivation to break the status quo that just wanting to break free and live how she wants to live: without fear, judgement or condescend. <br /><br />But coming back to the book, it definitely elevates because of its characters. Zetian was so amazing at being a badass girl who discovered that she could also be loved by a man who doesn't look down at her, but sees her as his equal, while Shimin and Yhizi proved that not because a character is the “male love interest” must be this alpha, possessive, borderline psycho man who seems to abound in YA and NA. They can be caring, fun and light-hearted, but still brave. <br /><br />Also, the exploration of polyamorous relationships, while brief, was also so cute, believable and heartwarming. Why is this not a thing in more books? It's so much more engaging than a love triangle. <br /><br />Anyway, I really enjoyed this book. Maybe the last part of it was a bit rushed and… let's call it easy, but I don't think that it diminishes the awesomeness of the whole thing.","The boys of Huaxia dream of pairing up with girls to pilot Chrysalises, giant transforming robots that can battle the mecha aliens that lurk beyond the Great Wall. It doesn't matter that the girls often die from the mental strain. <br /><br />When 18-year-old Zetian offers herself up as a concubine-pilot, it's to assassinate the ace male pilot responsible for her sister's death. But she gets her vengeance in a way nobody expected—she kills him through the psychic link between pilots and emerges from the cockpit unscathed. She is labeled an Iron Widow, a much-feared and much-silenced kind of female pilot who can sacrifice boys to power up Chrysalises instead.​ <br /><br />To tame her unnerving yet invaluable mental strength, she is paired up with Li Shimin, the strongest and most controversial male pilot in Huaxia​. But now that Zetian has had a taste of power, she will not cower so easily. She will miss no opportunity to leverage their combined might and infamy to survive attempt after attempt on her life, until she can figure out exactly why the pilot system works in its misogynist way—and stop more girls from being sacrificed.","2021"
"read","1","21161465","53387949","The Burning Girls","C.J. Tudor","198482502X","3","3.96","Mon, 30 May 2022 00:00:00 +0000","Mon, 06 Jun 2022 19:06:06 -0700","","neutral","https://www.goodreads.com/book/show/53387949","https://www.goodreads.com/review/show/4141598454?utm_medium=api&utm_source=rss","I don't even remember much about what happened in this book. <br /><br />I won't lie and say that I hated it, but it was underwhelming in many aspects. The mystery? Unnecessarily complicated and, at the end of the day, it didn't even need to be that way. After everything was said and done, apparently THE mystery was comprised of TWO mysteries... meh.<br /><br />The characters? I liked the two main characters, but the twists concerning them were predictable. Perhaps, if you're not a thriller reader, one of them could throw you for a loop, but if you read thrillers, you'll guess this one in a second. <br /><br />Also, do we care about any of the SC? I didn't, and the whole reveal depended on one of them who got almost no screen time (page time? read time?) to make me invested. A shame.<br /><br />Now, I didn't hate it. I had a mostly OK time with this one, and maybe it was just a miss for the author. If you're curious, check it out, just don't expect to find the next big thriller here. ","<b>An unconventional vicar moves to a remote corner of the English countryside, only to discover a community haunted by death and disappearances both past and present--and intent on keeping its dark secrets--in this explosive, unsettling thriller from acclaimed author C. J. Tudor.</b><br /><br />Welcome to Chapel Croft. Five hundred years ago, eight protestant martyrs were burned at the stake here. Thirty years ago, two teenage girls disappeared without a trace. And two months ago, the vicar of the local parish killed himself.<br /><br />Reverend Jack Brooks, a single parent with a fourteen-year-old daughter and a heavy conscience, arrives in the village hoping to make a fresh start and find some peace. Instead, Jack finds a town mired in secrecy and a strange welcome package: an old exorcism kit and a note quoting scripture. ""But there is nothing covered up that will not be revealed and hidden that will not be known.""<br /><br />The more Jack and her daughter Flo get acquainted with the town and its strange denizens, the deeper they are drawn into their rifts, mysteries, and suspicions. And when Flo is troubled by strange sightings in the old chapel, it becomes apparent that there are ghosts here that refuse to be laid to rest.<br /><br />But uncovering the truth can be deadly in a village where everyone has something to protect, everyone has links with the village's bloody past, and no one trusts an outsider.","2021"
"read","1","21161465","55711617","My Heart Is a Chainsaw (The Indian Lake Trilogy, #1)","Stephen Graham Jones","1982137630","3","3.50","Sun, 3 Apr 2022 00:00:00 +0000","Tue, 05 Apr 2022 15:26:40 -0700","","neutral","https://www.goodreads.com/book/show/55711617","https://www.goodreads.com/review/show/4141592388?utm_medium=api&utm_source=rss","This one was hard to rate, but after considering it, I think it deserves 3 sometimes-slow-sometimes-amazing stars. <br /><br />Why was it hard? Mostly because it starts slow, and I'm not kidding, this is easily the slowest-paced book I've ever read. 150 pages of confusion and not understanding what's happening, and adding boredom to it, doesn't translate into a good read. <br /><br />I read some reviews about people complaining about the same thing, and they all said that the pace picked up around the 75% mark. I think they're wrong, it's actually around the 50% one that you finally get the hang of what's going on and events start to happen. For some, it may be too late, but for me... I wanted to see what happened, so I persevered. And I'm glad I did. <br /><br />The mystery does pick up, and some chilly descriptions and situations made me consider (for a moment) grading up this whole book to a 4-star read. I was having a great time until the climax. It's not that it was bad, but I don't think the book gave any real indication about what ultimately happens.<br /><br />Spoilers in the following paragraph. <br /><br />Yes, this is a slasher based book, and slashers are silly most of the time, but we had a mystery grounded on real characters and events, not paranormal ones, so that's why it doesn't click with me, why all of a sudden we have a ghost (?) as our big reveal. It was the biggest letdown in the history of slasher and book reveals I've ever had. <br /><br />So, just because of that, I can't rate with 4-stars. I'm sorry, I tried to give it a few days to see if I could warm up to it, but I couldn't.<br /><br />Will I read the sequel? I think it depends on the reviews, mostly. ","You won’t find a more hardcore eighties-slasher-film fan than high school senior Jade Daniels. And you won’t find a place less supportive of girls who wear torn T-shirts and too much eyeliner than Proofrock, nestled eight thousand feet up a mountain in Idaho, alongside Indian Lake, home to both Camp Blood – site of a massacre fifty years ago – and, as of this summer, Terra Nova, a second-home celebrity Camelot being carved out of a national forest.<br /><br />That’s not the only thing that’s getting carved up, though – this, Jade knows, is the start of a slasher. But what kind? Who’s wearing the mask? Jade’s got an encyclopedic recall of every horror movie on the shelf, but… will that help her survive? Can she get a final girl trained enough to stop all this from happening? Does she even want to?<br /><br />Isn’t a slasher exactly what her hometown deserves?<br /><br />This new novel by the <i>New York Times</i> bestselling author of <i>The Only Good Indians,</i> Stephen Graham Jones, called “one of our most talented living writers” by Tommy Orange, explores the changing landscape of the West through his distinct voice of sharp humor and prophetic violence.<br /><br />Go up the mountain to Proofrock. See if you’ve got what it takes – see if your heart, too, might be a chainsaw.","2021"
"read","1","21161465","54734795","The Sun Down Motel","Simone St. James","0440000203","3","4.06","Thu, 7 Jul 2022 00:00:00 +0000","Tue, 26 May 2026 06:04:10 -0700","","neutral","https://www.goodreads.com/book/show/54734795","https://www.goodreads.com/review/show/4139655918?utm_medium=api&utm_source=rss","The Sun Down Motel was a book that I was excited to get into. It seemed to be scary, and chilling, and it had a mystery-solving endgame that I was hoping would satisfy my craving for a horror novel. <br /><br />It did, up to a certain point. While the ghosts in the story spooked me a bit, the whole mystery part of the book was too convenient, especially when the resolution came. I don't recall that much about it, since I read it a few weeks ago, but I do remember that the characters arrived at conclusions seemingly out of nowhere, not because they were doing their detective work right. <br /><br />Am I going to read another book from Simone St. James? Probably some time along the way, but I'm not itching for another. ","<strong>Something hasn't been right at the roadside Sun Down Motel for a very long time, and Carly Kirk is about to find out why in this chilling new novel from the <i>New York Times</i> bestselling and award-winning author of <i>The Broken Girls</i>.</strong><br /><br /><i>Upstate New York, 1982.</i> Viv Delaney wants to move to New York City, and to help pay for it she takes a job as the night clerk at the Sun Down Motel in Fell, New York. But something isnʼt right at the motel, something haunting and scary.<br /><br /><i>Upstate New York, 2017.</i> Carly Kirk has never been able to let go of the story of her aunt Viv, who mysteriously disappeared from the Sun Down before she was born. She decides to move to Fell and visit the motel, where she quickly learns that nothing has changed since 1982. And she soon finds herself ensnared in the same mysteries that claimed her aunt.","2020"
"read","1","21161465","6124802","Fairest of All (Villains, #1)","Serena Valentino","1423106296","4","3.80","Wed, 20 Nov 2024 00:00:00 +0000","Wed, 20 Nov 2024 19:05:17 -0800","","enjoyed","https://www.goodreads.com/book/show/6124802","https://www.goodreads.com/review/show/4133694797?utm_medium=api&utm_source=rss","Short and sweet, I mostly enjoyed this story even if it felt a bit like fan fiction and the bummer of feeling like the ending was rushed! <br /><br />","For anyone who’s seen Walt Disney’s Snow White, you’ll know that the Wicked Queen is one evil woman! After all, it’s not everyone who wants to cut out their teenage step-daughter’s heart and have it delivered back in a locked keepsake box. (And even if this sort of thing is a common urge, we don’t know many people who have acted upon it.)<br /><br />Now, for the first time, we’ll examine the life of the Wicked Queen and find out just what it is that makes her so nasty. Here’s a hint: the creepy-looking man in the magic mirror is not just some random spooky visage—and he just might have something to do with the Queen’s wicked ways!","2009"
"read","1","21161465","50531218","The Hawthorne Legacy (The Inheritance Games, #2)","Jennifer Lynn Barnes","0241480744","4","4.17","Mon, 4 Oct 2021 00:00:00 +0000","Mon, 04 Oct 2021 22:19:05 -0700","","enjoyed","https://www.goodreads.com/book/show/50531218","https://www.goodreads.com/review/show/4127637084?utm_medium=api&utm_source=rss","A 3.5 star read to me. <br /><br />Definitely not as good or exciting as the first one, but it still has a lot of charm. I think this book suffers from second book syndrome, because even though a lot of reveals are spread in here, with one book left in the series, it’s kind of unsatisfying to know that we have more secrets to uncover that will probably debunk a lot of what happens here. <br /><br />Don’t get me wrong, it’s an interesting plot the one that the author built for this series, and I don’t mind suspending my disbelief for the sake of having a good time, but there has been a lot of red herrings already that I think I almost don’t care about the secrets anymore. It’s a bit over complicated at this point, specially because the main mystery it’s not that big of a deal and I don’t see why Tobias did ALL of this, even with that reasoning thrown in about “being a Hawthorne” <br /><br />We ultimately care because of the characters, Avery and Jameson are amazing together, and I don’t really think there are a lot of Grayson shippers out there, I don’t think even think the author is really trying to make us believe that Grayson + Avery is a real possibility. The leaning towards Jameson is really evident. <br /><br />Anyway, I liked it, I’ll be reading the third one, but this could have been a lot better as a duology ","<b>Intrigue, riches, and romance abound in this thrilling sequel to the <i>New York Times</i> bestselling <i>The Inheritance Games</i> perfect for fans of Karen McManus and Holly Jackson.</b><br /><br /><i>The Inheritance Games</i> ended with a bombshell, and now heiress Avery Grambs has to pick up the pieces and find the man who might hold the answers to all of her questions - including why Tobias Hawthorne left his entire fortune to Avery, a virtual stranger, rather than to his own daughters or grandsons.<br /><br />Thanks to a DNA test, Avery knows that she's not a Hawthorne by blood, but clues pile up hinting at a deeper connection to the family than she had ever imagined. As the mystery grows and the plot thickens, Grayson and Jameson, the enigmatic and magnetic Hawthorne grandsons, continue to pull Avery in different directions. And there are threats lurking around every corner, as adversaries emerge who will stop at nothing to see Avery out of the picture - by any means necessary.<br /><br /><b>With nonstop action, aspirational jet-setting, family intrigue, swoonworthy romance, and billions of dollars hanging in the balance, <i>The Hawthorne Legacy<i> will thrill Jennifer Lynn Barnes fans and new readers alike.</i></i></b>","2021"
"read","1","21161465","44077284","The Southern Book Club's Guide to Slaying Vampires","Grady Hendrix","1683691431","5","3.84","Sat, 20 Nov 2021 00:00:00 +0000","Tue, 01 Mar 2022 19:59:16 -0800","favorites","enjoyed","https://www.goodreads.com/book/show/44077284","https://www.goodreads.com/review/show/4125742457?utm_medium=api&utm_source=rss","If Desperate Housewives had a child with American Horror Story, this book would have been the result. <br /><br />And what a delightful surprise it was. <br /><br />Coming off a few weeks ago from the letdown my first experience with Grady Hendrix was, I wasn’t all that excited for ‘The Southern Book Club’s Guide to Slaying Vampires’, but there is a reason why I saw this book regarded as his best work and it shows. <br /><br />It IS scary, it’s fresh and while a bit silly, it really critiques the sexism and racism that’s still prevalent to this day in American society in a way that doesn’t feel preachy, but by making you feel angry and desperate. <br /><br />It’s not perfect, especially in its resolution: the climax feels rushed and the ending a bit too easy and anti climactic for my taste. Also, for some reason there were some funny bits in the “final battle” scene that felt weird because the book was not presented as a satire at any point. We really feel throughout the story the fear and power that James represents, and making him a bit of a buffoon on the last part was weird. <br /><br />Despite those little details, I had a blast while reading it and I would really recommend it: some parts were so tense that I don’t think any other book has made me feel that anxious, and just because of that, I can forgive some things.","<i>Fried Green Tomatoes</i> and <i>Steel Magnolias</i> meet <i>Dracula</i> in this Southern-flavored supernatural thriller set in the '90s about a women's book club that must protect its suburban community from a mysterious and handsome stranger who turns out to be a blood-sucking fiend.<br /><br />Patricia Campbell had always planned for a big life, but after giving up her career as a nurse to marry an ambitious doctor and become a mother, Patricia's life has never felt smaller. The days are long, her kids are ungrateful, her husband is distant, and her to-do list is never really done. The one thing she has to look forward to is her book club, a group of Charleston mothers united only by their love for true-crime and suspenseful fiction. In these meetings, they're more likely to discuss the FBI's recent siege of Waco as much as the ups and downs of marriage and motherhood.<br /><br />But when an artistic and sensitive stranger moves into the neighborhood, the book club's meetings turn into speculation about the newcomer. Patricia is initially attracted to him, but when some local children go missing, she starts to suspect the newcomer is involved. She begins her own investigation, assuming that he's a Jeffrey Dahmer or Ted Bundy. What she uncovers is far more terrifying, and soon she—and her book club—are the only people standing between the monster they've invited into their homes and their unsuspecting community.","2020"
"read","1","21161465","54985743","People We Meet on Vacation","Emily Henry","1984806750","5","3.84","Sun, 14 Aug 2022 00:00:00 +0000","Sun, 14 Aug 2022 22:58:58 -0700","","enjoyed","https://www.goodreads.com/book/show/54985743","https://www.goodreads.com/review/show/4124454621?utm_medium=api&utm_source=rss","One of the quickest reads of my life - Loved it🤩","<b>Two best friends. Ten summer trips. One last chance to fall in love.</b><br /><br /><b>Poppy and Alex.</b> Alex and Poppy. They have nothing in common. She’s a wild child; he wears khakis. She has insatiable wanderlust; he prefers to stay home with a book. And somehow, ever since a fateful car share home from college many years ago, they are the very best of friends. For most of the year they live far apart—she’s in New York City and he’s in their small hometown—but every summer for a decade, they have taken one glorious week of vacation together.<br /> <br />Until two years ago, when they ruined everything. They haven’t spoken since.<br /> <br />Poppy has everything she should want, but she’s stuck in a rut. When someone asks when she was last truly happy, she knows without a doubt it was on that ill-fated final trip with Alex. And so, she decides to convince her best friend to take one more vacation together—lay everything on the table, make it all right. Miraculously, he agrees.<br /> <br />Now she has a week to fix everything. If only she can get around the one big truth that has always stood quietly in the middle of their seemingly perfect relationship. What could possibly go wrong?","2021"
"read","1","21161465","54493401","Project Hail Mary","Andy Weir","0593135202","4","4.50","Fri, 27 Feb 2026 00:00:00 +0000","Fri, 27 Feb 2026 15:43:21 -0800","","enjoyed","https://www.goodreads.com/book/show/54493401","https://www.goodreads.com/review/show/4124454546?utm_medium=api&utm_source=rss","Rocky tqmmm","Ryland Grace is the sole survivor on a desperate, last-chance mission—and if he fails, humanity and the earth itself will perish.<br /><br />Except that right now, he doesn’t know that. He can’t even remember his own name, let alone the nature of his assignment or how to complete it.<br /><br />All he knows is that he’s been asleep for a very, very long time. And he’s just been awakened to find himself millions of miles from home, with nothing but two corpses for company.<br /><br />His crewmates dead, his memories fuzzily returning, Ryland realizes that an impossible task now confronts him. Hurtling through space on this tiny ship, it’s up to him to puzzle out an impossible scientific mystery—and conquer an extinction-level threat to our species.<br /><br />And with the clock ticking down and the nearest human being light-years away, he’s got to do it all alone.<br /><br />Or does he?","2021"
"read","1","21161465","44012880","Fable (The World of the Narrows, #1)","Adrienne Young","","3","3.98","Mon, 3 Jan 2022 00:00:00 +0000","Thu, 17 Nov 2022 10:48:14 -0800","","neutral","https://www.goodreads.com/book/show/44012880","https://www.goodreads.com/review/show/4124452964?utm_medium=api&utm_source=rss","Talk about a book that goes from less to more.<br /><br />During the first 80 pages or so I was close to give up on this book because I found it confusing, with lots of nautical words that I needed to look up on my phone and a slow start, but thankfully I persisted. It doesn't have the biggest plot, the most interesting characters or the most absorbing setting, but it is a pleasant and fun story about a crew of traders/pirates who become a family of sorts due to some circumstances that I won't spoil. <br /><br />Now, I do feel (and this is something I've never said about a book) that 'Fable' should have been longer. Yes, even with 350 pages and a slow start, the book feels short, mostly because of the lack of character building that the crew receives and the easy resolution to every single thing that happened. A character got stabbed? No worries, by the next chapter he or she will be stitched up and ready to go. Does our crew need to go on an almost impossible quest that few crews would dare to adventure on? Thats OK, our heroine and her friends are up to the task and they'll solve in the next 10 pages. <br /><br />Everything was so easy that the stakes during the whole book were really low. That's not bad, but 'Fable' is being advertised as an adventure novel, make it feel that way. Also, I think everything would have had a bigger impact if the author gave us more insight on the side characters. Fable, Willa and maybe West are explored throughout the novel, and we do get to know them, but the rest of the people in here are mere interchangeable names that would have benefited from more background. Perhaps this is solved on the second book, but I think that's the cause that the ending while intended to be shocking was just like... oh, that happened! <br /><br />Based on my feelings and on the fact that I did enjoyed it, I can't rate it below 4 stars. It is good, but I hate to feel that there was SO much potential in this to become an amazing big novel, and that maybe its scope was too short.","For seventeen-year-old Fable, the daughter of the most powerful trader in the Narrows, the sea is the only home she has ever known. It’s been four years since the night she watched her mother drown during an unforgiving storm. The next day her father abandoned her on a legendary island filled with thieves and little food. To survive she must keep to herself, learn to trust no one, and rely on the unique skills her mother taught her. The only thing that keeps her going is the goal of getting off the island, finding her father, and demanding her rightful place beside him and his crew. To do so Fable enlists the help of a young trader named West to get her off the island and across the Narrows to her father.<br /> <br />But her father’s rivalries and the dangers of his trading enterprise have only multiplied since she last saw him, and Fable soon finds that West isn't who he seems. Together, they will have to survive more than the treacherous storms that haunt the Narrows if they're going to stay alive. <br /> <br /><b>Welcome to a world made dangerous by the sea and by those who wish to profit from it. Where a young girl must find her place and her family while trying to survive in a world built for men. <i>Fable</i> takes you on a spectacular journey filled with romance, intrigue, and adventure.</b><br /><br /><i>A newer edition of ISBN 9781250254368 can be found <a href=""https://www.goodreads.com/book/show/55752958-fable"" rel=""nofollow noopener"">here.</a></i>","2020"
"read","1","21161465","55725741","Six Crimson Cranes (Six Crimson Cranes, #1)","Elizabeth Lim","0593300912","5","4.19","Sun, 14 Nov 2021 00:00:00 +0000","Sun, 14 Nov 2021 16:07:58 -0800","","enjoyed","https://www.goodreads.com/book/show/55725741","https://www.goodreads.com/review/show/4089648041?utm_medium=api&utm_source=rss","Do you want a book that definitely lives up to its hype? This is the one for you. <br /><br />Six Crimson Cranes was not what I thought it would be, but I don’t mean that in a negative way. Quite the opposite, it was amazing and so much more. <br /><br />Elizabeth Lim really created an enormous and amazing world straight out of a fairytale and made it her own by allowing her characters to really explore it. I noticed that it’s fairly common for a fantasy book to have this big and complicated map on the first couple of pages and have its characters only visiting two or three locations for the whole book. Well, I just loved how Lim allowed us to get to know this world and its inhabitants at the same time Shiori did without ever making it complicated or tedious. <br /><br />Yes, it does have a couple of pacing issues, especially once you’re between the pages 250 and 350, and some of the twists were kind of predictable, but I just couldn’t help but fall for this one. <br /><br />It was my first fantasy book inspired by Asian mythology, but I’m sure it won’t be the last. <br /><br />I’m so excited for the second part of this duology, but please Elizabeth, just let Shiori and Takkan kiss! ","<b>A princess in exile, the boy she left at the altar, six enchanted cranes, and a dragon from the deepest sea.</b><br /><br />Shiori, the only princess of Kiata, has a secret. Forbidden magic runs through her veins. Normally she conceals it well, but on the morning of her betrothal ceremony, Shiori loses control. At first, her mistake seems like a stroke of luck, forestalling the wedding she never wanted, but it also catches the attention of Raikama, her stepmother.<br /><br />Raikama has dark magic of her own, and she banishes the young princess, turning her brothers into cranes, and warning Shiori that she must speak of it to no one: for with every word that escapes her lips, one of her brothers will die.<br /><br />Peniless, voiceless, and alone, Shiori searches for her brothers, and, on her journey, uncovers a conspiracy to overtake the throne--a conspiracy more twisted and deceitful, more cunning and complex, than even Raikama's betrayal. Only Shiori can set the kingdom to rights, but to do so she must place her trust in the very boy she fought so hard <i>not</i> to marry. And she must embrace the magic she's been taught all her life to contain--no matter what it costs her.<br /><br /><b>From the author of </b><b>
  <i>Spin the Dawn</i>
</b><b> comes a breathtakingly original fantasy inspired by East Asian folklore and perfect for fans of Leigh Bardugo or Tomi Adeyemi.</b>","2021"
"read","1","21161465","51335759","Good Girl, Bad Blood (A Good Girl's Guide to Murder, #2)","Holly  Jackson","1405297751","5","4.24","Mon, 1 Aug 2022 00:00:00 +0000","Tue, 16 Aug 2022 21:32:56 -0700","","enjoyed","https://www.goodreads.com/book/show/51335759","https://www.goodreads.com/review/show/4045243281?utm_medium=api&utm_source=rss","So much better than the first one! ","Pip is not a detective anymore.<br /><br />With the help of Ravi Singh, she released a true-crime podcast about the murder case they solved together last year. The podcast has gone viral, yet Pip insists her investigating days are behind her.<br /><br />But she will have to break that promise when someone she knows goes missing. Jamie Reynolds has disappeared, on the very same night the town hosted a memorial for the sixth-year anniversary of the deaths of Andie Bell and Sal Singh.<br /><br />The police won't do anything about it. And if they won't look for Jamie then Pip will, uncovering more of her town's dark secrets along the way... and this time everyone is listening. But will she find him before it's too late?","2020"
"read","1","21161465","55518780","Ace of Spades","Faridah Àbíké-Íyímídé","1250800811","5","4.18","Mon, 24 Jan 2022 00:00:00 +0000","Tue, 25 Jan 2022 13:49:01 -0800","","enjoyed","https://www.goodreads.com/book/show/55518780","https://www.goodreads.com/review/show/4038104984?utm_medium=api&utm_source=rss","What a powerful read ‘Ace of Spades’ was. <br /><br />A really outstanding, creepy and very important debut that may give the impression of being a Gossip Girl or Pretty Little Liars ripoff, but that ultimately becomes so much more. <br /><br />And it really is a deadly, complex and horrible situation the one that our main characters go through. In hindsight, probably the “secrets” that they were keeping were not as big as the first half of the book made them feel, but it was what lurked beneath the surface of the Aces game that really notches up this book. Trust me, this is what other books and tv shows of the genre wanted and failed to be. <br /><br />I won’t go into detail because of spoilers, but there were genuine gasps of shock coming out of me when the truth is revealed and everything clicks into place. Especially one betrayal which, I don’t know if I’m the only one who got heartbroken by it, but it hurt me. <br /><br />The characters? Amazing. The story? Top notch. The ending? Maybe a bit too easy and happily ever after-ish (especially after the big deus ex machina that comes with it), but good overall.","<b><i>Gossip Girl</i> meets <i>Get Out </i>in <i>Ace of Spades</i>, a YA contemporary thriller by debut author Faridah Àbíké-Íyímídé about two students, Devon &amp; Chiamaka, and their struggles against an anonymous bully. <br /><br /></b>When two Niveus Private Academy students, Devon Richards and Chiamaka Adebayo, are selected to be part of the elite school’s senior class prefects, it looks like their year is off to an amazing start. After all, not only does it look great on college applications, but it officially puts each of them in the running for valedictorian, too.<br /><br />Shortly after the announcement is made, though, someone who goes by Aces begins using anonymous text messages to reveal secrets about the two of them that turn their lives upside down and threaten every aspect of their carefully planned futures.<br /><br />As Aces shows no sign of stopping, what seemed like a sick prank quickly turns into a dangerous game, with all the cards stacked against them. Can Devon and Chiamaka stop Aces before things become incredibly deadly?<br /><br />With heart-pounding suspense and relevant social commentary comes a high-octane thriller from debut author Faridah Àbíké-Íyímídé.","2021"
"read","1","21161465","52735921","Kingdom of the Wicked (Kingdom of the Wicked, #1)","Kerri Maniscalco","0316428469","4","3.86","Wed, 29 Dec 2021 00:00:00 +0000","Wed, 29 Dec 2021 23:30:35 -0800","","enjoyed","https://www.goodreads.com/book/show/52735921","https://www.goodreads.com/review/show/3999814663?utm_medium=api&utm_source=rss","What a fun little wicked time I had with this book. <br /><br />I read some mixed reviews about ‘Kingdom of the Wicked’ that made nervous about it regarding its lack of romance, the convenience of some plot points and the confusing world building. And all those allegations are, in fact, true. <br /><br />However, this book also blended a whodunnit mystery with fantasy, and by doing that, it completely grabbed me. Was it the best mystery I’ve ever read? Absolutely not. The best fantasy, maybe? Not really. But did I had a blast while reading it? I sure did. <br /><br />Yes, the twist was kinda lame and predictable, some things about the curse and the motivations behind certain actions were unnecessarily confusing, and maybe the climax was nonexistent, but I sure had a great time while reading this and it was so addictive. I was just glued to the pages, and to me, that counts a lot.","<b>Two sisters.<br />One brutal murder.<br />A quest for vengeance that will unleash Hell itself...<br />And an intoxicating romance.</b><br /><br />Emilia and her twin sister Vittoria are <i>streghe</i> - witches who live secretly among humans, avoiding notice and persecution. One night, Vittoria misses dinner service at the family's renowned Sicilian restaurant. Emilia soon finds the body of her beloved twin...desecrated beyond belief. Devastated, Emilia sets out to find her sister's killer and to seek vengeance at any cost—even if it means using dark magic that's been long forbidden.<br /><br />Then Emilia meets Wrath, one of the Wicked—princes of Hell she has been warned against in tales since she was a child. Wrath claims to be on Emilia's side, tasked by his master with solving the series of women's murders on the island. But when it comes to the Wicked, nothing is as it seems...","2020"
"read","1","21161465","11717915","We Need to Talk About Kevin","Lionel Shriver","0062119044","5","3.99","Fri, 14 May 2021 00:00:00 +0000","Fri, 14 May 2021 19:12:53 -0700","","enjoyed","https://www.goodreads.com/book/show/11717915","https://www.goodreads.com/review/show/3992908429?utm_medium=api&utm_source=rss","I can’t believe what I just read... one of the most powerful books I’ve ever laid my eyes on, with one of the most effective twists I’ve seen. So simple, yet so gut wrenching. <br /><br />I really don’t have a lot to say, I just want to recommend it to everybody. The first few pages may take a bit to get used to because of the way it is written, but once you get past that, you can’t stop thinking about it. <br /><br />Amazing stuff ","Now a major motion picture by Lynne Ramsay, starring Tilda Swinton and John C. Reilly, Lionel Shriver’s resonant story of a mother’s unsettling quest to understand her teenage son’s deadly violence, her own ambivalence toward motherhood, and the explosive link between them reverberates with the haunting power of high hopes shattered by dark realities. Like Shriver’s charged and incisive later novels, including <em>So Much for That </em>and <em>The Post-Birthday World</em>, <em>We Need to Talk About Kevin </em>isa piercing, unforgettable, and penetrating exploration of violence, family ties, and responsibility, a book that the <em>Boston Globe</em> describes as “sometimes searing . . . [and] impossible to put down.”","2003"
"read","1","21161465","46000520","The Thursday Murder Club (Thursday Murder Club, #1)","Richard Osman","","3","3.84","Sun, 16 Oct 2022 00:00:00 +0000","Sun, 16 Oct 2022 17:24:48 -0700","","neutral","https://www.goodreads.com/book/show/46000520","https://www.goodreads.com/review/show/3992907743?utm_medium=api&utm_source=rss","It becomes waaaay too convoluted by the end, but I had fun with it! <br /><br />I’ll read the sequels ","In a peaceful retirement village, four unlikely friends meet up once a week to investigate unsolved murders.<br /><br />But when a brutal killing takes place on their very doorstep, the Thursday Murder Club find themselves in the middle of their first live case. Elizabeth, Joyce, Ibrahim and Ron might be pushing eighty but they still have a few tricks up their sleeves.<br /><br />Can our unorthodox but brilliant gang catch the killer before it's too late?<br /><br /><i>Alternate cover edition can be found <a href=""https://www.goodreads.com/book/show/46000520-the-thursday-murder-club?from_search=true&amp;from_srp=true&amp;qid=W26INfT1ys&amp;rank=1"" rel=""nofollow noopener"">here </a></i>.","2020"
"read","1","21161465","39088134","Truly Devious (Truly Devious, #1)","Maureen Johnson","0062338064","5","3.90","Wed, 22 Sep 2021 00:00:00 +0000","Wed, 22 Sep 2021 20:42:10 -0700","","enjoyed","https://www.goodreads.com/book/show/39088134","https://www.goodreads.com/review/show/3960606466?utm_medium=api&utm_source=rss","I will rate this little YA mystery with 5 amazing stars. <br /><br />I'm not going to say that this book has a groundbreaking story or anything like that, but it was so refreshing to read a typical whodunnit made with such love and affection for the genre.<br /><br />It is fun, it has a great mystery, Stevie is amazing, there was a big twist midway through the book that I definitely not see coming, and, the best of all things is that I have genuinely no idea of where this is going next or what is happening. And by being someone who has read a lot of thrillers and mysteries, that's a good sign. The flashbacks were actually so much more revealing that I expected them to be, so I guess we are still on the tip of the iceberg and there is so much more to reveal and to come, and that's really exciting.<br /><br />And even if I'm not someone who is a fan of romantic subplots when they are not really necessary, the one that we find here is not as annoying as it might be in less capable hands. It may not add a lot to the overarching plot (at least yet) but it doesn't feel intrusive either, so, we're all good. <br /><br />The only detail that bothered me, I think, is almost at the end, when Stevie connects a clue in the present about something that is mentioned in the past storyline and that makes totally no sense for Stevie to make that connection. Or at least it didn't made sense to me, perhaps in the next book this is further explored but that was a vague situation that popped me out of the book while reading it. <br /><br />Anyway, my expectations for the rest of the series are high so let's hope that I won't be left disappointed.","<b>LOOK! A RIDDLE!<br /><br />TIME FOR FUN!<br /><br />SHOULD WE USE A ROPE OR GUN?</b><br /><br />Ellingham Academy is a famous private school in Vermont, founded by an early twentieth century tycoon for the best and brightest students around. When Ellingham's wife and daughter were kidnapped, the only clue was a mocking riddle listing methods of murder, signed with the frightening pseudonym “Truly, Devious.” Their disappearance became one of the great unsolved crimes in history.<br /><br />Many years later, true-crime aficionado Stevie Bell is set to begin her first year at the academy, and she is determined to solve this cold case. That is, she will solve it when she gets a grip on her demanding new school life and her housemates: the inventor, the novelist, the actor, the artist, and the jokester. But Truly Devious makes a surprise return. The past has crawled out of its grave, and someone has gotten away with murder. <br /><br /><i>Truly Devious</i> is the first novel in a murder-mystery trilogy by <i>New York Times</i> bestselling author Maureen Johnson.","2018"
"read","1","21161465","27883214","Caraval (Caraval, #1)","Stephanie Garber","1250095255","4","3.97","Thu, 31 Mar 2022 00:00:00 +0000","Mon, 11 Apr 2022 22:49:33 -0700","","enjoyed","https://www.goodreads.com/book/show/27883214","https://www.goodreads.com/review/show/3947317125?utm_medium=api&utm_source=rss","Huh… who would have thought? <br /><br />I need to be honest, when I started Caraval I wasn't really excited about it, since I thought it was going to be a silly YA fantasy novel with a sprinkle of romance on top of it.<br /><br />And it was, but in a mostly pleasant, fun and interesting way. Also, I have to give credit where credit is due, this one was a grower. When I started it, it felt okay-ish. It had some things that were being developed differently than in other books of the sort, so it was promising, and that momentum just kept increasing until the 200-page mark, where I was enthralled. More than usual for a YA fantasy, especially a first one in a series where I tend to struggle, but Stephanie Garber's writing clicked with me in a really satisfying way.<br /><br />There were some genuine surprises in here, as well. I'm glad that the whole “don't trust anything or anyone” motto was not just for creating a vibe. The book was actually full of reveals and surprises along the way, creating a nice amount of suspense and a constant feeling of danger. Especially since the story doesn't have a lot of characters, making those moments much more interesting and rich. Also, bold decisions were made in the pursuit of making the stakes feel high, and I must applaud it.<br /><br />Spoilers ahead. <br /><br />However, not everything was perfect, and I think some things could have been handled a lot better, especially the relationship between Scarlett and Tella. You see, throughout the entire book we know that the main goal is to find Tella, who was kidnapped inside Caraval, so Scarlett, her sister, goes above and beyond trying to accomplish that. But it was astonishing the amount of times that the narrator needed to tell us and remind us that she loves her sister, so we could understand her motivations. <br /><br />I mean, we know that because Tella is Scarlett's sister, she's going to do everything in order to find her, but since Tella is mostly an entity in the entire book, we don't really care about her. I actually think that solving the mystery of her disappearance was the least interesting thing about the book, because she's just severely underdeveloped up to that point. So then, when we get to the end and some reveals are made, I was left wondering like… why is Scarlett just accepting this?<br /><br />If this was real, I would probably go to the same extremes that Scarlett went for my siblings, but if they did to me what Tella did to Scarlett, man… I would have exploded, and the fact that Scarlett just moved on so easily is a slap in the face, honestly. <br /><br />Which brings me to the second thing I didn't liked about 'Caraval', but to explain it, I need to acknowledge that I LOVED Julian. I always enjoy male characters in fantasy where they don't get typecast in the typical alpha role where they are the better fighter and the best-looking man to ever walk on Earth who feel the need to protect the female protagonist against everything with their big muscles. It's refreshing to see a mostly typical guy who is an extrovert, and makes jokes, and it's not tied to a trauma from their past. <br /><br />And because I loved him, I was devastated when he “died” at the book's climax. I was terribly sad, but at the same time I was thoroughly surprised about the guts that the author had in order to do that. It was so refreshing, especially because it seemed so final. And then, the last 15 pages happened.<br /><br />Don't get me wrong, I mostly liked the ending because it was cute and Julian is my favorite, but I was disappointed that not just Julian was alive, Tella was too (yeah, she pretended to be dead) and Dante was too. Everything that worked so well to make the book feel different and exciting was destroyed in a matter of a few paragraphs. And I know this was probably because of its demographic, but it would have been so satisfying to get a bittersweet ending for once, instead of a fairy tale one. <br /><br />Of course, I'm still going to read the rest of the series. Despite its faults, I really enjoyed my time with this book, and I'm sure Stephanie Garber has more magic up her sleeve, so we'll see how the rest of the series turns out to be.","Welcome, welcome to CARAVAL, Stephanie Garber’s fantasy debut about two sisters swept up in a mysterious competition filled with magic, heartbreak, and danger.<br /><br />Scarlett has never left the tiny island where she and her beloved sister, Tella, live with their powerful and cruel father. Now Scarlett’s father has arranged a marriage for her, and Scarlett thinks her dreams of seeing Caraval, the far-away, once-a-year performance where the audience participates in the show, are over.<br /><br />But this year, Scarlett's long-dreamt-of invitation finally arrives. With the help of a mysterious sailor, Tella whisks Scarlett away to attend. Only, as soon as they arrive, Tella is kidnapped by Caraval’s mastermind organizer, Legend. It turns out that this season's Caraval revolves around Tella, and whoever finds her first is the winner.<br /><br />Scarlett has been told that everything that happens during Caraval is only an elaborate performance. But whether Caraval is real or not, she must find Tella before the five nights of the game are over, and her sister disappears forever.","2016"
"read","1","21161465","52439531","The Inheritance Games (The Inheritance Games, #1)","Jennifer Lynn Barnes","1368052401","4","4.11","Wed, 14 Jul 2021 00:00:00 +0000","Thu, 15 Jul 2021 09:40:01 -0700","","enjoyed","https://www.goodreads.com/book/show/52439531","https://www.goodreads.com/review/show/3932655486?utm_medium=api&utm_source=rss","This is a good one!!<br /><br />Not a life changing book, but not everything you read has to be that way. It was fun, it was intriguing and the mystery was really good. <br /><br />Maybe the ending was a bit rushed and the “resolution” was a tad simple, but that was meant to happen because it became all so convoluted by the end, that there was no way it could have been really satisfying. <br /><br />That being said, I’m really excited for the second book because I just want to know more and more about the Hawthorne’s and Avery, especially. I was afraid this was going to be a “not like other girls” situation, but fortunately she was a really cool character that I just want to keep reading about. <br /><br />4 solid stars, all in all.","Avery Grambs has a plan for a better future: survive high school, win a scholarship, and get out. But her fortunes change in an instant when billionaire Tobias Hawthorne dies and leaves Avery virtually his entire fortune. The catch? Avery has no idea why -- or even who Tobias Hawthorne is.<br /><br />To receive her inheritance, Avery must move into sprawling, secret passage-filled Hawthorne House, where every room bears the old man's touch -- and his love of puzzles, riddles, and codes. Unfortunately for Avery, Hawthorne House is also occupied by the family that Tobias Hawthorne just dispossessed. This includes the four Hawthorne grandsons: dangerous, magnetic, brilliant boys who grew up with every expectation that one day, they would inherit billions. Heir apparent Grayson Hawthorne is convinced that Avery must be a conwoman, and he's determined to take her down. His brother, Jameson, views her as their grandfather's last hurrah: a twisted riddle, a puzzle to be solved. Caught in a world of wealth and privilege, with danger around every turn, Avery will have to play the game herself just to survive.","2020"
"read","1","21161465","55829194","The Final Girl Support Group","Grady Hendrix","059320123X","3","3.48","Tue, 12 Oct 2021 00:00:00 +0000","Thu, 18 Nov 2021 13:26:03 -0800","","neutral","https://www.goodreads.com/book/show/55829194","https://www.goodreads.com/review/show/3932652571?utm_medium=api&utm_source=rss","The higher you are, the harder you fall, and that's what happened with my expectations for 'The Final Girl Support Group' <br /><br />It's not that I didn't liked it, it's just that I expected something else...something more. I was promised a horror novel, but it was more of an action thriller type of book, which is fine, but not what I was hoping for. <br /><br />Now, there were some chilling descriptions and passages in here that were spooky, but not enough to even give me goosebumps, and that's disappointing, because I wanted so much to be scared by it (or at least have fun like in a slasher movie) and in that regard, it failed me.<br /><br />I think the end was a bit rushed, the motivation behind the murders was, for one of the killers stupid (a watered down version of the motive behind the killer in Scream 4), and for the other incomprehensible. I mean, did we even got a reason for why Skye 'hated' them? It's silly and not in a fun way but a confusing one because of the wasted potential and inconsistencies.<br /><br />However, not everything was bad. Once I discovered I was in for more of a thrilling ride, especially in the second half of the book, it did got better. The plot was fast-paced and even when the MC was annoying, you understood where she was coming from, so it made sense within the story. <br /><br />All in all, generally I liked it, it has some fun surprises and Easter eggs along the way for slasher and horror fans, but I didn't loved it, which is a shame because this one looked like a winner at first.","<b>In horror movies, the final girls are the ones left standing when the credits roll. They made it through the worst night of their lives…but what happens after? </b><br /><br />From chain saws to summer camp slayers, The Final Girl Support Group pays tribute to and slyly subverts our most popular horror films—movies like The Texas Chainsaw Massacre, A Nightmare on Elm Street, and Scream.<br /><br />Lynnette Tarkington is a real-life final girl who survived a massacre. For more than a decade, she’s been meeting with five other final girls and their therapist in a support group for those who survived the unthinkable, working to put their lives back together. Then one woman misses a meeting, and their worst fears are realized—someone knows about the group and is determined to rip their lives apart again, piece by piece.<br /> <br />But the thing about final girls is that no matter how bad the odds, how dark the night, how sharp the knife, they will never, ever give up.","2021"
"read","1","21161465","55511726","The Last House on Needless Street","Catriona Ward","1250812623","4","3.87","Tue, 22 Feb 2022 00:00:00 +0000","Thu, 31 Mar 2022 19:52:05 -0700","","enjoyed","https://www.goodreads.com/book/show/55511726","https://www.goodreads.com/review/show/3932647214?utm_medium=api&utm_source=rss","Wow! What did I just read?<br /><br />This was easily one of the most confusing and hard to dissect books I've ever read, both for the good and the bad. <br /><br />Is it horror? I wouldn't call it so. It may have some chilling descriptions, but I was never scared. Especially because I knew that there was *something* deep within the book that would make it all made sense and that prevented it to go full horror. And that was a bit of a humdrum (or at least it was for me) since it doesn't rush to make sense. We have 3 main POVs and 2 secondary ones, and while you may think you know how they connect, the narration makes sure you always doubt about what is happening. And I don't know… it's hard to talk about it without getting spoiler-y, but even when I'm all in for unreliable narrators and confusing storylines, it lacked excitement for the most part. Especially in the first half. <br /><br />However, once it starts to connect the dots, it definitely gets better. There may not a big GASP moment when it comes to the reveals, but there are so many organic twists and turns that really help to elevate the story and the previously confusing storylines into a cohesive circle that absolutely works. I started frustrated because of the confusion, and ended up with a little heart-wrenching smile on my face, especially when I knew that this story came from an author that really cares about her characters and the issues they (and many real people) face because of childhood abuse, trauma and mental illness. <br /><br />Now that I think about it, this IS a horror story, but not because of what happens IN the book, but for what it portrays about the real world.","In a boarded-up house on a dead-end street at the edge of the wild Washington woods lives a family of three.<br /> <br />A teenage girl who isn’t allowed outside, not after last time.<br /><br />A man who drinks alone in front of his TV, trying to ignore the gaps in his memory.<br /><br />And a house cat who loves napping and reading the Bible.<br /> <br />An unspeakable secret binds them together, but when a new neighbor moves in next door, what is buried out among the birch trees may come back to haunt them all.","2021"
"read","1","21161465","53138099","Finlay Donovan Is Killing It (Finlay Donovan, #1)","Elle Cosimano","1250241707","4","3.96","Thu, 12 Aug 2021 00:00:00 +0000","Thu, 12 Aug 2021 17:07:59 -0700","","enjoyed","https://www.goodreads.com/book/show/53138099","https://www.goodreads.com/review/show/3928498789?utm_medium=api&utm_source=rss","So, this was fun. <br /><br />This was a bit out of my confort zone since I'm not usually a fan of comedies, especially mystery comedies, but something about Finlay Donovan just clicked. <br /><br />The characters were amazing, the story was well-paced and there were some interesting twists I didn't see coming. While I never laughed out loud while reading it, I did chuckled a bit sometimes but it was mostly because of some acute observations by Finlay's part, or a funny dialogue, not because of the situations she was in. Probably that was what the author intended, or maybe not, but I still had a good time with this one, and I'm ready for the sequel. That cliffhanger was so good to resist the next one. ","<b>""Getting the job done"" for one single mom takes on a whole new meaning in <i>Finlay Donovan is Killing It.</i></b><br /><br />Finlay Donovan is killing it . . . except, she’s really not. She’s a stressed-out single-mom of two and struggling novelist, Finlay’s life is in chaos: the new book she promised her literary agent isn’t written, her ex-husband fired the nanny without telling her, and this morning she had to send her four-year-old to school with hair duct-taped to her head after an incident with scissors.<br /><br />When Finlay is overheard discussing the plot of her new suspense novel with her agent over lunch, she’s mistaken for a contract killer, and inadvertently accepts an offer to dispose of a problem husband in order to make ends meet . . . Soon, Finlay discovers that crime in real life is a lot more difficult than its fictional counterpart, as she becomes tangled in a real-life murder investigation.<br /><br /><b>Fast-paced, deliciously witty, and wholeheartedly authentic in depicting the frustrations and triumphs of motherhood in all its messiness, hilarity, and heartfelt moment, <i>Finlay Donovan Is Killing It</i> is the first in a brilliant new series from YA Edgar Award nominee Elle Cosimano.</b>","2021"
"read","1","21161465","52476830","The Push","Ashley Audrain","1984881663","5","4.01","Sat, 18 Dec 2021 00:00:00 +0000","Tue, 01 Mar 2022 20:28:50 -0800","favorites","enjoyed","https://www.goodreads.com/book/show/52476830","https://www.goodreads.com/review/show/3928497991?utm_medium=api&utm_source=rss","WOW, I don’t remember the last time I read a whole book in just a day and a half. <br /><br />This book was, up to a certain point, what I expected it to be, but also nothing like it. <br /><br />When I read a bit about it online I was like: ‘oh, it’s just a ‘We Need to Talk About Kevin’ rip-off’ and my mind was blown away when I realized that even thought they do have some points in common, this is a completely different beast. <br /><br />A fresh mix between a domestic thriller, a drama and even horror at some points, ‘The Push’ is like nothing I’ve ever read before and I can’t rate it anything lower than 5 stars. <br /><br />I can’t say much more without spoiling, so I’ll keep it short, but easily on my top 3 of books this year! ","<i>An alternative cover edition for this ISBN can be found <a href=""https://www.goodreads.com/book/show/56818956-the-push"" rel=""nofollow noopener"">here</a>.</i><br /><br /><b>A tense, page-turning psychological drama about the making and breaking of a family–and a woman whose experience of motherhood is nothing at all what she hoped for–and everything she feared.</b><br /><br />Blythe Connor is determined that she will be the warm, comforting mother to her new baby Violet that she herself never had.<br /><br />But in the thick of motherhood’s exhausting early days, Blythe becomes convinced that something is wrong with her daughter–she doesn’t behave like most children do.<br /><br />Or is it all in Blythe’s head? Her husband, Fox, says she’s imagining things. The more Fox dismisses her fears, the more Blythe begins to question her own sanity, and the more we begin to question what Blythe is telling us about her life as well.<br /><br />Then their son Sam is born–and with him, Blythe has the blissful connection she’d always imagined with her child. Even Violet seems to love her little brother. But when life as they know it is changed in an instant, the devastating fall-out forces Blythe to face the truth.<br /><br /><i>The Push</i> is a tour de force you will read in a sitting, an utterly immersive novel that will challenge everything you think you know about motherhood, about what we owe our children, and what it feels like when women are not believed.","2021"
"read","1","21161465","54613751","House of Hollow","Krystal Sutherland","059311034X","3","4.00","Sat, 14 Aug 2021 00:00:00 +0000","Sat, 02 Jul 2022 20:55:29 -0700","","neutral","https://www.goodreads.com/book/show/54613751","https://www.goodreads.com/review/show/3926948150?utm_medium=api&utm_source=rss","This is a 3 stars read to me, and I’m conflicted by it. <br /><br />The first half of the book was AMAZING, I really mean it. The mystery was exciting, the writing was beautiful and the characters, if not lovable, at least were intriguing. I could sense some wrongness in the situation the sisters were living in, and it was so refreshing. I was ready for a 5 star read. <br /><br />And then the second half of the book came and it all went downhill. Just by the 50% mark of the book, something happens that makes the whole mysterious vibe crash down and it never really gets back on track. Suddenly it becomes a Riverdale meets Alice in Wonderland type of story that not even reaches the level of ridiculousness the former has, or well… the wonder from the latter. <br /><br />Finally, I thought that the *twist* might have been worthy, but it just wasn’t, really. It’s not a bad twist, but it’s kind of a predictable one (in the context of this story in particular), so I can’t even say that my mind was blown away by the end. <br /><br />All in all, I think my main feeling is disappointment because of the wasted potential and the enormous letdown the second half of the book brings, especially after those amazing first 140 pages.","Seventeen-year-old Iris Hollow has always been strange. Something happened to her and her two older sisters when they were children, something they can’t quite remember but that left each of them with an identical half-moon scar at the base of their throats. <br /><br />Iris has spent most of her teenage years trying to avoid the weirdness that sticks to her like tar. But when her eldest sister, Grey, goes missing under suspicious circumstances, Iris learns just how weird her life can get: horned men start shadowing her, a corpse falls out of her sister’s ceiling, and ugly, impossible memories start to twist their way to the forefront of her mind. <br /><br />As Iris retraces Grey’s last known footsteps and follows the increasingly bizarre trail of breadcrumbs she left behind, it becomes apparent that the only way to save her sister is to decipher the mystery of what happened to them as children. <br /><br />The closer Iris gets to the truth, the closer she comes to understanding that the answer is dark and dangerous – and that Grey has been keeping a terrible secret from her for years.","2021"
"read","1","21161465","52346471","Firekeeper’s Daughter (Firekeeper's Daughter, #1)","Angeline Boulley","","2","4.30","Sun, 27 Mar 2022 00:00:00 +0000","Thu, 31 Mar 2022 19:43:00 -0700","","notEnjoyed","https://www.goodreads.com/book/show/52346471","https://www.goodreads.com/review/show/3925292440?utm_medium=api&utm_source=rss","I know this is going to be an unpopular opinion, but I don't know why people LOVE this book.<br /><br />I don't know, I think this is my 'Where the Crawdads Sing' situation of 2022 where a book is so hyped that it doesn't meet my expectations, or it's probably just not my genre. <br /><br />But why wouldn't it be? It's YA and I really like the genre, also it's sold as a thriller, which I also tend to love, but I didn't click with it, and I think that was because of 4 main reasons:<br /><br />1. This may be most of a personal reason, but a big part of the plot revolves around hockey. And not just by making quick references or some vague mentions, hockey breathes through the novel and there are chapters where hockey matches are played with so much detail that I can just tell that the author is a fan. FYI, apart from being a YA semi-mystery, this could also be read as a sports novel. And for me, that's a no-no.<br /><br />2. The main characters, unfortunately, don't feel like much like characters. On one side, we have our main girl Daunis who tends to feel like an info-dumper most of the time, especially during the first third. I know this is a debut and given the context and background of her character, this was probably needed, but 90 pages of pure background information before anything happens, is just too much. On the other hand, Jamie… I won't say much, but for just one second did we really believed he could be an FBI agent? C'mon… he’s the most useless FBI agent I’ve ever read about. <br /><br />3. Apart from them (and probably Levi and Auntie Teddy), any other character was, curiously, over mentioned, but at the same time underdeveloped. I don't know how to explain it, but I don't think that many characters were necessary. Especially since many of them were around for a few chapters, and then you just had to remember what they did for everything to make sense at the end. Maybe it was just me, since I was mostly skim reading past the 150-page mark, but it was hard to keep up sometimes. <br /><br />4. The thrill factor. Also, probably not the book's fault, but when something is sold as a thriller, I expect to be… well, thrilled. This didn't happen, except during the climax. The rest of if was mostly a mystery, which was fine, but for me, it was too slow. It didn't need to be a 500 pages book. <br /><br />Now, was it all terrible? Nope. There were some things I liked, but I would like to highlight two things:<br /><br />1. The ending was so powerful. And I'm not talking about the revelations of the mystery, per se (which were also good… a bit unbelievable, but good) but a thing that happened in the last 100 pages and that, unfortunately, didn't have a lot of consequences for the perpetrator. I won't say what it is, but if you've read it, you know, and even if I think these type of creative decision may be hard to take and even judged by some, I think that what Angeline Boulley did with that storyline was the saddest thing to happen in the whole book, but also was so believable, that glossing over it or not giving it the weight it deserves, would have been a disservice to any young woman who reads it. <br /><br />2. Here comes a spoiler, but I was so glad to see that Daunis didn't stay with Jamie, at least for now. Everything in their relationship was a lie (even if their love wasn't) and they both needed to grow, breathe and figure out their feelings before committing to being together officially. That was a mature decision and I applaud it. <br /><br />All in all, this wasn't my favorite book and I would recommend it mostly because it is important to have different cultures in literature and this one does the job, I just wished I liked the story and characters better than I did.","As a biracial, unenrolled tribal member and the product of a scandal, Daunis Fontaine has never quite fit in—both in her hometown and on the nearby Ojibwe reservation. When her family is struck by tragedy, Daunis puts her dreams on hold to care for her fragile mother. The only bright spot is meeting Jamie, the charming new recruit on her brother’s hockey team.<br /><br />After Daunis witnesses a shocking murder that thrusts her into a criminal investigation, she agrees to go undercover. But the deceptions—and deaths—keep piling up and soon the threat strikes too close to home. How far will she go to protect her community if it means tearing apart the only world she’s ever known?","2021"
"read","1","21161465","24885506","Clockwork Princess (The Infernal Devices, #3)","Cassandra Clare","1481456032","4","4.60","Mon, 6 Jun 2022 00:00:00 +0000","Mon, 13 Jun 2022 20:19:09 -0700","","enjoyed","https://www.goodreads.com/book/show/24885506","https://www.goodreads.com/review/show/3918082588?utm_medium=api&utm_source=rss","Wow, that epilogue! <br /><br />Truth be told, I wasn't feeling this book during the first third, but it did turn around. Why I wasn't a fan? Mostly because I didn't care at all about the plot. I know we needed to get through that, but I was here just for the characters. <br /><br />I refuse to believe that the same woman who created the worst romantic relationship ever (Jace and Clary) could also write the only love triangle I've loved in any book I've ever read. That is something amazing. But it's true. <br /><br />The relationship between Will, Jem, and Tessa was the glue that holds this entire series together and I'm glad to, at last, finish it, so I can read about why people love and still talk about ""The Infernal Devices"" without spoiling myself. <br /><br />Was it all too easy? Yes. Did I care? No. Maybe we didn't need 100 pages to finally end the trilogy, but the epilogue was something else and made up for any faults the book could have. <br /><br />I won't add much (everybody already read this one). I just loved it. ","A net of shadows begins to tighten around the Shadowhunters of the London Institute. Mortmain plans to use his Infernal Devices, an army of pitiless automatons, to destroy the Shadowhunters. He needs only one last item to complete his plan: he needs Tessa Gray.<br /><br />Charlotte Branwell, head of the London Institute, is desperate to find Mortmain before he strikes. But when Mortmain abducts Tessa, the boys who lay equal claim to her heart, Jem and Will, will do anything to save her. For though Tessa and Jem are now engaged, Will is as much in love with her as ever.<br /><br />As those who love Tessa rally to rescue her from Mortmain’s clutches, Tessa realizes that the only person who can save her is herself. But can a single girl, even one who can command the power of angels, face down an entire army?<br /><br />Danger and betrayal, secrets and enchantment, and the tangled threads of love and loss intertwine as the Shadowhunters are pushed to the very brink of destruction in the breathtaking conclusion to the Infernal Devices trilogy.","2013"
"read","1","21161465","24944889","City of Heavenly Fire (The Mortal Instruments, #6)","Cassandra Clare","1481444425","4","4.40","Tue, 8 Nov 2022 00:00:00 +0000","Tue, 08 Nov 2022 15:56:19 -0800","","enjoyed","https://www.goodreads.com/book/show/24944889","https://www.goodreads.com/review/show/3918082603?utm_medium=api&utm_source=rss","A great way to finish this whole saga. <br />It almost redeemed the whole second half of the series.<br /><br />Also, Tessa and Jem 🥲","Shadowhunters and demons square off for the final showdown in the spellbinding, seductive conclusion to the #1 <i>New York Times</i> bestselling Mortal Instruments series.<br /><br />Darkness has descended on the Shadowhunter world. Chaos and destruction overwhelm the Nephilim as Clary, Jace, Simon, and their friends band together to fight the greatest evil they have ever faced: Clary’s own brother. Sebastian Morgenstern is on the move, systematically turning Shadowhunter against Shadowhunter. Bearing the Infernal Cup, he transforms Shadowhunters into creatures of nightmare, tearing apart families and lovers as the ranks of his Endarkened army swell. Nothing in this world can defeat Sebastian—but if they journey to the realm of demons, they just might have a chance…<br /><br />Lives will be lost, love sacrificed, and the whole world will change. Who will survive the explosive sixth and final installment of the Mortal Instruments series?","2014"
"read","1","21161465","24885521","City of Lost Souls (The Mortal Instruments, #5)","Cassandra Clare","1481456008","3","4.04","Fri, 8 Apr 2022 00:00:00 +0000","Mon, 11 Apr 2022 16:43:17 -0700","","neutral","https://www.goodreads.com/book/show/24885521","https://www.goodreads.com/review/show/3918082563?utm_medium=api&utm_source=rss","I don't know how much I can add about an old sequel from a very old YA series, so I think I'll keep this one short. <br /><br />It definitely is a step-up from the previous book, which was mostly terrible and boring, but I still can't remember half of what happens here besides ""Jace is evil and horny now... and now he's not"". I had fun, it was a pleasant read, and, for the first time, the relationship between Clary and Jace was not an eye-rolling one, even if she is still one of the most stupid main characters I've ever read.<br /><br />Definitely, one of the best decisions Cassandra Clare made regarding this book was finally giving other characters a time in the spotlight with the constantly changing POV. It turned the book into a more dynamic read, even if sometimes nothing was really happening. <br /><br />However, it doesn't hold up as well as the original trilogy since everything feels like an afterthought (which we all know that it was). And a long one at that. ","What price is too high to pay, even for love? Plunge into fifth installment in the internationally bestselling Mortal Instruments series and “prepare to be hooked” (Entertainment Weekly)—now with a gorgeous new cover, a map, a new foreword, and exclusive bonus content! City of Lost Souls is a Shadowhunters novel.<br /><br />When Jace and Clary meet again, Clary is horrified to discover that the demon Lilith’s magic has bound her beloved Jace together with her evil brother Sebastian, and that Jace has become a servant of evil. The Clave is out to destroy Sebastian, but there is no way to harm one boy without destroying the other. As Alec, Magnus, Simon, and Isabelle wheedle and bargain with Seelies, demons, and the merciless Iron Sisters to try to save Jace, Clary plays a dangerous game of her own. The price of losing is not just her own life, but Jace’s soul. She’s willing to do anything for Jace, but can she still trust him? Or is he truly lost?<br /><br />Love. Blood. Betrayal. Revenge. Darkness threatens to claim the Shadowhunters in the harrowing fifth book of the Mortal Instruments series.","2012"
"read","1","21161465","24885508","City of Fallen Angels (The Mortal Instruments, #4)","Cassandra Clare","1481455990","2","3.79","Wed, 3 Nov 2021 00:00:00 +0000","Tue, 05 Apr 2022 18:45:08 -0700","","notEnjoyed","https://www.goodreads.com/book/show/24885508","https://www.goodreads.com/review/show/3918082550?utm_medium=api&utm_source=rss","Oh well, not everything can be perfect. <br /><br />I knew beforehand that this was the least liked TMI book in the whole series, but I didn't knew how bad it could get. Admittedly, for almost three quarters of the book, this was a 2 star read: the characters were annoying, the plot was dragged on and on and on, the romantic subplots were stupid and it was just soooo boring. Literally nothing was happening, Clary &amp; Co just moved from one place to another doing absolutely nothing.<br /><br />I seriously started to wonder if I was going to be able to read the second half of this series... and hopefully the last 150 pages really turned this book around and became what the rest of these books used to be: fun, exciting and while silly, very entertaining. Yes, the 'who' in this terrible whodunnit was underwhelming, but the idea behind the twist was good. I seriously believe that the author had some good ideas for this book (and probably the fifth and sixth book will be better) but they were executed in the worst way possible by making the whole set of characters just plainly unlikeable until the very end when they just discovered the magic of communicating (except for Clary and Jace... they just refuse to grow up). <br /><br />Like I said, if if wasn't for the last 150 pages, the fact that we got to know Isabelle a whole lot more than on previous books, and that it has a killer cliffhanger, this would be a 2 star read, however, just because of those things I decided to bump it up to 3 stars. I seriously hope that this was a misstep and we can go back to the excitement the rest of these books brought me in the past.<br /><br />Edit: I re-rated it to 2 stars, it was bad. ","The Mortal War is over, and sixteen-year-old Clary Fray is back home in New York, excited about all the possibilities before her. She’s training to become a Shadowhunter and to use her unique power. Her mother is getting married to the love of her life. Downworlders and Shadowhunters are at peace at last. And—most importantly of all—she can finally call Jace her boyfriend.<br /><br />But nothing comes without a price.<br /><br />Someone is murdering Shadowhunters, provoking tensions between Downworlders and Shadowhunters that could lead to a second, bloody war. Clary’s best friend, Simon, can’t help her—his mother just found out that he’s a vampire, and now he’s homeless. When Jace begins to pull away from her without explaining why, Clary is forced to delve into the heart of a mystery whose solution reveals her worst she herself has set in motion a terrible chain of events that could lead to her losing everything she loves. Even Jace.","2011"
"read","1","21161465","24885507","Clockwork Prince (The Infernal Devices, #2)","Cassandra Clare","1481456016","4","4.43","Thu, 20 Jan 2022 00:00:00 +0000","Thu, 20 Jan 2022 17:24:33 -0800","","enjoyed","https://www.goodreads.com/book/show/24885507","https://www.goodreads.com/review/show/3918082524?utm_medium=api&utm_source=rss","It’s definitely not as good as the first one, since the whole book doesn’t have much of a plot and we’re still on the same situation as we were at the end of the first one regarding Mortmain and his automatons and stuff, but it’s as addictive as the previous one, especially during the second half of the book, and you become SO invested in the romance that’s it’s hard to look away. I am not the biggest fan of love triangles, but here we can find an amazingly written one. <br /><br />Now I see why many people prefer this series over TMI, and I totally agree. Even if there’s not much happening, the characters are worth a read.","In the magical underworld of Victorian London, Tessa Gray has at last found safety with the Shadowhunters. But that safety proves fleeting when rogue forces in the Clave plot to see her protector, Charlotte, replaced as head of the Institute. If Charlotte loses her position, Tessa will be out on the street—and easy prey for the mysterious Magister, who wants to use Tessa’s powers for his own dark ends.<br /><br />With the help of the handsome, self-destructive Will and the fiercely devoted Jem, Tessa discovers that the Magister’s war on the Shadowhunters is deeply personal. He blames them for a long-ago tragedy that shattered his life. To unravel the secrets of the past, the trio journeys from mist-shrouded Yorkshire to a manor house that holds untold horrors, from the slums of London to an enchanted ballroom where Tessa discovers that the truth of her parentage is more sinister than she had imagined. When they encounter a clockwork demon bearing a warning for Will, they realize that the Magister himself knows their every move—and that one of their own has betrayed them.<br /><br />Tessa finds her heart drawn more and more to Jem, but her longing for Will, despite his dark moods, continues to unsettle her. But something is changing in Will—the wall he has built around himself is crumbling. Could finding the Magister free Will from his secrets and give Tessa the answers about who she is and what she was born to do?<br /><br />As their dangerous search for the Magister and the truth leads the friends into peril, Tessa learns that when love and lies are mixed, they can corrupt even the purest heart.","2011"
"read","1","21161465","24885649","Clockwork Angel (The Infernal Devices, #1)","Cassandra Clare","1481456024","5","4.25","Sat, 11 Sep 2021 00:00:00 +0000","Mon, 13 Sep 2021 13:54:12 -0700","","enjoyed","https://www.goodreads.com/book/show/24885649","https://www.goodreads.com/review/show/3918082500?utm_medium=api&utm_source=rss","This was simply amazing from start to finish!","<b>Magic is dangerous—but love is more dangerous still.</b><br /><br />When sixteen-year-old Tessa Gray crosses the ocean to find her brother, her destination is England, the time is the reign of Queen Victoria, and something terrifying is waiting for her in London’s Downworld, where vampires, warlocks, and other supernatural folk stalk the gaslit streets. Only the Shadowhunters, warriors dedicated to ridding the world of demons, keep order amidst the chaos.<br /><br />Kidnapped by the mysterious Dark Sisters, members of a secret organization called The Pandemonium Club, Tessa soon learns that she herself is a Downworlder with a rare ability: the power to transform, at will, into another person. What’s more, the Magister, the shadowy figure who runs the Club, will stop at nothing to claim Tessa’s power for his own.<br /><br />Friendless and hunted, Tessa takes refuge with the Shadowhunters of the London Institute, who swear to find her brother if she will use her power to help them. She soon finds herself fascinated by—and torn between—two best friends: James, whose fragile beauty hides a deadly secret, and blue-eyed Will, whose caustic wit and volatile moods keep everyone in his life at arm’s length… everyone, that is, but Tessa.<br /><br />As their search draws them deep into the heart of an arcane plot that threatens to destroy the Shadowhunters, Tessa realizes that she may need to choose between saving her brother and helping her new friends save the world… and that love may be the most dangerous magic of all.","2010"
"read","1","21161465","24885531","City of Glass (The Mortal Instruments, #3)","Cassandra Clare","1481455982","4","4.19","Sun, 20 Jun 2021 00:00:00 +0000","Sun, 30 Oct 2022 14:42:25 -0700","","enjoyed","https://www.goodreads.com/book/show/24885531","https://www.goodreads.com/review/show/3918082471?utm_medium=api&utm_source=rss","4.5 stars because I just looooove these books!!!<br /><br />The dialogue can be cheesy, the characters are a bit annoying sometimes, the incest storyline was extended waaaaaay too much, and the villain may have the most stupid motive I’ve ever read, BUT, these are so much fun, and I had a great time reading it. <br /><br />I’m ready for what’s next","To save her mother’s life, Clary must travel to the City of Glass, the ancestral home of the Shadowhunters—never mind that entering the city without permission is against the Law, and breaking the Law could mean death. To make things worse, she learns that Jace does not want her there, and Simon has been thrown in prison by the Shadowhunters, who are deeply suspicious of a vampire who can withstand sunlight.<br /><br />As Clary uncovers more about her family’s past, she finds an ally in mysterious Shadowhunter Sebastian. With Valentine mustering the full force of his power to destroy all Shadowhunters forever, their only chance to defeat him is to fight alongside their eternal enemies. But can Downworlders and Shadowhunters put aside their hatred to work together? While Jace realizes exactly how much he’s willing to risk for Clary, can she harness her newfound powers to help save the Glass City—whatever the cost?","2009"
"read","1","21161465","24885524","City of Ashes (The Mortal Instruments, #2)","Cassandra Clare","1481455974","5","3.85","Mon, 24 May 2021 00:00:00 +0000","Mon, 24 May 2021 22:55:46 -0700","","enjoyed","https://www.goodreads.com/book/show/24885524","https://www.goodreads.com/review/show/3918082458?utm_medium=api&utm_source=rss","Even if I was annoyed by the whole “Simon is dying/dead/going to die” thing that happens not once, not twice but THREE times in this book, I was obsessed with it and I couldn’t stop reading!<br /><br />I lovedddd it, there’s nothing more I can say ","Clary Fray just wishes that her life would go back to normal. But what’s normal when you’re a demon-slaying Shadowhunter, your mother is in a magically induced coma, and you can suddenly see Downworlders like werewolves, vampires, and faeries? If Clary left the world of the Shadowhunters behind, it would mean more time with her best friend, Simon, who’s becoming more than a friend. But the Shadowhunting world isn’t ready to let her go—especially her handsome, infuriating, newfound brother, Jace. And Clary’s only chance to help her mother is to track down rogue Shadowhunter Valentine, who is probably insane, certainly evil—and also her father.<br /><br />To complicate matters, someone in New York City is murdering Downworlder children. Is Valentine behind the killings—and if he is, what is he trying to do? When the second of the Mortal Instruments, the Soul-Sword, is stolen, the terrifying Inquisitor arrives to investigate and zooms right in on Jace. How can Clary stop Valentine if Jace is willing to betray everything he believes in to help their father?<br /><br />In this breathtaking sequel to City of Bones, Cassandra Clare lures her readers back into the dark grip of New York City’s Downworld, where love is never safe and power becomes the deadliest temptation.","2008"
"read","1","21161465","48888168","Cinder (The Lunar Chronicles, #1)","Marissa Meyer","1250768888","4","4.14","Mon, 17 Apr 2023 00:00:00 +0000","Tue, 18 Apr 2023 12:45:22 -0700","","enjoyed","https://www.goodreads.com/book/show/48888168","https://www.goodreads.com/review/show/3912816869?utm_medium=api&utm_source=rss","Fun but a tad predictable!","<i>The prince straightened, forcing her gaze to follow him. “You’re not quite what I was expecting.”</i><br /><br />Humans and androids crowd the raucous streets of New Beijing. A deadly plague ravages the population. From space, a ruthless lunar people watch, waiting to make their move. No one knows that Earth's fate hinges on one girl. . . .<br /><br />Cinder, a gifted mechanic, is a cyborg. She's a second-class citizen with a mysterious past, reviled by her stepmother and blamed for her stepsister's illness. But when her life becomes intertwined with the handsome Prince Kai's, she suddenly finds herself at the center of an intergalactic struggle, and a forbidden attraction. Caught between duty and freedom, loyalty and betrayal, she must uncover secrets about her past in order to protect her world's future.<br /><br />With high-stakes action and a smart, resourceful heroine, Cinder is a Cinderella retelling that is at once classic and strikingly original.","2012"
"read","1","21161465","50892338","Legendborn (The Legendborn Cycle, #1)","Tracy Deonn","1534441603","4","4.28","Thu, 10 Mar 2022 00:00:00 +0000","Thu, 31 Mar 2022 19:48:00 -0700","","enjoyed","https://www.goodreads.com/book/show/50892338","https://www.goodreads.com/review/show/3910308145?utm_medium=api&utm_source=rss","So, this one was good. Really good… 4.5 stars good. <br /><br />Now, I won't deny that I was a bit intimidated by this book because it's the first one in a series, it is long and the font is a bit small, but when you have a good story in your hands, nothing else matters. You're glued to the pages, and they just fly by. <br /><br />I really don't know what to say about it because I would really advise to anyone who goes into it, to just go blind. Yes, it is a bit of a retelling of the Arthurian legends, but it is also SO much more. It has incredible depth (at least with our MC), the story takes her Blackness and her heritage to really propel how the plot progresses, it has some amazing representation, and it's just intriguing to see how it all develops before your eyes. <br /><br />Is it perfect? I don't think so: the world building is ENORMOUS and confusing. By the end of it, I kind of grasped the most important things about it, but some other things I just plainly ignored because there were a lot of names and ranks to remember that they all blurred together. And that leads me to another point that acts to the detriment of the overall story: it has so many characters that you can't keep up with them. <br /><br />Don't get me wrong: I can manage a lot of characters. Many books have this big cast of characters to get to know and remember, but it's not just remembering them, it's getting to know them, and that's where 'Legendborn' fails a bit. We do get to know Bree, Nick, Sel, Alice, and a couple of others, but we also have like 7 more secondary characters who just pop up out of nowhere and who are actually important to the story, and we do not know anything about them besides their name. This not only leads to apathy towards them and for the reader to get frustrated and ignore their existence, but it also diminishes the impact some events (especially in the last third of the book) should have. <br /><br />I read some reviews about this book that say it is a predictable YA adventure, but I mostly disagree. Yes, it definitely has some clichés of the genre like a love triangle, the moody with a haunting secret male character who we all hate in the beginning, but then we grow to care about, the chosen-one journey, the betrayal at the end by someone we thought was an ally and so on, but it also brings so much more to its story by treating topics like race, gender, sexuality and cultural heritage that you can rarely find in YA. And just because of that, I think it's worth a read. <br /><br />Besides, it is really exciting. Just read it.","<b>An Instant <i>New York Times</i> Bestseller!<br />Winner of the Coretta Scott King - John Steptoe for New Talent Author Award<br /><br />Filled with mystery and an intriguingly rich magic system, Tracy Deonn's YA contemporary fantasy <i>Legendborn</i> offers the dark allure of <i>City of Bones</i> with a modern-day twist on a classic legend and a lot of Southern Black Girl Magic.</b><br /><br />After her mother dies in an accident, sixteen-year-old Bree Matthews wants nothing to do with her family memories or childhood home. A residential program for bright high schoolers at UNC-Chapel Hill seems like the perfect escape — until Bree witnesses a magical attack her very first night on campus.<br /><br />A flying demon feeding on human energies.<br /><br />A secret society of so called ""Legendborn"" students that hunt the creatures down.<br /><br />And a mysterious teenage mage who calls himself a ""Merlin"" and who attempts — and fails — to wipe Bree's memory of everything she saw.<br /><br />The mage's failure unlocks Bree's own unique magic and a buried memory with a hidden connection: the night her mother died, another Merlin was at the hospital. Now that Bree knows there's more to her mother's death than what's on the police report, she'll do whatever it takes to find out the truth, even if that means infiltrating the Legendborn as one of their initiates.<br /><br />She recruits Nick, a self-exiled Legendborn with his own grudge against the group, and their reluctant partnership pulls them deeper into the society's secrets — and closer to each other. But when the Legendborn reveal themselves as the descendants of King Arthur's knights and explain that a magical war is coming, Bree has to decide how far she'll go for the truth and whether she should use her magic to take the society down — or join the fight.","2020"
"read","1","21161465","52166786","The Empire of Gold (The Daevabad Trilogy, #3)","S.A. Chakraborty","0062678167","4","4.47","Sat, 18 Sep 2021 00:00:00 +0000","Sat, 18 Sep 2021 16:34:00 -0700","","enjoyed","https://www.goodreads.com/book/show/52166786","https://www.goodreads.com/review/show/3858515996?utm_medium=api&utm_source=rss","Wow, this was a long and wild book<br /><br />I don’t know if there is much to say about a third and final book in a fantasy trilogy, so I’ll try to keep it short. <br /><br />These were good, without ever being my favorite. The Daevabad books were, from the start, so much more complex than the usual fantasy series tend to be, and while I can appreciate that, it’s also the thing that makes me NOT love it. It was, at the end, too convoluted and complicated for my taste, and I was just like “oh, ok, here’s ANOTHER complicated past secret/heritage/pact to have in mind”, and while this can be fun, too much of it is tedious, and I think, at the end, it was an overused element. <br /><br />Just like in previous books, the author really excels much more in the more intimate and character driven moments than in the plot ones, because of the same reasons I just mentioned, which ultimately makes The Empire of Gold fall behind the second book (my favorite in the trilogy, tbh), because this one has the task to close every storyline, and since Chakraborty was already in a politically charged and convoluted plot, there was no easy way out. I can applaud that complexity in a novel, and a lot of people may like it, but I just got lost by the end. <br /><br />However I ultimately fell in love with the characters and how they always stay true to their original selfs since the first book, and if I stayed reading this series for more than 2000 pages is because, despite its many faults, you can’t help but care about what is going on with its charismatic characters. <br /><br />Taking the three books in consideration, I think the whole trilogy is a solid 4 star read to me, and I’m excited for the books Chakraborty will bring in the future.","<strong>The final chapter in the Daevabad Trilogy, in which a con-woman and an idealistic djinn prince join forces to save a magical kingdom from a devastating civil war.</strong><br /><br />Daevabad has fallen.<br /><br />After a brutal conquest stripped the city of its magic, Nahid leader Banu Manizheh and her resurrected commander, Dara, must try to repair their fraying alliance and stabilize a fractious, warring people.<br /><br />But the bloodletting and loss of his beloved Nahri have unleashed the worst demons of Dara’s dark past. To vanquish them, he must face some ugly truths about his history and put himself at the mercy of those he once considered enemies.<br /><br />Having narrowly escaped their murderous families and Daevabad’s deadly politics, Nahri and Ali, now safe in Cairo, face difficult choices of their own. While Nahri finds peace in the old rhythms and familiar comforts of her human home, she is haunted by the knowledge that the loved ones she left behind and the people who considered her a savior are at the mercy of a new tyrant. Ali, too, cannot help but look back, and is determined to return to rescue his city and the family that remains. Seeking support in his mother’s homeland, he discovers that his connection to the marid goes far deeper than expected and threatens not only his relationship with Nahri, but his very faith.<br /><br />As peace grows more elusive and old players return, Nahri, Ali, and Dara come to understand that in order to remake the world, they may need to fight those they once loved . . . and take a stand for those they once hurt.","2020"
"read","1","21161465","39855052","The Kingdom of Copper (The Daevabad Trilogy, #2)","S.A. Chakraborty","0062678132","4","4.43","Tue, 13 Apr 2021 00:00:00 +0000","Tue, 13 Apr 2021 21:28:32 -0700","","enjoyed","https://www.goodreads.com/book/show/39855052","https://www.goodreads.com/review/show/3858515946?utm_medium=api&utm_source=rss","OMG with those last 5 chapters, they were one of the most engrossing pages I've ever read.<br /><br />I feel a little bad for the 4-star rating because this is actually a 4.5 read, but something in me doesn't feel like it should be upped to a 5, mainly because I think it's a bit longer that it should and the middle dragged a bit in consequence.<br /><br />However, I felt more engrossed on this book than I was on the first one, probably because the whole tribe situation is so much easier to follow, the 3 POVs were interesting and weren't all that disconnected, even though 1 one of them was for the 90% of the book and interesting developments were scattered throughout the whole book, instead of just on the last couple of chapters.<br /><br />I think that actually this book made me realize that my actual rating to the first one is a 3.5, not a 4, because I was a reluctant to start 'The Kingdom of Copper' and now I'm definitely eager to start 'The Empire of Gold'<br /><br />Btw, I don't know why but on the first one I really liked Dara, and now he irritates me... he's just so useless and just follows directions even though he knows what he is doing is wrong. Anyway, let's see how this ends...","<b>Return to Daevabad in the spellbinding sequel to THE CITY OF BRASS.</b><br /><br />Nahri’s life changed forever the moment she accidentally summoned Dara, a formidable, mysterious djinn, during one of her schemes. Whisked from her home in Cairo, she was thrust into the dazzling royal court of Daevabad and quickly discovered she would need all her grifter instincts to survive there.<br /><br />Now, with Daevabad entrenched in the dark aftermath of the battle that saw Dara slain at Prince Ali’s hand, Nahri must forge a new path for herself, without the protection of the guardian who stole her heart or the counsel of the prince she considered a friend. But even as she embraces her heritage and the power it holds, she knows she’s been trapped in a gilded cage, watched by a king who rules from the throne that once belonged to her familyand one misstep will doom her tribe.<br /><br />Meanwhile, Ali has been exiled for daring to defy his father. Hunted by assassins, adrift on the unforgiving copper sands of his ancestral land, he is forced to rely on the frightening abilities the marid, the unpredictable water spirits, have gifted him. But in doing so, he threatens to unearth a terrible secret his family has long kept buried.<br /><br />And as a new century approaches and the djinn gather within Daevabad's towering brass walls for celebrations, a threat brews unseen in the desolate north. It’s a force that would bring a storm of fire straight to the city’s gates . . . and one that seeks the aid of a warrior trapped between worlds, torn between a violent duty he can never escape and a peace he fears he will never deserve.","2019"
"read","1","21161465","40024139","Serpent & Dove (Serpent & Dove, #1)","Shelby Mahurin","","4","3.91","Sat, 15 Jan 2022 00:00:00 +0000","Sat, 15 Jan 2022 13:10:01 -0800","","enjoyed","https://www.goodreads.com/book/show/40024139","https://www.goodreads.com/review/show/3846908913?utm_medium=api&utm_source=rss","What an amazing 4.5 star read ‘Serpent &amp; Dove’ was. <br /><br />It was romantic, exciting and while a bit overlong (the first 1/3 was a bit lacking) the rest of the book really made up for it. Now, I must admit that the plot it’s not the most innovative or groundbreaking, but a handful of well written characters and a well constructed romance were just what it needed. <br /><br />Not everything was perfect, especially like I said in the first 150 pages or so. The author took her time to really establish the world and the situation in hand, and sometimes it was done a little bit sloppily, but since this book is a debut I must applaud the addictiveness and great pacing of the story that Mahurin also imprinted in here. <br /><br />I don’t have too much to add, I’m nervous about the second book since I know it’s not a beloved one, but I’ll make sure to read it soon. ","<b>Bound as one to love, honor, or burn.</b><br /><br />Two years ago, Louise le Blanc fled her coven and took shelter in the city of Cesarine, forsaking all magic and living off whatever she could steal. There, witches like Lou are hunted. They are feared. And they are burned.<br /><br />Sworn to the Church as a Chasseur, Reid Diggory has lived his life by one principle: <i>thou shalt not suffer a witch to live.</i> His path was never meant to cross with Lou's, but a wicked stunt forces them into an impossible union—holy matrimony.<br /><br />The war between witches and Church is an ancient one, and Lou's most dangerous enemies bring a fate worse than fire. Unable to ignore her growing feelings, yet powerless to change what she is, a choice must be made.<br /><br />And love makes fools of us all.<br /><br /><i>This is a previously published edition of ISBN 9780062878021. An alternate cover edition can be found <a href=""https://www.goodreads.com/book/show/49683002-serpent-dove"" rel=""nofollow noopener"">here</a>.</i>","2019"
"read","1","21161465","53138095","A ​Court of Silver Flames (A Court of Thorns and Roses, #5)","Sarah J. Maas","168119628X","4","4.43","Wed, 28 Dec 2022 00:00:00 +0000","Wed, 28 Dec 2022 21:19:56 -0800","","enjoyed","https://www.goodreads.com/book/show/53138095","https://www.goodreads.com/review/show/3840881712?utm_medium=api&utm_source=rss","A bit overlong, but Nesta is now my favorite character in this entire series! <br /><br />Also, Cassian&gt;&gt;&gt;&gt;Rhys ","<b>Sarah J. Maas's sexy, richly imagined series continues with the journey of Feyre's fiery sister, Nesta.</b><br /><br />Nesta Archeron has always been prickly-proud, swift to anger, and slow to forgive. And ever since being forced into the Cauldron and becoming High Fae against her will, she's struggled to find a place for herself within the strange, deadly world she inhabits. Worse, she can't seem to move past the horrors of the war with Hybern and all she lost in it.<br /><br />The one person who ignites her temper more than any other is Cassian, the battle-scarred warrior whose position in Rhysand and Feyre's Night Court keeps him constantly in Nesta's orbit. But her temper isn't the only thing Cassian ignites. The fire between them is undeniable, and only burns hotter as they are forced into close quarters with each other.<br /><br />Meanwhile, the treacherous human queens who returned to the Continent during the last war have forged a dangerous new alliance, threatening the fragile peace that has settled over the realms. And the key to halting them might very well rely on Cassian and Nesta facing their haunting pasts.<br /><br />Against the sweeping backdrop of a world seared by war and plagued with uncertainty, Nesta and Cassian battle monsters from within and without as they search for acceptance-and healing-in each other's arms.","2021"
"read","1","21161465","53119239","A Court of Frost and Starlight (A Court of Thorns and Roses, #4)","Sarah J. Maas","1526617188","3","3.67","Mon, 25 Jul 2022 00:00:00 +0000","Tue, 16 Aug 2022 21:34:04 -0700","","neutral","https://www.goodreads.com/book/show/53119239","https://www.goodreads.com/review/show/3840881558?utm_medium=api&utm_source=rss","I didn’t care about anything that happened in here, but I want to read the next one, and I’m a purist… 🤷🏻‍♂️","<b>In this companion tale to the bestselling <i>A Court of Thorns and Roses</i> series, Feyre, Rhys and their friends are working to rebuild the Night Court and the vastly changed world beyond after the events of <i>A Court of Wings and Ruin</i>. </b><br /><br />But Winter Solstice is finally near, and with it a hard-earned reprieve. Yet even the festive atmosphere can't keep the shadows of the past from looming. As Feyre navigates her first Winter Solstice as High Lady, she finds that those dearest to her have more wounds than she anticipated – scars that will have a far-reaching impact on the future of their court.","2018"
"read","1","21161465","50659468","A Court of Mist and Fury (A Court of Thorns and Roses, #2)","Sarah J. Maas","1635575583","4","4.63","Sun, 13 Feb 2022 00:00:00 +0000","Sun, 13 Feb 2022 22:29:27 -0800","","enjoyed","https://www.goodreads.com/book/show/50659468","https://www.goodreads.com/review/show/3840881420?utm_medium=api&utm_source=rss","I’ve done it! I read one of the most beloved SJM’s books and… it wasn’t my favorite. <br /><br />I mean, I liked it. It’s definitely superior to the first one and there is SO much growth in Feyre, that it amazes me how much I ended up liking her here, when at least for me, she was a weak spot in ‘A Court of Thorns and Roses’, but I’m still not head over heels with this series in general, and I can’t really pinpoint why. <br /><br />Perhaps because they suffer from being overlong and over complicated. I mean, the main story is really basic, but it brings so many subplots and so many little complications along the way, that at one point I was like: c’mon, let’s go back to what we’re really here for, the damn cauldron and the book. <br /><br />And maybe her other series are not profound or anything, they’re also romantic fantasy, but the fact that we have different POVs in those, and in here it’s only Feyre, I think makes up for a less dynamic reading experience. Also, c’mon, the villains are all caricatures, so the whole climax was not as exciting or exhilarating as it should have been. <br /><br />I’ll keep reading it, of course. Every Sarah J. Maas book brings so much fun, but out of all the 3 series in her name, I think this one is at the bottom for me. ","The seductive and stunning #1 New York Times bestselling sequel to Sarah J. Maas's spellbinding A Court of Thorns and Roses .<br /><br />Feyre has undergone more trials than one human woman can carry in her heart. Though she's now been granted the powers and lifespan of the High Fae, she is haunted by her time Under the Mountain and the terrible deeds she performed to save the lives of Tamlin and his people.<br /><br />As her marriage to Tamlin approaches, Feyre's hollowness and nightmares consume her. She finds herself split into two different one who upholds her bargain with Rhysand, High Lord of the feared Night Court, and one who lives out her life in the Spring Court with Tamlin. While Feyre navigates a dark web of politics, passion, and dazzling power, a greater evil looms. She might just be the key to stopping it, but only if she can harness her harrowing gifts, heal her fractured soul, and decide how she wishes to shape her future-and the future of a world in turmoil.<br /><br />Bestselling author Sarah J. Maas's masterful storytelling brings this second book in her dazzling, sexy, action-packed series to new heights.","2016"
"read","1","21161465","22529351","The Assassin's Blade (Throne of Glass, #0.1-#0.5)","Sarah J. Maas","1619635178","5","4.28","Mon, 8 Mar 2021 00:00:00 +0000","Mon, 08 Mar 2021 22:31:48 -0800","","enjoyed","https://www.goodreads.com/book/show/22529351","https://www.goodreads.com/review/show/3840881213?utm_medium=api&utm_source=rss","4.5 stars actually because it started kind of slow, but by the end I was totally in love with this one. <br /><br />I’m loving this whole series and everyone says they get even better, so here’s to more Celaena! ","<b>Discover where Celaena Sardothien's thrilling saga began.</b><br /><br />Celaena Sardothien is her kingdom's most feared assassin. Though she works for the powerful and ruthless Assassin's Guild, Celaena yields to no-one and trusts only her fellow killer-for-hire, Sam.<br /><br />When Celaena's scheming master, Arobynn Hamel, dispatches her on missions that take her from remote islands to hostile deserts, she finds herself acting independently of his wishes—and questioning her own allegiance. Along the way, she makes friends and enemies alike, and discovers that she feels far more for Sam than just friendship. But by defying Arobynn's orders, Celaena risks unimaginable punishment, and with Sam by her side, he is in danger, too. They will have to risk it all if they hope to escape Arobynn's clutches—and if they fail, they'll lose not just a chance at freedom, but their lives...<br /><br />A prequel to <i>Throne of Glass</i>, this collection of five novellas offers listeners a deeper look into the history of this cunning assassin and her enthralling—and deadly—world.<br /><br />Included in this volume:<br /><br /><i>The Assassin and the Pirate Lord</i><br /><i>The Assassin and the Healer</i><br /><i>The Assassin and the Desert</i><br /><i>The Assassin and the Underworld</i><br /><i>The Assassin and the Empire</i>","2014"
"read","1","21161465","33590260","Kingdom of Ash (Throne of Glass, #7)","Sarah J. Maas","1619636107","5","4.64","Tue, 27 Jul 2021 00:00:00 +0000","Tue, 27 Jul 2021 13:16:18 -0700","","enjoyed","https://www.goodreads.com/book/show/33590260","https://www.goodreads.com/review/show/3840881196?utm_medium=api&utm_source=rss","5 amazing stars!<br /><br />I can't believe I just finished this series. It has been a journey and I'm really glad that I looked beyond the ugly covers (I'm sorry but I never liked them) to discover how great these books are. <br /><br />I was a bit nervous at the beginning of 'Kingdom of Ash' because I wasn't sure how Maas was going to be able to wrap everything up. And yes, there were a few cop-outs and some deus ex machina scattered here and there, but for the most part she respected the rules of her own world and played with them to finish the series. We had some unexpected but rewarding developments in here that are appreciated because not everything ended up happening as I was expecting and that is something good. <br /><br />However, and this might be controversial but I was hoping for a different ending. I liked it, I'm not saying I didn't, and I get that, at the end of the day, this whole thing was kind of a fairy tale... with wars, possessions, assassinations and sex, but a fairy tale nonetheless, but it was just too clean. Too perfect to be real after everything that happened. I mean, it was a BIG war and not even a single MC character died. Of course, a few SC did but they weren't THAT important in the big scheme of things. I always liked the idea that I never knew what was going to happen when it came to the final 200 pages in the Throne of Glass books, but in here there were no real surprises in that aspect. <br /><br />I respect what Maas did with the story, it was a complicated and convoluted one and props for her because this was a hell of an ending but there were no real shocks and it felt a bit repetitive when it came to the battle scenes (I think a lot of these could have been condensed into one or two big battles because they became kinda tiresome after a bit) <br /><br />All in all, nothing takes away the big fun I had while reading 'Kingdom of Ash' and almost every book in the series. It was a big ride and I'll probably think about these characters for a long time after today... I just hope that I discover another series that makes me feel like I did when I read this one. <br /><br />Cheers to Elide for being awesome throughout the whole series without half of the recognition other characters like Aelin or Manon always get, btw.","Aelin Galathynius has vowed to save her people ― but at a tremendous cost. Locked within an iron coffin by the Queen of the Fae, Aelin must draw upon her fiery will as she endures months of torture. The knowledge that yielding to Maeve will doom those she loves keeps her from breaking, but her resolve is unraveling with each passing day…<br /><br />With Aelin captured, friends and allies are scattered to different fates. Some bonds will grow even deeper, while others will be severed forever. As destinies weave together at last, all must fight if Erilea is to have any hope of salvation.<br /><br />Years in the making, Sarah J. Maas's <i>New York Times</i> bestselling Throne of Glass series draws to an explosive conclusion as Aelin fights to save herself―and the promise of a better world.","2018"
"read","1","21161465","31450852","Tower of Dawn (Throne of Glass, #6)","Sarah J. Maas","1681195771","4","4.25","Tue, 8 Jun 2021 00:00:00 +0000","Tue, 08 Jun 2021 18:58:13 -0700","","enjoyed","https://www.goodreads.com/book/show/31450852","https://www.goodreads.com/review/show/3840881188?utm_medium=api&utm_source=rss","This is a complicated one for me. It is a bit overlong and the new characters lack the substance and the ‘thing’ that made me care for the previously introduced new characters in other books from the series. <br /><br />However, Chaol is and will always be one of my faves so I was happy to have a bit more intel about him and what made him to be the way he is. Yrene is also another highlight in this one. <br /><br />On the other hand, I was not really invested in the whole Nesryn subplot, so because of that I was thinking about lowering it to 3.5 stars. It just felt like a complete side story that wasn’t that important to the main story... until the reveals came along. <br /><br />Some of them weren’t that satisfying but the one about Maeve was top notch. I don’t know why but I gasped when I learned her backstory because I just never imagined it, to be honest. <br /><br />All in all is a good book, not my favorite Throne of Glass novel out there, but it gives a lot of information regarding the Valg and all that stuff so it’s worth a read. A solid 4-star-read. <br /><br />I’m not ready to finish this series, tbh 🥲","Chaol Westfall and Nesryn Faliq have arrived in the shining city of Antica to forge an alliance with the Khagan of the Southern Continent, whose vast armies are Erilea's last hope. But they have also come to Antica for another purpose: to seek healing at the famed Torre Cesme for the wounds Chaol received in Rifthold.<br /><br />After enduring unspeakable horrors as a child, Yrene Towers has no desire to help the young lord from Adarlan, let alone heal him. Yet she has sworn an oath to assist those in need—and will honor it. But Lord Westfall carries shadows from his own past, and Yrene soon comes to realize they could engulf them both.<br /><br />In this sweeping parallel novel to the <i>New York Times</i> bestselling <i>Empire of Storms</i>, Chaol, Nesryn, and Yrene will have to draw on every scrap of their resilience if they wish to save their friends. But while they become entangled in the political webs of the khaganate, deep in the shadows of mighty mountains where warriors soar on legendary ruks, long-awaited answers slumber. Answers that might offer their world a chance at survival—or doom them all . . .","2017"
"read","1","21161465","28260587","Empire of Storms (Throne of Glass, #5)","Sarah J. Maas","","5","4.58","Tue, 1 Jun 2021 00:00:00 +0000","Tue, 01 Jun 2021 23:24:45 -0700","","enjoyed","https://www.goodreads.com/book/show/28260587","https://www.goodreads.com/review/show/3840881168?utm_medium=api&utm_source=rss","I want to give this a million stars!!! I LOVED IT!!!<br /><br />Even though at first I was afraid to be left a bit disappointed just like happened with the previous book, this was pure awesomeness from beginning to end 🤩. <br /><br />I must admit that for the first half of the novel the Aelin parts were the least interesting to me because when you have Manon, Elide, Lysandra or even Dorian’s POVs you don’t really care about our almost perfect main character. Don’t get me wrong, I do like Aelin, but all of the time we’re being reminded how great she is, that she becomes just a bit too much. However by the time ‘the truth’ is revealed, I was reminded that I do appreciate her and this is HER story, above everyone else. <br /><br />Nevertheless this was an amazing book, I’m really really excited to get to Kingdom of Ash, so I’ll start Tower of Dawn right now! ","<b>Kingdoms will collide.</b><br /><br />The long path to the throne has only just begun for Aelin Galathynius as war looms on the horizon. Loyalties have been broken and bought, friends have been lost and gained, and those who possess magic find themselves at odds with those who don't.<br /><br />With her heart sworn to the warrior-prince by her side, and her fealty pledged to the people she is determined to save, Aelin will delve into the depths of her power to protect those she loves. But as monsters emerge from the horrors of the past, and dark forces become poised to claim her world, the only chance for salvation will lie in a desperate quest that may mark the end of everything Aelin holds dear.<br /><br />In this breathtaking fifth installment of the <i>New York Times</i> bestselling Throne of Glass series, Aelin will have to choose what—and who—to sacrifice if she's to keep the world of Erilea from breaking apart.","2016"
"read","2","21161465","18006496","Queen of Shadows (Throne of Glass, #4)","Sarah J. Maas","1619636042","4","4.57","Sun, 9 May 2021 00:00:00 +0000","Sun, 09 May 2021 14:20:17 -0700","","enjoyed","https://www.goodreads.com/book/show/18006496","https://www.goodreads.com/review/show/3840881151?utm_medium=api&utm_source=rss","This one was definitely not my favorite book in the series, and that’s probably because the previous one set the bar too high, so obviously ‘Queen of Shadows’ couldn’t match it. <br /><br />I still really really liked it, I love every single character, even the new ones and the villains, and I’m excited to see what comes next. However, for some reason, I felt that the plot in this one was a little bit too transitional: stuff needed to happen in order to get to the next big thing, and that was what this book was all about: making them happen. <br /><br />It still kicks some really great surprises and developments (especially in the Dorian and Manon storylines) but the whole rebel plot was maybe a little bit too convoluted for my taste... and it also has a peck of a length issue; maybe 50 pages too long, or even a 100. <br /><br />Overall, a good book, but not the best ‘Throne of Glass’ novel out there","Everyone Celaena Sardothien loves has been taken from her. But she’s at last returned to the empire—for vengeance, to rescue her once-glorious kingdom, and to confront the shadows of her past…<br /><br />She has embraced her identity as Aelin Galathynius, Queen of Terrasen. But before she can reclaim her throne, she must fight.<br /><br />She will fight for her cousin, a warrior prepared to die for her. She will fight for her friend, a young man trapped in an unspeakable prison. And she will fight for her people, enslaved to a brutal king and awaiting their lost queen’s triumphant return.<br /><br />The fourth volume in the <i>New York Times</i> bestselling series continues Celaena’s epic journey and builds to a passionate, agonizing crescendo that might just shatter her world.","2015"
"read","2","21161465","20613470","Heir of Fire (Throne of Glass, #3)","Sarah J. Maas","1619630656","5","4.47","Tue, 6 Apr 2021 00:00:00 +0000","Tue, 01 Mar 2022 19:59:59 -0800","favorites","enjoyed","https://www.goodreads.com/book/show/20613470","https://www.goodreads.com/review/show/3840881128?utm_medium=api&utm_source=rss","I just loved everything about this book🤩","Celaena has survived deadly contests and shattering heartbreak-but at an unspeakable cost. Now, she must travel to a new land to confront her darkest truth . . . a truth about her heritage that could change her life-and her future-forever. Meanwhile, brutal and monstrous forces are gathering on the horizon, intent on enslaving her world. Will Celaena find the strength to not only fight her inner demons, but to take on the evil that is about to be unleashed?","2014"
"read","2","21161465","20613571","Crown of Midnight (Throne of Glass, #2)","Sarah J. Maas","1619630648","5","4.42","Mon, 15 Mar 2021 00:00:00 +0000","Mon, 15 Mar 2021 16:35:00 -0700","","enjoyed","https://www.goodreads.com/book/show/20613571","https://www.goodreads.com/review/show/3840881115?utm_medium=api&utm_source=rss","Just like the novellas book, it started kind of slow and even though I was hooked, something was missing... then *the thing* happened and it all went crazy! <br /><br />Those last 150 pages are some of the most addictive I’ve ever read, so this had to be a 5 star read, but I think I’d lower it to 4.5 if I could. ","<b>An assassin's loyalties are always in doubt but her heart never wavers</b><br /><br />Assassin Celaena Sardothien won a brutal contest to become the King's Champion. But she is far from loyal to the crown. Though she hides her secret vigilantly, her deadly charade becomes difficult when she realizes she is not the only one seeking justice. No one is above questioning her allegiance—not the Crown Prince Dorian; not Chaol, the Captain of the Guard; not even her best friend, Nehemia, a foreign princess with a rebel heart.<br /><br />Then, one terrible night, the secrets they have all been keeping lead to an unspeakable tragedy. As Celaena's world shatters, she will be forced to decide once and for all where her true loyalties lie ... and whom she is willing to fight for.","2013"
"read","2","21161465","52861201","From Blood and Ash (Blood and Ash, #1)","Jennifer L. Armentrout","1952457009","4","4.16","Mon, 23 May 2022 00:00:00 +0000","Fri, 27 May 2022 13:56:36 -0700","","enjoyed","https://www.goodreads.com/book/show/52861201","https://www.goodreads.com/review/show/3787527468?utm_medium=api&utm_source=rss","OK, so I finally read the book everybody talked about a few years ago.<br /><br />And I liked it. I've read many reviews since I first added 'From Blood and Ash' to my TBR, so I knew beforehand that it was repetitive, silly, and mostly a here-for-the-smut kind of book. These criticisms are true, but it's also a fun book that, at least for now, knows what it's trying to do.<br /><br />It's not supposed to be deep or rich or to make sense. It's all an excuse for the romance part to exist, and in that regard, it works. There is a well-created romance with more than a few intriguing developments that make me excited for the second book.<br /><br />Also, the characters are great. None of them is groundbreaking, and apart from the MCs, the other ones are too good or too evil, but the ones that matter are interesting in a SJM rip-off kind of way. <br /><br />I'll keep on reading the following books. I'm intrigued, honestly. ","<b>A Maiden...</b> <br /><br />Chosen from birth to usher in a new era, Poppy’s life has never been her own. The life of the Maiden is solitary. Never to be touched. Never to be looked upon. Never to be spoken to. Never to experience pleasure. Waiting for the day of her Ascension, she would rather be with the guards, fighting back the evil that took her family, than preparing to be found worthy by the gods. But the choice has never been hers.<br /><br /><b>A Duty...</b> <br /><br />The entire kingdom’s future rests on Poppy’s shoulders, something she’s not even quite sure she wants for herself. Because a Maiden has a heart. And a soul. And longing. And when Hawke, a golden-eyed guard honor bound to ensure her Ascension, enters her life, destiny and duty become tangled with desire and need. He incites her anger, makes her question everything she believes in, and tempts her with the forbidden.<br /><br /><b>A Kingdom...</b><br /><br />Forsaken by the gods and feared by mortals, a fallen kingdom is rising once more, determined to take back what they believe is theirs through violence and vengeance. And as the shadow of those cursed draws closer, the line between what is forbidden and what is right becomes blurred. Poppy is not only on the verge of losing her heart and being found unworthy by the gods, but also her life when every blood-soaked thread that holds her world together begins to unravel.","2020"
"read","2","21161465","28954189","Scythe (Arc of a Scythe, #1)","Neal Shusterman","","5","4.31","Tue, 3 Sep 2024 00:00:00 +0000","Tue, 03 Sep 2024 19:16:43 -0700","","enjoyed","https://www.goodreads.com/book/show/28954189","https://www.goodreads.com/review/show/3767366821?utm_medium=api&utm_source=rss","","<i>Thou shalt kill.</i><br /><br />A world with no hunger, no disease, no war, no misery. Humanity has conquered all those things, and has even conquered death. Now scythes are the only ones who can end life—and they are commanded to do so, in order to keep the size of the population under control.<br /><br />Citra and Rowan are chosen to apprentice to a scythe—a role that neither wants. These teens must master the “art” of taking life, knowing that the consequence of failure could mean losing their own.<br /><br /><i>An alternate cover edition of <a href=""https://www.goodreads.com/book/show/57010856-scythe"" rel=""nofollow noopener"">ISBN: 9781442472426</a></i>","2016"
"read","2","21161465","53205888","Under the Whispering Door","T.J. Klune","1250217342","3","4.08","Fri, 24 Jun 2022 00:00:00 +0000","Sun, 10 Jul 2022 16:05:24 -0700","","neutral","https://www.goodreads.com/book/show/53205888","https://www.goodreads.com/review/show/3753724118?utm_medium=api&utm_source=rss","Well, 'The House in The Cerulean Sea' this is not, but nor does it want to be. <br /><br />'Under the Whispering Door' is a different type of story and book, even if the covers are similar, and while that's respectable for T.J. Klune, I was left a bit disappointed by the whole thing. <br /><br />The book tries to be philosophical about death in many ways, and while this sometimes leads to cute moments, it also tends to bore. It is a less than 400 pages book, yet I don't think the story deserves even 300 since not much happens. <br /><br />It's a typical ""selfish person becomes a selfless one"" narrative with allegedly some romance sprinkled on top, but I want to warn romance readers to take that with a grain of salt. This is a really slow-burn romance, and not much happens with it until the last 50 pages or so, so be aware of that.<br /><br />Despite this, I can't rate it less than 3 stars. The writing is good, and any book that makes me cry deserves some praise. I won't tell what happened that made me sob, but it hit hard. <br /><br />Read it, but make sure you're in the right mood for this one.","<i>Welcome to Charon's Crossing.<br />The tea is hot, the scones are fresh, and the dead are just passing through.</i><br /><br />When a reaper comes to collect Wallace from his own funeral, Wallace begins to suspect he might be dead.<br /><br />And when Hugo, the owner of a peculiar tea shop, promises to help him cross over, Wallace decides he’s definitely dead.<br /><br />But even in death he’s not ready to abandon the life he barely lived, so when Wallace is given one week to cross over, he sets about living a lifetime in seven days.<br /><br />Hilarious, haunting, and kind, <i>Under the Whispering Door</i> is an uplifting story about a life spent at the office and a death spent building a home.","2021"
"read","2","21161465","35529926","Ruin and Rising (Shadow and Bone, #3)","Leigh Bardugo","1250063167","4","3.98","Tue, 17 Aug 2021 00:00:00 +0000","Wed, 29 Sep 2021 22:33:41 -0700","","enjoyed","https://www.goodreads.com/book/show/35529926","https://www.goodreads.com/review/show/3713611303?utm_medium=api&utm_source=rss","A good conclusion to the Shadow and Bone trilogy that definitely fixed some of the worst habits that plagued the previous two books, but that also had a bit of an overlong situation going on. <br /><br />I must say that, all things considered, this was a good ending. It wasn't as corny or predictable as it could have been and everything had big consequences at the end. I've struggled before with YA fantasy series endings where it is all tied up a bit too neat for my taste, so it was refreshing to see that Leigh Bardugo didn't followed this route and, while still giving a happy ending, she also let the characters feel loss and grief and change. <br /><br />It wasn't perfect, either. I think Bardugo's tendency to keep the characters moving and never letting them rest so they can get to the next big thing still affected the general world-building. I was really eager to know more about the Apparat (who I thought was going to have a bigger role in the ending, that was a shame) and the White Catedral, and in a matter of 50 pages that subplot was resolved in a rushed, but I must admit climactic, way. And, at the same time, around the 60% mark when we finally begin the hunt for the firebird, it draaaags for at least 3 chapters until we realize it was useless all along. It's the end of a big dramatic fantasy series, why did it felt overlong? It shouldn't have.<br /><br />Some things improved, tho. Finally, 2 books and more than 600 pages later, I kinda liked Mal. Don't get me wrong, he is still one of the worst male characters in the series (he was meant to be, Nikolai and the Darkling were on another level from the start) and I never understood why Alina LOVED him that much when she had Nikolai right there asking her to marry him not once or twice, but continuously... but he wasn't annoying throughout the book, so, to me, that's a plus. <br /><br />Also, I have to give props to Leigh Bardugo and her battle scenes because I think they were one of the least confusing scenes of this kind that I've ever read. The final battle, while short, was amazing in every level. Even the Darkling's death felt deserved and well timed. And Nikolai, OMG, I love that man. I think he probably is one of my favorite fictional characters ever, I'm not kidding. I need to read his Duology right now.<br /><br />Anyway, at the end of the day this wasn't my favorite fantasy series from all time, BUT, I still had a lot of fun with it, so I guess that's a good thing. And now I can read 'Six of Crows' and not feel guilty about it. I'm a purist, what can I say?","The Darkling rules Ravka from his shadow throne.<br /><br />Now the nation's fate rests with a broken Sun Summoner, a disgraced tracker, and the shattered remnants of a once-great magical army.<br /><br />Deep in an ancient network of tunnels and caverns, a weakened Alina must submit to the dubious protection of the Apparat and the zealots who worship her as a Saint. Yet her plans lie elsewhere, with the hunt for the elusive firebird and the hope that an outlaw prince still survives.<br /><br />Alina will have to forge new alliances and put aside old rivalries as she and Mal race to find the last of Morozova's amplifiers. But as she begins to unravel the Darkling's secrets, she reveals a past that will forever alter her understanding of the bond they share and the power she wields. The firebird is the one thing that stands between Ravka and destruction—and claiming it could cost Alina the very future she’s fighting for.","2014"
"read","2","21161465","35529904","Siege and Storm (Shadow and Bone, #2)","Leigh Bardugo","125004443X","4","3.75","Tue, 20 Jul 2021 00:00:00 +0000","Tue, 20 Jul 2021 20:06:39 -0700","","enjoyed","https://www.goodreads.com/book/show/35529904","https://www.goodreads.com/review/show/3713611232?utm_medium=api&utm_source=rss","A solid 4.5 star read for me! <br /><br />I have to be honest, I was a bit skeptic coming into this book. The first one in this trilogy was not my favorite thing in the world: it felt like there weren't any stakes throughout the story, the characters were bland (except for the Darkling) and the world-building was flaky at best.<br /><br />HOWEVER, this second book fixed many of the wrongs in the previous one and it was so good. The story was fun, the characters grew up a lot (maybe Mal not so much, but more on that in a bit), the world-building was deeper and the political intrigue + the action was amazing. I honestly would have rate this book with 5 stars, if it wasn't because of the tedious love story that Bardugo crammed in it. <br /><br />It wasn't that terrible in Shadow and Bone, but probably because Mal was MIA during a big part of that book, but in here we have to deal with him from the very start, and my god... he is annoying. He's toxic, he's useless and he just ruins everything and everyone around him. I hate the person Alina becomes when he's with him, and I can't understand why she would 'love' someone like him, he's just complaining every single step of the way and literally the ONLY time he could have been useful he wasn't there. Ugh... <br /><br />However, all things considered I rate my books by determining how much entertainment they brought me and even with the Mal situation I was compelled during the most part of the book (probably not that much during the first 50 pages, but after that I was in for the ride), and now I'm very excited to read the ending of the trilogy so I'll do that very soon. ","Hunted across the True Sea, haunted by the lives she took on the Fold, Alina must try to make a life with Mal in an unfamiliar land. She finds starting new is not easy while keeping her identity as the Sun Summoner a secret. She can’t outrun her past or her destiny for long.<br /><br />The Darkling has emerged from the Shadow Fold with a terrifying new power and a dangerous plan that will test the very boundaries of the natural world. With the help of a notorious privateer, Alina returns to the country she abandoned, determined to fight the forces gathering against Ravka. But as her power grows, Alina slips deeper into the Darkling’s game of forbidden magic, and farther away from Mal. Somehow, she will have to choose between her country, her power, and the love she always thought would guide her--or risk losing everything to the oncoming storm.","2013"
"read","2","21161465","39073285","Crooked Kingdom (Six of Crows, #2)","Leigh Bardugo","","5","4.62","Wed, 24 Nov 2021 00:00:00 +0000","Thu, 25 Nov 2021 10:57:05 -0800","","enjoyed","https://www.goodreads.com/book/show/39073285","https://www.goodreads.com/review/show/3713611210?utm_medium=api&utm_source=rss","I've never been the biggest Grishaverse fan out there. <br /><br />Yes, I read the whole Shadow and Bone trilogy and this duology, but for some reason there's always something that I can really figure out what it is, that doesn't allow me to really *love* this world. However, one must give credit where credit is due.<br /><br />And the truth is that this book is amazing! Not just Grishaverse amazing, but in every single way. Now I get why a lot of people are really into this series: it's twisty, the whole cast of characters is compelling, and they're really fun. The pages fly, even with the little font size, and that sensation of wanting to know what happens next is just awesome. <br /><br />Also, the payback is so satisfying because you know who these characters are and the fact that Leigh Bardugo never betrays that (as opposed to what happens sometimes in Shadow and Bone) is so refreshing. We have no heroes, nor real villains, but a complicated set of people that you follow throughout the story, and while you don't really root for them, you care about what they're going through and understand their desires and motivations, and that makes for a very compelling read.<br /><br />Definitely my favorite Grishaverse book so far.","<b>The #1 <i>New York Times-</i>bestselling sequel to Leigh Bardugo's thrilling <i>Six of Crows.</i></b><br /><br /><i>When you can’t beat the odds, change the game.</i><br /><br />Kaz Brekker and his crew have just pulled off a heist so daring even they didn't think they'd survive. But instead of divvying up a fat reward, they're right back to fighting for their lives. Double-crossed and badly weakened, the crew is low on resources, allies, and hope. As powerful forces from around the world descend on Ketterdam to root out the secrets of the dangerous drug known as<i> jurda parem</i>, old rivals and new enemies emerge to challenge Kaz's cunning and test the team's fragile loyalties. A war will be waged on the city's dark and twisting streets—a battle for revenge and redemption that will decide the fate of the Grisha world.<br /><br /><b>Praise for the Grishaverse</b><br />“A master of fantasy.” —<i>The </i><i>Huffington Post</i><br /><br />“Utterly, extremely bewitching.” —<i>The Guardian</i><br /><br />“The best magic universe since Harry Potter.” —<i>Bustle</i><br /><br />“This is what fantasy is for.” —<i>The </i><i>New York Times Book Review</i><br /><br />“[A] world that feels real enough to have its own passport stamp.” —NPR<br /><br />“The darker it gets for the good guys, the better.” —<i>Entertainment Weekly</i><br /><br />“Sultry, sweeping and picturesque. . . . Impossible to put down.” —<i>USA Today</i><br /><br />“There’s a level of emotional and historical sophistication within Bardugo’s original epic fantasy that sets it apart.” —<i>Vanity Fair</i><br /><br />“Unlike anything I’ve ever read.” —Veronica Roth, bestselling author of <i>Divergent</i><br /><br />“Bardugo crafts a first-rate adventure, a poignant romance, and an intriguing mystery!” —Rick Riordan, bestselling author of the Percy Jackson series<br /><br />“This is a great choice for teenage fans of George R.R. Martin and J.R.R. Tolkien.” —<i>RT Book Reviews</i><br /><br /><b>Read all the books in the Grishaverse!</b><br /><br /><b>
  <u>The Shadow and Bone Trilogy </u>
</b><br />(previously published as The Grisha Trilogy)<br /><i>Shadow and Bone</i><br /><i>Siege and Storm</i><br /><i>Ruin and Rising</i><br /><br /><b>
  <u>The Six of Crows Duology</u>
</b><br /><i>Six of Crows</i><br /><i>Crooked Kingdom</i><br /><br /><i>The Language of Thorns: Midnight Tales and Dangerous Magic</i><br /><br /><b>#1 <i>New York Times </i>bestseller, October 16, 2016</b>","2016"
"read","2","21161465","53057675","The Hero of Ages (Mistborn, #3)","Brandon Sanderson","","4","4.62","Tue, 9 Aug 2022 00:00:00 +0000","Tue, 09 Aug 2022 19:09:36 -0700","","enjoyed","https://www.goodreads.com/book/show/53057675","https://www.goodreads.com/review/show/3713610422?utm_medium=api&utm_source=rss","😭😭 4.5 stars - RTC","Durant mil anys no ha canviat res: han caigut les cendres, els skaa han estat esclavitzats i el Senyor Suprem ha dominat el món. Kelsier, el «supervivent», l’únic que ha aconseguit fugir dels pous de Hathsin, juntament amb Vin, una pobra noia skaa, s’uneix a la rebel·lió. I per fi passa el que és impossible: per fi la revolució ha triomfat. Però acabar amb el Senyor Suprem és la part senzilla. El veritable desafiament consistirà a sobreviure a les conseqüències de la caiguda... sense Kelsier. Vin i el Rei Elend busquen en els últims amagatalls de recursos del Senyor Suprem i, enganyat, el Rei allibera del Pou de l’Ascensió alguna cosa que hauria d’haver quedat oculta per sempre. Un enorme perill aguaita a la humanitat, i la veritable pregunta és si aconseguiran aturar-lo a temps.<br /><br />A L’heroi de l’Eternitat es comprèn el perquè de la boira i les cendres, les tenebroses accions del Senyor Suprem i la naturalesa del Pou de l’Ascensió.","2008"
"read","2","21161465","6547260","The Well of Ascension (Mistborn, #2)","Brandon Sanderson","","4","4.37","Mon, 4 Jul 2022 00:00:00 +0000","Sat, 30 Jul 2022 10:37:25 -0700","","enjoyed","https://www.goodreads.com/book/show/6547260","https://www.goodreads.com/review/show/3713610403?utm_medium=api&utm_source=rss","Not as amazing as the first one, but still good.","<b>
  <i>Evil has been defeated...<br />The war has just begun.</i>
</b><br /><br />They did the impossible - deposing the godlike being whose brutal rule had lasted a thousand years. Now Vin, the street urchin who has grown into the most powerful Mistborn in the land, and Elend Venture, the idealistic young nobleman who loves her, must build a healthy new society in the ashes of an empire.<br /><br />They have barely begun when three separate armies attack. As the siege tightens, an ancient legend seems to offer a glimmer of hope. But even if it really exists, no one knows where to find the Well of Ascension, or what manner of power it bestows.<br /><br />It may just be that killing the Lord Ruler was the easy part. Surviving the aftermath of his fall is going to be the real challenge.","2007"
"read","2","21161465","43263680","Ninth House (Ninth House Trilogy, #1)","Leigh Bardugo","1250313074","4","3.99","Wed, 8 Mar 2023 00:00:00 +0000","Wed, 08 Mar 2023 20:39:01 -0800","","enjoyed","https://www.goodreads.com/book/show/43263680","https://www.goodreads.com/review/show/3708724182?utm_medium=api&utm_source=rss","The first half was so confusing that I thought about dnf’ing, but I’m glad that I persevered because it gets amazing by the end. ","Galaxy “Alex” Stern is the most unlikely member of Yale’s freshman class. Raised in the Los Angeles hinterlands by a hippie mom, Alex dropped out of school early and into a world of shady drug dealer boyfriends, dead-end jobs, and much, much worse. By age twenty, in fact, she is the sole survivor of a horrific, unsolved multiple homicide. Some might say she’s thrown her life away. But at her hospital bed, Alex is offered a second chance: to attend one of the world’s most elite universities on a full ride. What’s the catch, and why her?<br /><br />Still searching for answers to this herself, Alex arrives in New Haven tasked by her mysterious benefactors with monitoring the activities of Yale’s secret societies. These eight windowless “tombs” are well-known to be haunts of the future rich and powerful, from high-ranking politicos to Wall Street and Hollywood’s biggest players. But their occult activities are revealed to be more sinister and more extraordinary than any paranoid imagination might conceive.","2019"
"read","2","21161465","26032825","The Cruel Prince (The Folk of the Air, #1)","Holly Black","0316310271","3","4.00","Thu, 8 Dec 2022 00:00:00 +0000","Thu, 08 Dec 2022 21:08:18 -0800","","neutral","https://www.goodreads.com/book/show/26032825","https://www.goodreads.com/review/show/3707135723?utm_medium=api&utm_source=rss","A very strong ending that almost made up for the sloooow and boring middle. <br /><br />I wasn’t completely sold on this series for the most part of this book, but the last 50 pages were so good that now I’m curious. Also, I already own the three books, so why not? ","<b>Of course I want to be like them. They’re beautiful as blades forged in some divine fire. They will live forever.<br /><br />And Cardan is even more beautiful than the rest. I hate him more than all the others. I hate him so much that sometimes when I look at him, I can hardly breathe.</b><br /><br />Jude was seven when her parents were murdered and she and her two sisters were stolen away to live in the treacherous High Court of Faerie. Ten years later, Jude wants nothing more than to belong there, despite her mortality. But many of the fey despise humans. Especially Prince Cardan, the youngest and wickedest son of the High King.<br /><br />To win a place at the Court, she must defy him–and face the consequences.<br /><br />As Jude becomes more deeply embroiled in palace intrigues and deceptions, she discovers her own capacity for trickery and bloodshed. But as betrayal threatens to drown the Courts of Faerie in violence, Jude will need to risk her life in a dangerous alliance to save her sisters, and Faerie itself.","2018"
"read","2","21161465","40381319","The Priory of the Orange Tree (The Roots of Chaos, #1)","Samantha Shannon","","4","4.12","Tue, 25 Oct 2022 00:00:00 +0000","Tue, 25 Oct 2022 22:21:28 -0700","","enjoyed","https://www.goodreads.com/book/show/40381319","https://www.goodreads.com/review/show/3700231935?utm_medium=api&utm_source=rss","It is a bit too long, perhaps 50 less pages would have been ideal, but the amazing world building and the characters made up for almost any fault. <br /><br />A solid 4.5-stars read ","<b>A world divided.</b><br /><b>A queendom without an heir.</b><br /><b>An ancient enemy awakens.</b><br /><br />The House of Berethnet has ruled Inys for a thousand years. Still unwed, Queen Sabran the Ninth must conceive a daughter to protect her realm from destruction—but assassins are getting closer to her door.<br /><br />Ead Duryan is an outsider at court. Though she has risen to the position of lady-in-waiting, she is loyal to a hidden society of mages. Ead keeps a watchful eye on Sabran, secretly protecting her with forbidden magic.<br /><br />Across the dark sea, Tané has trained all her life to be a dragonrider, but is forced to make a choice that could see her life unravel.<br /><br />Meanwhile, the divided East and West refuse to parley, and forces of chaos are rising from their sleep.<br /><br />An alternative cover edition for this ISBN can be found <a href=""https://www.goodreads.com/book/show/42754834-the-priory-of-the-orange-tree"" rel=""nofollow noopener"">here</a>.","2019"
"read","2","21161465","35384793","Shadow and Bone (Shadow and Bone, #1)","Leigh Bardugo","1250027438","3","3.90","Tue, 6 Jul 2021 00:00:00 +0000","Tue, 06 Jul 2021 22:29:01 -0700","","neutral","https://www.goodreads.com/book/show/35384793","https://www.goodreads.com/review/show/3693383826?utm_medium=api&utm_source=rss","Uhm... I really don't know how to feel. <br /><br />To be honest, I didn't cared about anything that was happening throughout the book until 2/3 of it, and that was because the characters were so very bland that I just wasn't invested in them. I don't need to like the characters in a book I'm reading, but I need to feel that I care about what they are going through, and that didn't happen until the big twist with the Darkling (and that is because he IS the best character in this whole book) <br /><br />I have to admit I was a bit shocked by it, but it's frustrating to feel that this could have been so much better if the relationship between Alina and the Darkling had been treated with a little more care, it was so sudden and so rushed that when I got to that point, it was surprising, but not as much as it should have been. <br /><br />Another big problem I had with this one was the lack of stakes during almost the whole book. Of course we had at the beginning the Shadow Fold situation, then the arrival of Alina to the Palace and all the shenanigans that happened in there, but it was just so basic and lack of emotion that I wasn't compelled by any of it. Did we really need a whole chapter describing how Alina was going to dress for the ball? I don't think so. <br /><br />But we could have had a whole chapter about the journey that Mal and Alina had after they escaped the city (which in all fairness existed, but it felt truly rushed) and how they reconnected or a detailed account of a big lesson with Baghra, but we were kept from that and it seemed like the author was rushing their characters to get to the next big thing.<br /><br />It might seem like I didn't liked it at all, but that's not true, actually. I think this world has a lot of potential (I actually believe that, in time, I'll appreciate the whole Grishaverse), the last 100 pages or so were actually great and the Darkling was an awesome character. I just wished that his awesomeness was carried over to the rest of the book.","Surrounded by enemies, the once-great nation of Ravka has been torn in two by the Shadow Fold, a swath of near impenetrable darkness crawling with monsters who feast on human flesh. Now its fate may rest on the shoulders of one lonely refugee.<br /><br />Alina Starkov has never been good at anything. But when her regiment is attacked on the Fold and her best friend is brutally injured, Alina reveals a dormant power that saves his life—a power that could be the key to setting her war-ravaged country free. Wrenched from everything she knows, Alina is whisked away to the royal court to be trained as a member of the Grisha, the magical elite led by the mysterious Darkling.<br /><br />Yet nothing in this lavish world is what it seems. With darkness looming and an entire kingdom depending on her untamed power, Alina will have to confront the secrets of the Grisha . . . and the secrets of her heart.<br /><br />Shadow and Bone is the first installment in Leigh Bardugo's Grisha Trilogy.","2012"
"read","2","21161465","50892212","These Violent Delights (These Violent Delights, #1)","Chloe Gong","1534457690","4","3.80","Thu, 2 Sep 2021 00:00:00 +0000","Fri, 03 Sep 2021 13:25:08 -0700","","enjoyed","https://www.goodreads.com/book/show/50892212","https://www.goodreads.com/review/show/3687807363?utm_medium=api&utm_source=rss","This was an amazing 4.5 star read to me.<br /><br />Even though it took me a few more days than usual to finish this book, I enjoyed it immensely. It was engaging, the characters were amazing, the twists were good and the romance, while not that prominent as I thought it would be, was complicated and interesting.<br /><br />I must say I'm not so sure how the story could have a second part, I think the cliffhanger was a bit of an afterthought because the main storyline for the book was resolved by the end of it, so I was not the biggest fan of the ending... that cliffhanger for me was just for the sake of having a second book. HOWEVER, Chloe Gong really surprised me. I can't believe this is her debut because it was that amazing, I mean... I could feel Shanghai and I knew what to expect from it due to her characterization of a city. If that is not good writing, then I don't know what is... so that's why even if I'm not 100% sold on the idea of a sequel, I'm all in and I really hope to be proven wrong. ","The year is 1926, and Shanghai hums to the tune of debauchery.<br /><br />A blood feud between two gangs runs the streets red, leaving the city helpless in the grip of chaos. At the heart of it all is eighteen-year-old Juliette Cai, a former flapper who has returned to assume her role as the proud heir of the Scarlet Gang—a network of criminals far above the law. Their only rivals in power are the White Flowers, who have fought the Scarlets for generations. And behind every move is their heir, Roma Montagov, Juliette’s first love…and first betrayal.<br /><br />But when gangsters on both sides show signs of instability culminating in clawing their own throats out, the people start to whisper. Of a contagion, a madness. Of a monster in the shadows. As the deaths stack up, Juliette and Roma must set their guns—and grudges—aside and work together, for if they can’t stop this mayhem, then there will be no city left for either to rule.<br /><br />Perfect for fans of <i>The Last Magician </i>and <i>Descendant of the Crane</i>, this heart-stopping debut is an imaginative <i>Romeo and Juliet </i>retelling set in 1920s Shanghai, with rival gangs and a monster in the depths of the Huangpu River.","2020"
"read","2","21161465","23848236","Elantris (Elantris, #1)","Brandon Sanderson","0765381028","3","4.09","Mon, 20 Feb 2023 00:00:00 +0000","Mon, 20 Feb 2023 20:16:55 -0800","","neutral","https://www.goodreads.com/book/show/23848236","https://www.goodreads.com/review/show/3673064719?utm_medium=api&utm_source=rss","It is a tad slow and some characters are a bit simple, but the whole Hrathen arc and the last few chapters are top notch. ","In 2005, Brandon Sanderson debuted with Elantris, an epic fantasy unlike any other then on the market. To celebrate its tenth anniversary, Tor is reissuing Elantris in a special edition, a fresh chance to introduce it to the myriad readers who have since become Sanderson fans.<br /><br />This new edition begins with a preface by author Dan Wells, the first person to read the completed novel, and a new afterword by Sanderson explaining how he came to write the book and its place in the Cosmere, the unified universe of all his Tor novels.<br /><br />Also included is an expanded version of the ""Ars Arcanum"" appendix, with more of the technical details of the book's magic that fans can never get enough of.<br /><br />Elantris was truly a milestone both for Sanderson and for the genre of epic fantasy. It deserves this special treatment, something Tor has done only once before, with Orson Scott Card's Ender's Game. Sanderson fans old and new will be excited to discover it.","2005"
"read","2","21161465","41454019","The Poppy War (The Poppy War, #1)","R.F. Kuang","0062662589","5","4.28","Wed, 13 Jul 2022 00:00:00 +0000","Sat, 30 Jul 2022 11:11:25 -0700","","enjoyed","https://www.goodreads.com/book/show/41454019","https://www.goodreads.com/review/show/3658830338?utm_medium=api&utm_source=rss","OMG, I loved this one. <br /><br />Truth be told, I'm a skeptic about books that are major on TikTok. Despite that, I always end up reading them just for curiosity. <br /><br />Going into The Poppy War, I didn't know what to expect, because I didn't even read what it was about before starting it, and it surprised me amazingly. It's a book that, even if you can feel how raw it is because of its writing, doesn't really show the extent of its crudeness until the last third. And boy, it does.<br /><br />Do we have a charismatic or easy-to-root-for main character? Not at all, but we do have a complicated morally-grey young woman who is full of rage because of how her world works, and the most impressive thing about all of it is that you can understand some of her awful actions throughout the book. <br /><br />It may seem like it starts like another chosen-one story or a ""magic school"" one, but it ends up becoming so much more. <br /><br />Do check your trigger warnings before reading it, because it does have many graphic disturbing descriptions, but it's still a really good read. ","<b>An epic historical military fantasy, inspired by the bloody history of China’s twentieth century and filled with treachery and magic.</b><br /><br />When Rin aced the Keju—the Empire-wide test to find the most talented youth to learn at the Academies—it was a shock to everyone: to the test officials, who couldn’t believe a war orphan from Rooster Province could pass without cheating; to Rin’s guardians, who believed they’d finally be able to marry her off and further their criminal enterprise; and to Rin herself, who realized she was finally free of the servitude and despair that had made up her daily existence. That she got into Sinegard—the most elite military school in Nikan—was even more surprising.<br /><br />But surprises aren’t always good.<br /><br />Because being a dark-skinned peasant girl from the south is not an easy thing at Sinegard. Targeted from the outset by rival classmates for her color, poverty, and gender, Rin discovers she possesses a lethal, unearthly power—an aptitude for the nearly-mythical art of shamanism. Exploring the depths of her gift with the help of a seemingly insane teacher and psychoactive substances, Rin learns that gods long thought dead are very much alive—and that mastering control over those powers could mean more than just surviving school.<br /><br />For while the Nikara Empire is at peace, the Federation of Mugen still lurks across a narrow sea. The militarily advanced Federation occupied Nikan for decades after the First Poppy War, and only barely lost the continent in the Second. And while most of the people are complacent to go about their lives, a few are aware that a Third Poppy War is just a spark away . . .<br /><br />Rin’s shamanic powers may be the only way to save her people. But as she finds out more about the god that has chosen her, the vengeful Phoenix, she fears that winning the war may cost her humanity . . . and that it may already be too late.","2018"
"read","2","21161465","53057583","The Final Empire (Mistborn, #1)","Brandon Sanderson","","5","4.55","Sun, 1 May 2022 00:00:00 +0000","Tue, 03 May 2022 17:26:15 -0700","","enjoyed","https://www.goodreads.com/book/show/53057583","https://www.goodreads.com/review/show/3657277300?utm_medium=api&utm_source=rss","When I started this book, I was nervous because the hype was huge, and the 'Cosmere' it's simply enormous. It demands many hours and many books to take advantage of it, so I was intimidated to be disappointed.<br /><br />Boy, I was wrong. <br /><br />Like I said in my mini post-finished review, this is easily my favorite book of the year, and I can't really pinpoint a reason why since there are many reasons. <br /><br />For starters, I found a new favorite fictional character in Kelsier. Also, maybe I wasn't paying attention to the foreshadowing, but there were many twists I never saw coming, especially the one almost at the end that I'm not going to spoil, but that impressed me like few books have done before. <br /><br />Also, the fact that the author really took his time to make you care about these characters was amazing. I'm terrible with names in these types of books, but from the start until the end, I was able to understand who was talking and what role every person had in the story. <br /><br />I've been a fantasy reader for a while, but my comfort zone is in the YA fantasy/romance novels. I don't care. I really like how the romance leads those stories, and I don't get why many people look down upon them, but that made me nervous to start this one.<br /><br />'The Final Empire' was my first adult fantasy series (besides City of Brass) with a hard magic system but it definitely won't be my last. I appreciate how Sanderson's writing felt pretty accessible throughout the whole book and it feels like the correct decision to start with this trilogy and this universe before moving to maybe more complicated stories and series. <br /><br />However, I must admit that I still suck when it comes to battle scenes, and this magic system didn't really make it any easier for me. But I think that's mostly on me. I still loved it. ","<b>
  <i>What if the whole world were a dead, blasted wasteland?</i>
</b><br /><br /><b>Mistborn</b><br />For a thousand years the ash fell and no flowers bloomed. For a thousand years the Skaa slaved in misery and lived in fear. For a thousand years the Lord Ruler, the ""Sliver of Infinity,"" reigned with absolute power and ultimate terror, divinely invincible. Then, when hope was so long lost that not even its memory remained, a terribly scarred, heart-broken half-Skaa rediscovered it in the depths of the Lord Ruler's most hellish prison. Kelsier ""snapped"" and found in himself the powers of a Mistborn. A brilliant thief and natural leader, he turned his talents to the ultimate caper, with the Lord Ruler himself as the mark.<br /><br />Kelsier recruited the underworld's elite, the smartest and most trustworthy allomancers, each of whom shares one of his many powers, and all of whom relish a high-stakes challenge. Then Kelsier reveals his ultimate dream, not just the greatest heist in history, but the downfall of the divine despot.<br /><br />But even with the best criminal crew ever assembled, Kel's plan looks more like the ultimate long shot, until luck brings a ragged girl named Vin into his life. Like him, she's a half-Skaa orphan, but she's lived a much harsher life. Vin has learned to expect betrayal from everyone she meets. She will have to learn trust if Kel is to help her master powers of which she never dreamed.<br /><br />Brandon Sanderson, fantasy's newest master tale-spinner and author of the acclaimed debut <i>Elantris</i>, dares to turn a genre on its head by asking a simple question: What if the prophesied hero failed to defeat the Dark Lord? The answer will be found in the Mistborn Trilogy, a saga of surprises that begins with the book in your hands. Fantasy will never be the same again.","2006"
"read","2","21161465","53444195","La vida invisible de Addie LaRue","V.E. Schwab","8416517371","2","4.15","Wed, 16 Jun 2021 00:00:00 +0000","Mon, 10 Jan 2022 23:07:10 -0800","","notEnjoyed","https://www.goodreads.com/book/show/53444195","https://www.goodreads.com/review/show/3652472934?utm_medium=api&utm_source=rss","Okay, so I wasn't blown away by this one.<br /><br />Truth be told: I don't get the appeal. For me it was a typical YA romance with an interesting fantasy twist but that was repetitive to the extreme. Every time there was a scene in the past I knew that Addie was going to be someplace historic and that Luc would appear so they could have a chat about his powers and her previous wishes, have some witty banter, then he would disappear. Every. Single. Time. <br /><br />And while the chapters in the present were a bit more interesting, there was no real build-up between Henry and Addie relationship: they just got to know each other, discovered that they were both cursed so they fell in love because of it. <br /><br />They were interesting enough by themselves, but their relationship, at least for me, was more of a desperate thing, and I don't think this was what the author was going for in this case. <br /><br />All in all, I didn't hate it, nor did I really like it... it was just meh! Although the writing was amazing, that much I have to admit, and the ending was fitting. Not shocking or precisely unpredictable, but it tied everything as best as this irregular story could be ended. ","Una vida que nadie recuerda.<br />Una historia que nunca olvidarás.<br /> <br />Francia, 1714. En un momento de desesperación, una joven hace un pacto faustiano para conseguir una vida infinita. ¿Cuál es el precio que deberá pagar para vivir eternamente? El olvido. Todas y cada una de las personas que conoce la terminarán olvidando.<br /><br />Así es cómo comienza la extraordinaria vida de Addie LaRue; una vida que atraviesa siglos y continentes, una vida que atraviesa la historia y el arte, en la que ella intenta comprender hasta dónde será capaz de llegar con tal de dejar su marca en el mundo.<br /><br />Sin embargo, todo cambia cuando, después de 300 años, Addie conoce a un hombre en una librería. Pero hay algo más… él es la única persona que recuerda su nombre.","2020"
"read","2","21161465","28187","The Lightning Thief (Percy Jackson and the Olympians, #1)","Rick Riordan","0786838655","4","4.31","Wed, 25 Aug 2021 00:00:00 +0000","Wed, 25 Aug 2021 19:59:45 -0700","","enjoyed","https://www.goodreads.com/book/show/28187","https://www.goodreads.com/review/show/3652469672?utm_medium=api&utm_source=rss","This was a fun, quick and easy 4 star read. Even though I knew some of the things that happened in here because I watched the movie back when it came out, the book still surprised me in a big way, and now I understand why everyone just kind of hates them. <br /><br />I won't say I was gripped to the pages, because I don't think it's that kind of a book, but it's still a good one and I'm all in for a feel-good series scattered here and there throughout some other other fantasy-heavy or contemporary books that I usually read. ","<i>Alternate cover for this ISBN can be found <a href=""https://www.goodreads.com/book/show/22456224-the-lightning-thief"" rel=""nofollow noopener"">here</a></i><br /><br />Percy Jackson is a good kid, but he can't seem to focus on his schoolwork or control his temper. And lately, being away at boarding school is only getting worse - Percy could have sworn his pre-algebra teacher turned into a monster and tried to kill him. When Percy's mom finds out, she knows it's time that he knew the truth about where he came from, and that he go to the one place he'll be safe. She sends Percy to Camp Half Blood, a summer camp for demigods (on Long Island), where he learns that the father he never knew is Poseidon, God of the Sea. Soon a mystery unfolds and together with his friends—one a satyr and the other the demigod daughter of Athena - Percy sets out on a quest across the United States to reach the gates of the Underworld (located in a recording studio in Hollywood) and prevent a catastrophic war between the gods.","2005"
"read","2","21161465","23437156","Six of Crows (Six of Crows, #1)","Leigh Bardugo","1627792120","4","4.45","Wed, 29 Sep 2021 00:00:00 +0000","Wed, 29 Sep 2021 21:14:15 -0700","","enjoyed","https://www.goodreads.com/book/show/23437156","https://www.goodreads.com/review/show/3651256674?utm_medium=api&utm_source=rss","I finished this a few hours ago, and I knew that I needed to take a moment to really take in the whole book so I could give an appropriate review, and here it is. <br /><br />It is a really good book, it's exciting, the characters are amazing (Nina being my personal favorite) and the heist is really fun. I think the last 200 pages are impossible to not read in a single sitting because everything is happening at the same time and there are big events in almost every single chapter, that it's hard not to fall into a 'just one more chapter' situation. So far, so good. <br /><br />I actually thought about rating it with 5 stars, but I just can't look away from the confusion that the first 100 pages brought to the whole experience. There were so many characters introduced at once (even though a lot of them weren't important at ALL during the rest of the book) and the plot was just confusing and kind of all over the place that even though I read the entire Shadow and Bone trilogy, I was still confused, so I can't see how someone who just started the Grishaverse with this one can understand what was going on. <br /><br />After the initial chapters and then, when everything started to fall into place I could see why this story is beloved and hyped throughout the book community, but I do think that the hype is probably a bit too high. It's good, I liked it, and of course I'll read the second one, but calling it one of my favorite books EVER... I don't think so.","<i>Alternate cover of ISBN 9781627792127</i><br /><br /><b>Ketterdam</b>: a bustling hub of international trade where anything can be had for the right price—and no one knows that better than criminal prodigy Kaz Brekker. Kaz is offered a chance at a deadly heist that could make him rich beyond his wildest dreams. But he can’t pull it off alone...<br /><br />A convict with a thirst for revenge<br /><br />A sharpshooter who can’t walk away from a wager<br /><br />A runaway with a privileged past<br /><br />A spy known as the Wraith<br /><br />A Heartrender using her magic to survive the slums<br /><br />A thief with a gift for unlikely escapes<br /><br />Six dangerous outcasts. One impossible heist. Kaz’s crew is the only thing that might stand between the world and destruction—if they don’t kill each other first.","2015"
"read","2","21161465","45046567","The House in the Cerulean Sea (Cerulean Chronicles, #1)","T.J. Klune","1250217288","5","4.41","Wed, 6 Jan 2021 00:00:00 +0000","Tue, 01 Mar 2022 19:59:41 -0800","favorites","enjoyed","https://www.goodreads.com/book/show/45046567","https://www.goodreads.com/review/show/3643477235?utm_medium=api&utm_source=rss","Words can't describe how much I loved this book! <br /><br />I must admit, at first I was a little lost when Linus arrived at the island and gets to know the kids for the first time because, since I'm not really a fantasy reader (I'll fix that this year), I don't really know how the whole ""world-building"" part of a fantasy usually works, so it took me a few pages to really *feel* the book. <br /><br />However, once I overcame this little part and started to get to really know the kids and Arthur and Zoe, and even Linus when he started to come out of his shell, the story just clicked really deep in me. It has a really cute and important message and I seriously think that every tween, teen or simply any person should read this.<br /><br />I laughed, I cried and I definitely didn't wanted it to end. And I guess this last part means that what T.J. Klune wrote is really special. Also, yay for representation! <br /><br />I'm sure this book will be one of my faves not just of the year... but of my all time favorites.","Linus Baker is a by-the-book case worker in the Department in Charge of Magical Youth. He's tasked with determining whether six dangerous magical children are likely to bring about the end of the world.<br /><br />Arthur Parnassus is the master of the orphanage. He would do anything to keep the children safe, even if it means the world will burn. And his secrets will come to light.<br /><br /><i>The House in the Cerulean Sea</i> is an enchanting love story, masterfully told, about the profound experience of discovering an unlikely family in an unexpected place—and realizing that family is yours.","2020"
"read","2","21161465","51252983","A Court of Thorns and Roses (A Court of Thorns and Roses, #1)","Sarah J. Maas","1526605392","4","4.10","Sun, 7 Nov 2021 00:00:00 +0000","Mon, 08 Nov 2021 16:26:10 -0800","","enjoyed","https://www.goodreads.com/book/show/51252983","https://www.goodreads.com/review/show/3636775463?utm_medium=api&utm_source=rss","I knew SJM wouldn’t let me down. <br /><br />At the beginning, I was nervous with this one because I was 150 pages in and I wasn’t sure where we were going. The characters were a bit annoying, the plot wasn’t that exciting and I just thought “how can this story deserve so many books?”<br /><br />Well, it fooled me. When Feyre and Tamlin started to care for each other and the love story kicked in, I was in for the ride. I believe that I read the second half of the book in just 2 days because I needed to know what was happening. The revelations about the curse were so obvious once they were laid out that I was shocked that it never crossed my mind. That was awesome. <br /><br />Then, when the story took Feyre Under the Mountain I was delighted to discover that this wasn’t another TOG situation where we were just told about what happened. Not anymore. The tasks were amazing and so exciting, and I was gasping when the final one arrived. <br /><br />In short, while not perfect, I can see why this is such a beloved series and I WILL be reading the next books.","<b>The tantalising start to a seductive fantasy series from global #1 bestselling author Sarah J. Maas.</b><br /><br />Feyre is a huntress. And when she sees a deer in the forest being pursued by a wolf, she kills the predator and takes its prey to feed herself and her family.<br /><br />But the wolf was not what it seemed, and Feyre cannot predict the high price she will have to pay for its death...<br /><br />Dragged away from her family for the murder of a faerie, Feyre discovers that her captor, his face obscured by a jewelled mask, is hiding even more than his piercing green eyes suggest.<br /><br />As Feyre's feelings for Tamlin turn from hostility to passion, she learns that the faerie lands are a far more dangerous place than she realized. And Feyre must fight to break an ancient curse, or she will lose him forever.","2015"
"read","2","21161465","8855321","Leviathan Wakes","James S.A. Corey","1841499889","5","4.30","Tue, 1 Mar 2022 00:00:00 +0000","Thu, 31 Mar 2022 19:51:32 -0700","","enjoyed","https://www.goodreads.com/book/show/8855321","https://www.goodreads.com/review/show/3636759899?utm_medium=api&utm_source=rss","I mean... wow!<br /><br />Coming into my first science fiction novel, I wasn't sure what to expect, and it probably wasn't this, but I have absolutely no complaints. <br /><br />I don't know why this book is nowhere to be found on Booktok or Bookstagram, because I think it checks every single thing people that use those platforms look for in a book, except probably romance. Which it has, but it's not the main conflict in here at any point. But boy, it deserves a lot more recognition.<br /><br />For a little while now I've been searching for an adventure book more in the style of Indiana Jones and such where the characters were unraveling mysteries and being trapped with more questions than answers throughout the story. And while this book is located in space, and it has NO similarities to what I was looking for, it definitely cured the thirst for it. It IS adventurous and action-filled, it has an amazing mystery (that is mostly resolved by the end) full of organic twists and turns, and it's just so much fun.<br /><br />Yes, it does have a bit of an overlong situation and a bit of a been-there-done-that thing going on, where a pattern was starting to repeat every 100 pages or so, but these constant challenges for the characters really invigorated the plot and raised its stakes for the most part. <br /><br />I do have some hopes for the following books, and is related to the thing I just mentioned. The author needs to let the characters breathe for a second, so we can get to know them a bit more, especially our SC which are awesome, but they feel trapped in an over saturated plot. I just said it was kind of an overlong book, but I think if we had those moments (even if the book turned out to be a bit longer) it would have had more gravitas as a whole. <br /><br />I'm just picking hairs right now, this is an awesome book, and it deserves 5 amazing stars.","Humanity has colonized the solar system—Mars, the Moon, the Asteroid Belt and beyond—but the stars are still out of our reach.<br /><br />Jim Holden is XO of an ice miner making runs from the rings of Saturn to the mining stations of the Belt. When he and his crew stumble upon a derelict ship, the <i>Scopuli</i>, they find themselves in possession of a secret they never wanted. A secret that someone is willing to kill for—and kill on a scale unfathomable to Jim and his crew. War is brewing in the system unless he can find out who left the ship and why.<br /><br />Detective Miller is looking for a girl. One girl in a system of billions, but her parents have money and money talks. When the trail leads him to the <i>Scopuli</i> and rebel sympathizer Holden, he realizes that this girl may be the key to everything.<br /><br />Holden and Miller must thread the needle between the Earth government, the Outer Planet revolutionaries, and secretive corporations—and the odds are against them. But out in the Belt, the rules are different, and one small ship can change the fate of the universe.","2011"
"read","2","21161465","50196744","Know My Name","Chanel Miller","0735223718","3","4.67","Mon, 22 May 2023 00:00:00 +0000","Wed, 08 Jan 2025 12:10:13 -0800","","neutral","https://www.goodreads.com/book/show/50196744","https://www.goodreads.com/review/show/3635382808?utm_medium=api&utm_source=rss","","She was known to the world as Emily Doe when she stunned millions with a letter. Brock Turner had been sentenced to just six months in county jail after he was found sexually assaulting her on Stanford’s campus. Her victim impact statement was posted on BuzzFeed, where it instantly went viral–viewed by eleven million people within four days, it was translated globally and read on the floor of Congress; it inspired changes in California law and the recall of the judge in the case. Thousands wrote to say that she had given them the courage to share their own experiences of assault for the first time.<br /><br />Now she reclaims her identity to tell her story of trauma, transcendence, and the power of words. It was the perfect case, in many ways–there were eyewitnesses, Turner ran away, physical evidence was immediately secured. But her struggles with isolation and shame during the aftermath and the trial reveal the oppression victims face in even the best-case scenarios. Her story illuminates a culture biased to protect perpetrators, indicts a criminal justice system designed to fail the most vulnerable, and, ultimately, shines with the courage required to move through suffering and live a full and beautiful life.<br /><br /><em>Know My Name</em> will forever transform the way we think about sexual assault, challenging our beliefs about what is acceptable and speaking truth to the tumultuous reality of healing. It also introduces readers to an extraordinary writer, one whose words have already changed our world. Entwining pain, resilience, and humor, this memoir will stand as a modern classic.","2019"
"read","2","21161465","53152636","Mexican Gothic","Silvia Moreno-Garcia","0525620788","2","3.65","Sun, 30 Oct 2022 00:00:00 +0000","Sun, 30 Oct 2022 12:41:42 -0700","","notEnjoyed","https://www.goodreads.com/book/show/53152636","https://www.goodreads.com/review/show/3635356560?utm_medium=api&utm_source=rss","Gross, stupid and boring. I hated everything about it, except the first quarter, where a sense of something interesting could be glimpsed, but that ultimately failed horribly. ","After receiving a frantic letter from her newly-wed cousin begging for someone to save her from a mysterious doom, Noemí Taboada heads to High Place, a distant house in the Mexican countryside. She’s not sure what she will find—her cousin’s husband, a handsome Englishman, is a stranger, and Noemí knows little about the region. <br /> <br />Noemí is also an unlikely rescuer: She’s a glamorous debutante, and her chic gowns and perfect red lipstick are more suited for cocktail parties than amateur sleuthing. But she’s also tough and smart, with an indomitable will, and she is not afraid: Not of her cousin’s new husband, who is both menacing and alluring; not of his father, the ancient patriarch who seems to be fascinated by Noemí; and not even of the house itself, which begins to invade Noemi’s dreams with visions of blood and doom.<br /> <br />Her only ally in this inhospitable abode is the family’s youngest son. Shy and gentle, he seems to want to help Noemí, but might also be hiding dark knowledge of his family’s past. For there are many secrets behind the walls of High Place. The family’s once colossal wealth and faded mining empire kept them from prying eyes, but as Noemí digs deeper she unearths stories of violence and madness. <br /> <br />And Noemí, mesmerized by the terrifying yet seductive world of High Place, may soon find it impossible to ever leave this enigmatic house behind.","2020"
"read","2","21161465","52578297","The Midnight Library (The Midnight World, #1)","Matt Haig","0525559477","4","3.95","Sat, 29 May 2021 00:00:00 +0000","Sat, 29 May 2021 13:23:49 -0700","","enjoyed","https://www.goodreads.com/book/show/52578297","https://www.goodreads.com/review/show/3632140417?utm_medium=api&utm_source=rss","The ending is really good and the story is mostly cute and heartbreaking, but I think it faces some pacing and predictability issues that I can’t ignore. <br /><br />I don’t think is the best book of 2020, but I do get the appeal of why a lot of people think it is, I just wished that the fantasy/sci fi element of it was further explored. <br /><br />This will be a great movie, tho, that much I can tell. ","Between life and death there is a library.<br /><br />When Nora Seed finds herself in the Midnight Library, she has a chance to make things right. Up until now, her life has been full of misery and regret. She feels she has let everyone down, including herself. But things are about to change.<br /><br />The books in the Midnight Library enable Nora to live as if she had done things differently. With the help of an old friend, she can now undo every one of her regrets as she tries to work out her perfect life. But things aren't always what she imagined they'd be, and soon her choices place the library and herself in extreme danger.<br /><br />Before time runs out, she must answer the ultimate question: what is the best way to live?","2020"
"read","2","21161465","56508158","Una tierra prometida","Barack Obama","6073198396","4","4.34","Sat, 30 Jan 2021 00:00:00 +0000","Sat, 30 Jan 2021 13:19:05 -0800","","enjoyed","https://www.goodreads.com/book/show/56508158","https://www.goodreads.com/review/show/3632137469?utm_medium=api&utm_source=rss","200 pages too long, probably, but it still is a very interesting recount of the first half of Obama's administration. <br /><br />I would have liked to have a bit more intel on how his family adapted to the public life, tho. We do get some information regarding Michelle Obama and their daughters, but I just wished it had more, especially because the first third of the book is lot more autobiographical and then that aspect suddenly stopped. <br />I get this is a book about his presidency, not his family, so I'll pass that.<br /><br />However, the long descriptions about some of the regulations and laws he tried to pass tended to go on and on and on, resulting sometimes on me skim reading through some passages because I just wanted to get to the next thing. Also, there are some really looooong chapters, which I'm not really a fan of. <br /><br />So, all in all, the first 300 pages were a 5 star read for me, then the middle chapters around a 3.5, and finally the last hundred pages it ticked up to a 4, which is how I think I really feel about this behemoth of a book: a solid 4 stars read.","En este esperado y emocionante primer volumen de sus memorias presidenciales, Barack Obama nos cuenta la historia de su inaudita trayectoria: cómo un joven en busca de su identidad se convirtió en líder del mundo occidental, al tiempo que describe el sumo detalle tanto su formación política como los momentos cruciales del primer mandato de su histórica presidencia, una época de grandes conmociones y de profundos cambios.<br /><br />Obama nos acompaña en un viaje increíble que abarca desde sus más tempranas aspiraciones en el mundo de la política hasta la emotiva noche del 4 de noviembre de 2008, cuando fue elegido presidente número 44 de Estados Unidos y se convirtió así en el primer afroamericano en ocupar el cargo más alto de la nación.<br /><br />Con sus reflexiones en torno a la presidencia, Obama no solo nos ofrece un análisis único y profundo del alcance y los límites del poder, sino que también nos brinca una visión singular del funcionamiento de la política estadounidense y la diplomacia internacional. Nos hace partícipes de sus pensamientos mientras compone su gabinete, lidia con una crisis financiera global, sopesa a Vladimir Putin, vence obstáculos aparentemente insuperables para lograr la aprobación de la reforma sanitaria, se enfrenta a generales sobre la estrategia de Estados Unidos en Afganistán, aborda la reforma de Wall Street, responde al devastador derrame de petróleo de Deepwater Horizon, y autoriza la Operación Lanza de Neptuno, que culmina con la muerte de Osama bin Laden.<br /><br />Una tierra prometida es un libro único, personal e introspectivo que narra la apuesta de un hombre con la historia, la fe de un trabajador comunitario puesta a prueba ante el mundo. Obama expone el difícil equilibrio entre hacer campaña como afroamericano - cargando con la expectativas de una generación ilusionada por ideales como &lt;&lt; esperanza&gt;&gt; y &lt;&gt; - y enfrentarse al desafío moral del tener que tomar decisiones de gran trascendencia.<br /><br />Aquí no habla con franqueza de las fuerzas que se le opusieron tanto en su país como en el extranjero, revela cómo la vida en la Casa Blanca afectó a su esposa y a sus hijas, y no teme confesarnos sus inseguridades ni decepciones, sin dejar de lado su convicción de que, dentro del gran experimento americano, el progreso siembre es posible.<br /><br />Con una prosa exquisita, este impactante libro captura y contagia la poderosa convicción de Barack Obama en torno a la idea de democracia: no es un don del cielo, sino un espacio basado en la empatía y la comprensión mutua, que construimos entre todos a diario.","2020"
"read","2","21161465","32718027","The City of Brass (The Daevabad Trilogy, #1)","S.A. Chakraborty","0062678108","4","4.12","Sat, 13 Feb 2021 00:00:00 +0000","Sat, 13 Feb 2021 18:04:47 -0800","","enjoyed","https://www.goodreads.com/book/show/32718027","https://www.goodreads.com/review/show/3632129170?utm_medium=api&utm_source=rss","This one took me more time that I thought it would take, but it wasn't particularly for the book. The world just decided to not give me almost any time to read, so it took me 9 days to finish it.<br /><br />I must say I really liked it, even though at times the world-building is a little bit tricky and because the book has the tendency to keep information until later, sometimes you don't really know *exactly* what the characters are talking about and I didn't liked that at all. It was probably to build suspense or to create some sort of mystery, but it tended to became tedious. <br /><br />Around 200 pages in, it all sort of... clicks. But you really need to take the time to repeat to yourself some of the whole tribes situation, because there are 6 of them, and a lot of unknown words that are quite complicated to connect at first, and it can get overwhelming. <br /><br />In short, it is a great book and a good start for this series that I'm really eager to continue! ","Nahri has never believed in magic. Certainly, she has power; on the streets of 18th century Cairo, she’s a con woman of unsurpassed talent. But she knows better than anyone that the trade she uses to get by—palm readings, zars, healings—are all tricks, sleights of hand, learned skills; a means to the delightful end of swindling Ottoman nobles. <br /><br />But when Nahri accidentally summons an equally sly, darkly mysterious djinn warrior to her side during one of her cons, she’s forced to accept that the magical world she thought only existed in childhood stories is real. For the warrior tells her a new tale: across hot, windswept sands teeming with creatures of fire, and rivers where the mythical marid sleep; past ruins of once-magnificent human metropolises, and mountains where the circling hawks are not what they seem, lies Daevabad, the legendary city of brass, a city to which Nahri is irrevocably bound. <br /><br />In that city, behind gilded brass walls laced with enchantments, behind the six gates of the six djinn tribes, old resentments are simmering. And when Nahri decides to enter this world, she learns that true power is fierce and brutal. That magic cannot shield her from the dangerous web of court politics. That even the cleverest of schemes can have deadly consequences. <br /><br />After all, there is a reason they say be careful what you wish for...","2017"
"read","2","21161465","44778083","House of Earth and Blood (Crescent City, #1)","Sarah J. Maas","1635574048","5","4.42","Wed, 27 Oct 2021 00:00:00 +0000","Tue, 01 Mar 2022 20:00:03 -0800","favorites","enjoyed","https://www.goodreads.com/book/show/44778083","https://www.goodreads.com/review/show/3632126784?utm_medium=api&utm_source=rss","This was simply amazing!<br /><br />Even though the first 150 pages are a bit too expository, once you get the hang of the world and the characters it all comes together nicely and the real fun begins. <br /><br />I really can’t explain how much I loved this world and these characters. And this comes from someone who, at first, wasn’t really sure if that was going to happen because there was so much information thrown at once and the characters weren’t… you know… likable enough that made me care about what was happening. But OMG how much that changed. <br /><br />I can already say that Hunt is my favorite Sarah J Maas character from today until the day I die. He was a gem. Gladly, in time, Bryce and Ruhn became so much more interesting that what I first thought, so I liked them too, but no one reached Hunt’s awesomeness. <br /><br />I’m so excited for the second book. Even though I think this could have been a standalone (there’s no real cliffhanger, and it could have worked out without the epilogue) I trust in Maas that the story needs to be a trilogy… or a long series since she loves that. ","Bryce Quinlan had the perfect life-working hard all day and partying all night-until a demon murdered her closest friends, leaving her bereft, wounded, and alone. When the accused is behind bars but the crimes start up again, Bryce finds herself at the heart of the investigation. She'll do whatever it takes to avenge their deaths.<br /><br />Hunt Athalar is a notorious Fallen angel, now enslaved to the Archangels he once attempted to overthrow. His brutal skills and incredible strength have been set to one purpose-to assassinate his boss's enemies, no questions asked. But with a demon wreaking havoc in the city, he's offered an irresistible deal: help Bryce find the murderer, and his freedom will be within reach.<br /><br />As Bryce and Hunt dig deep into Crescent City's underbelly, they discover a dark power that threatens everything and everyone they hold dear, and they find, in each other, a blazing passion-one that could set them both free, if they'd only let it.<br /><br />With unforgettable characters, sizzling romance, and page-turning suspense, this richly inventive new fantasy series delves into the heartache of loss, the price of freedom-and the power of love.","2020"
"read","2","21161465","20603758","Ready Player One (Ready Player One, #1)","Ernest Cline","","5","4.38","Wed, 28 Oct 2020 00:00:00 +0000","Wed, 28 Oct 2020 00:25:34 -0700","","enjoyed","https://www.goodreads.com/book/show/20603758","https://www.goodreads.com/review/show/3601552216?utm_medium=api&utm_source=rss","","<i>A world at stake.<br />A quest for the ultimate prize.<br /><b>Are you ready?<br /></b></i> <br />It’s the year 2044, and the real world is an ugly place. <br />Like most of humanity, Wade Watts escapes his grim surroundings by spending his waking hours jacked into the OASIS, a sprawling virtual utopia that lets you be anything you want to be, a place where you can live and play and fall in love on any of ten thousand planets.<br /><br />And like most of humanity, Wade dreams of being the one to discover the ultimate lottery ticket that lies concealed within this virtual world. For somewhere inside this giant networked playground, OASIS creator James Halliday has hidden a series of fiendish puzzles that will yield massive fortune—and remarkable power—to whoever can unlock them.<br /><br />For years, millions have struggled fruitlessly to attain this prize, knowing only that Halliday’s riddles are based in the pop culture he loved—that of the late twentieth century. And for years, millions have found in this quest another means of escape, retreating into happy, obsessive study of Halliday’s icons. Like many of his contemporaries, Wade is as comfortable debating the finer points of John Hughes’s oeuvre, playing Pac-Man, or reciting Devo lyrics as he is scrounging power to run his OASIS rig.<br /><br />And then Wade stumbles upon the first puzzle.<br /><br />Suddenly the whole world is watching, and thousands of competitors join the hunt—among them certain powerful players who are willing to commit very real murder to beat Wade to this prize. Now the only way for Wade to survive and preserve everything he knows is to<i> win</i>. But to do so, he may have to leave behind his oh-so-perfect virtual existence and face up to life—and love—in the real world he’s always been so desperate to escape.","2011"
"read","2","21161465","53265647","The Meaning of Mariah Carey","Mariah Carey","1250164680","5","4.08","Tue, 24 Nov 2020 00:00:00 +0000","Tue, 24 Nov 2020 23:06:24 -0800","","enjoyed","https://www.goodreads.com/book/show/53265647","https://www.goodreads.com/review/show/3580318567?utm_medium=api&utm_source=rss","I may be really biased when it comes to this book and Mariah in general because I'm a big fan of hers, so I'm just going to say that if you like her... read this. It really gives you a lot of intel about her and her life (which I'm gonna admit is much more tragic than her diva persona may suggest).<br /><br />Definitely the best chapters are the first one where she goes around her childhood and gets to share some really private moments when racism, sadness, hate, fear and loneliness flooded her life, and the third one when she goes full disclosure about the whole Glitter debacle. These are gut-wrenching and really elevate the narrative (and Mariah not just as an artist, but as a person) to previously unrecognized territory. <br /><br />I wasn't in love with every single part of the book, though. I felt like this narrative sometimes got lost with all the name-dropping (especially in the second part) that happens when she talks about her writing process and her collaborations with some artists or producers, and maybe those pages could have been filled with more information about the ""why"" of more of her songs. These little pieces of information (I especially loved when she talked about ""The Roof"") were some of the best parts of the book, and I was craving for some more. However this is not a big complaint, and I was hooked to the pages all the way through. <br /><br />All things considered, and she makes it clear several times, this book is for the fans, so if you're part of the Lambily, go on and read it. It is worth it! <br /><br />If you're not, it still is a heartbreaking and inspiring story of how one of the biggest artists of all time came to be.","It took me a lifetime to have the courage and the clarity to write my memoir. I want to tell the story of the moments - the ups and downs, the triumphs and traumas, the debacles and the dreams, that contributed to the person I am today. Though there have been countless stories about me throughout my career and very public personal life, it’s been impossible to communicate the complexities and depths of my experience in any single magazine article or a ten-minute television interview. And even then, my words were filtered through someone else’s lens, largely satisfying someone else’s assignment to define me.<br /><br />This book is composed of my memories, my mishaps, my struggles, my survival and my songs. Unfiltered. I went deep into my childhood and gave the scared little girl inside of me a big voice. I let the abandoned and ambitious adolescent have her say, and the betrayed and triumphant woman I became tell her side.<br /><br />Writing this memoir was incredibly hard, humbling and healing. My sincere hope is that you are moved to a new understanding, not only about me, but also about the resilience of the human spirit.<br /><br />Love,<br />Mariah","2020"
"read","2","21161465","16034235","Throne of Glass (Throne of Glass, #1)","Sarah J. Maas","1619630346","5","4.15","Thu, 18 Feb 2021 00:00:00 +0000","Thu, 12 Oct 2023 19:21:24 -0700","","enjoyed","https://www.goodreads.com/book/show/16034235","https://www.goodreads.com/review/show/3562353762?utm_medium=api&utm_source=rss","I LOVED THISSSSS!!<br /><br />Even though the Tests were a bit of a letdown altogether and the 'twist' that happened with Cain was extremely predictable, I just need to know what happens next.<br /><br />I'm hooked!","In a land without magic, where the king rules with an iron hand, an assassin is summoned to the castle. She comes not to kill the king, but to win her freedom. If she defeats twenty-three killers, thieves, and warriors in a competition, she is released from prison to serve as the king's champion. Her name is Celaena Sardothien. <br /><br />The Crown Prince will provoke her. The Captain of the Guard will protect her. But something evil dwells in the castle of glass—and it's there to kill. When her competitors start dying one by one, Celaena's fight for freedom becomes a fight for survival, and a desperate quest to root out the evil before it destroys her world.","2012"
"read","2","21161465","50724974","El dolor de la cigüeña","Daniela Richer","","4","4.00","Thu, 10 Sep 2020 00:00:00 +0000","Thu, 10 Sep 2020 15:35:25 -0700","","enjoyed","https://www.goodreads.com/book/show/50724974","https://www.goodreads.com/review/show/3535913604?utm_medium=api&utm_source=rss","","Las campanadas rompieron el silencio de la madrugada para anunciar que estaban frente a una auténtica emergencia; una pareja hostil ha invadido las instalaciones del único orfanato de una remota localidad española durante la época franquista, en donde el personal asegura que irrumpieron con la intención de robarse a un niño. Tras alertar a las autoridades locales, un comandante y un joven agente se disponen a esclarecer el motivo de la transgresión, descubriendo que el incidente está conectado con un secreto que ha permanecido sepultado durante años. Cuando una nueva ola de secuestros asalta el lugar, son ellos quienes siguen la pista que promete ponerle fin a la investigación, la cual para su sorpresa, apenas está por comenzar.",""
"read","2","21161465","38476218","Volverás a Alaska","Kristin Hannah","8491292373","3","4.30","Sat, 26 Dec 2020 00:00:00 +0000","Sat, 26 Dec 2020 16:33:45 -0800","","neutral","https://www.goodreads.com/book/show/38476218","https://www.goodreads.com/review/show/3518680478?utm_medium=api&utm_source=rss","I don't even know why I didn't loved this book, but I'm noticing how this type of sub-genre is not really for me. I tried earlier this year with 'Where the Crawdads Sing' and I got the same feel that I can't connect with this whole ""different and often overlooked girl who is stranded in a nobody's land scenario who is forced to grow alone with everything against her"" narrative. <br /><br />Adding to the fact that the book is around 100 pages too long, the characters weren't really that interesting to justify them. Of course Leni was going to beat every obstacle on her way, and even though Cora is a flawed and much more developed character than her, I never understood why suddenly in the last couple of chapters everyone in Alaska was so fond of her. She had a rough life and she deserved better, but in any part of the book she was shown really developing a connection with another person but her family so it doesn't ring true. The rest of the characters were as flat as they may be and I must admit I never bothered to know how the whole Mad Earl family was even composed; they were just names dropped in the middle of the narrative with no real personalities or purpose.<br /><br />But not everything is bad, of course. I'm still rating it with 3 stars because the story was -at times- interesting, the romance bits were sweet and the author really took the time to paint Alaska and its wildlife. I also believe the first half of the book is much better than the second one: probably because we were seeing it all through the eyes of Leni as a kid instead of as an adult, something that I've noticed is common in these type of books. <br /><br />All in all, it was a pleasant read that I don't regret... but I'm not sure I would recommend either. Probably I'll think differently once I read 'The Nightingale' but I don't think that will be very soon. ","<b>De la autora del best seller internacional El Ruiseñor, una épica historia de amor, pérdida y supervivencia que celebra la resistencia del espíritu humano y la inquebrantable fuerza de las mujeres. </b><br /><br /><b>Alaska, 1974. Indómita. Impredecible. </b><br /><br /><b>Y para una familia en crisis, la prueba definitiva.</b><br /><br />Ernt Allbright vuelve de la guerra de Vietnam convertido en un hombre distinto. Incapaz de mantener un trabajo, toma una decisión impulsiva: toda su familia comenzará una nueva vida en la salvaje Alaska, la última frontera.<br /><br />Con apenas 13 años, su hija Leni ansía encontrar su lugar en el mundo, mientras que su mujer, Cora, estaría dispuesta a cualquier cosa por el hombre al que ama, aunque eso signifique seguirle en su aventura hacia lo desconocido.<br /><br />En una inhóspita y remota esquina del país, los Allbright encontraran una pequeña comunidad de hombres aguerridos y mujeres aún más fuertes en la que labrarse un nuevo futuro. Allí, Leni tendrá que madurar muy deprisa, enfrentándose al desafío de una naturaleza desmesurada y cruel, a lo que oculta su propia familia y a la tormentosa relación de sus padres. Pero cuando el invierno llegue y el frío y la oscuridad lo invadan todo, madre e hija descubrirán que, en un entorno hostil, nadie puede salvarte más que tú mismo.","2018"
"read","2","21161465","54860443","One Last Stop","Casey McQuiston","1250244498","4","3.87","Tue, 7 Sep 2021 00:00:00 +0000","Wed, 08 Sep 2021 17:01:51 -0700","","enjoyed","https://www.goodreads.com/book/show/54860443","https://www.goodreads.com/review/show/3507525039?utm_medium=api&utm_source=rss","Another 4 star read courtesy of Casey McQuiston.<br /><br />This year I haven't been reading so many contemporary rom-coms, and instead I've been into a lot of fantasy, so this was a nice change of pace, and while it wasn't my favorite read ever, it was cute, fun and mostly light-hearted. <br /><br />The characters were, just like in her previous book, amazing. Every single one was unique, well developed and actually brought something to the table. I'm not just talking about the diversity (which was appreciated) but regarding the semi-heist August &amp; Co. had to get through in order to help Jane. Everyone had an important role and for me that was really satisfying. <br /><br />The sci-fi element in here really worked, too. It brings some logistics issues, but this is a rom-com, so we can forgive some physics being thrown out the window. The important thing about it was how it was affecting our characters and I think McQuiston did an amazing job in that department. <br /><br />Not as amazing? Our mystery element in the book. I know no one who picks up this book was expecting the whole 'let's figure out who Jane is' to be really treated like a mystery, or even the Uncle Auggie situation, but, I believe that if you bring this little-almost-insignificant-until-the-end-speck-of-mystery to the table, commit to it. Everything regarding Jane's past and her connection with August's uncle was held back from the reader until it was convenient for the plot to be remembered. Every time the story needed to move forward, there was Jane who casually just recalled something from her time so August could place another piece of the puzzle together, and it just, for me (a reader who is really fond of the mystery genre) felt cheap. I mean, if August was supposed to be this Nancy Drew kind of girl because of how her mom brought her up, then at least give her the chance to show her detective skills. Unfortunately, maybe because a mystery writer McQuiston is not and she purposefully decided to do it this way, or maybe the mystery was a bit of a headache for her, she went for the most hated device on any mystery book. <br /><br />Anyway, at the end of the day, I did liked this book. I think McQuiston is a very interesting queer voice who always puts LGBTQ+ stories up and front, and that's something to appreciate. This seems to be like an experimental book (and a great one) and I can't wait to see how she continues to grow as a writer. ","For cynical twenty-three-year-old August, moving to New York City is supposed to prove her right: that things like magic and cinematic love stories don’t exist, and the only smart way to go through life is alone. She can’t imagine how waiting tables at a 24-hour pancake diner and moving in with too many weird roommates could possibly change that. And there’s certainly no chance of her subway commute being anything more than a daily trudge through boredom and electrical failures. <br /><br />But then, there’s this gorgeous girl on the train. <br /><br />Jane. Dazzling, charming, mysterious, impossible Jane. Jane with her rough edges and swoopy hair and soft smile, showing up in a leather jacket to save August’s day when she needed it most. August’s subway crush becomes the best part of her day, but pretty soon, she discovers there’s one big problem: Jane doesn’t just look like an old school punk rocker. She’s literally displaced in time from the 1970s, and August is going to have to use everything she tried to leave in her own past to help her. Maybe it’s time to start believing in some things, after all. <br /><br />Casey McQuiston’s <i>One Last Stop</i> is a magical, sexy, big-hearted romance where the impossible becomes possible as August does everything in her power to save the girl lost in time.","2021"
"read","2","21161465","39912377","One for the Money (Stephanie Plum, #1)","Janet Evanovich","1982108525","3","3.88","Mon, 12 Oct 2020 00:00:00 +0000","Mon, 12 Oct 2020 22:54:46 -0700","","neutral","https://www.goodreads.com/book/show/39912377","https://www.goodreads.com/review/show/3504787405?utm_medium=api&utm_source=rss","","With over 235,000 five-star ratings, this “snappily written, fast-paced, and witty” series starter <i>(USA Today)</i> introduces feisty out-of-work bounty hunter Stephanie Plum, who takes a job as an apprehension agent and winds up getting assigned to track down and arrest her former flame, an ex-cop charged with murder.","1994"
"read","2","21161465","20839196","Sapiens: A Brief History of Humankind – The #1 New York Times Bestseller Exploring Evolution and Ancient Socieities","Yuval Noah Harari","0062316095","3","4.40","Tue, 2 Mar 2021 00:00:00 +0000","Tue, 02 Mar 2021 21:55:57 -0800","","neutral","https://www.goodreads.com/book/show/20839196","https://www.goodreads.com/review/show/3504786641?utm_medium=api&utm_source=rss","3.5 stars actually.<br /><br />Even though I was enthralled during the entire book, the whole thing was like a rollercoaster in the sense of having pronounced ups and downs. Some chapters were really good and offered a lot of interesting facts about humans (especially during the first half) but in others I was almost skim-reading through them because they were so long and not that engaging. <br /><br />I don't regret reading it at all, and probably I'll read the Homo Deus one, but I think I'll take a few months break between them. ","<b>From a renowned historian comes a groundbreaking narrative of humanity’s creation and evolution—a #1 international bestseller—that explores the ways in which biology and history have defined us and enhanced our understanding of what it means to be “human.”</b><br /><br />One hundred thousand years ago, at least six different species of humans inhabited Earth. Yet today there is only one—homo sapiens. What happened to the others? And what may happen to us?<br /><br />Most books about the history of humanity pursue either a historical or a biological approach, but Dr. Yuval Noah Harari breaks the mold with this highly original book that begins about 70,000 years ago with the appearance of modern cognition. From examining the role evolving humans have played in the global ecosystem to charting the rise of empires, <i>Sapiens</i> integrates history and science to reconsider accepted narratives, connect past developments with contemporary concerns, and examine specific events within the context of larger ideas.<br /><br />Dr. Harari also compels us to look ahead, because over the last few decades humans have begun to bend laws of natural selection that have governed life for the past four billion years. We are acquiring the ability to design not only the world around us, but also ourselves. Where is this leading us, and what do we want to become?<br /><br />Featuring 27 photographs, 6 maps, and 25 illustrations/diagrams, this provocative and insightful work is sure to spark debate and is essential reading for aficionados of Jared Diamond, James Gleick, Matt Ridley, Robert Wright, and Sharon Moalem.","2011"
"read","2","21161465","53341603","In a Holidaze","Christina Lauren","","3","3.81","Thu, 17 Dec 2020 00:00:00 +0000","Wed, 24 Feb 2021 23:00:18 -0800","","neutral","https://www.goodreads.com/book/show/53341603","https://www.goodreads.com/review/show/3501574390?utm_medium=api&utm_source=rss","3 stars for me.<br /><br />I was never really THAT invested throughout the book, but it definitely clicked a little bit in me.<br /><br />For a moment I thought it would be a bit more sci-fi than it ended up being and I actually think that the book suffers because of this. I know it was a silly romance from the start, and those parts were cute, but I think it could have been so much better if the authors embraced the time-loop even more into the story. <br /><br />Anyway, from the get-go you know if you're into these type of books or not, but even if you are... I don't think this one is one of the best out there.","SOON TO BE A NETFLIX FILM STARRING MADDIE ZIEGLER, ROB LOWE, GRAHAM PHILLIPS, AND ELIAS KACAVAS<br />THE INSTANT NEW YORK TIMES BESTSELLER<br /><br />“Pure, irresistible magic from start to finish.” —Emily Henry, #1 New York Times bestselling author<br /><br />One Christmas wish, two brothers, and a lifetime of hope are on the line for hapless Maelyn Jones in this quintessential holiday romantic comedy by Christina Lauren, the New York Times bestselling authors of The Paradise Problem.<br /><br />It's the most wonderful time of the year...but not for Maelyn Jones. She's living with her parents, hates her going-nowhere job, and has just made a romantic error of epic proportions. But perhaps worst of all, this is the last Christmas she will spend at her favorite place in the world: the snowy Utah cabin where her family has spent the holidays every year since she was born. Mae throws out a plea to the universe: Please. Show me what will make me happy.<br /><br />Everything goes black, but then she gasps awake on an airplane bound for Utah, where the same holiday begins all over again. With one hilarious disaster after another sending her back to the plane, Mae must break free of the time loop—and finally get her true love under the mistletoe.","2020"
"read","2","21161465","49127718","Anxious People","Fredrik Backman","198216963X","4","4.15","Mon, 11 Jan 2021 00:00:00 +0000","Mon, 11 Jan 2021 22:46:30 -0800","","enjoyed","https://www.goodreads.com/book/show/49127718","https://www.goodreads.com/review/show/3501563229?utm_medium=api&utm_source=rss","I was really torn between giving this book 3 or 4 stars.<br /><br />It started out very strong, then kind of fizzled in the middle but then I got to the last 100 pages and it just won me and I decided to give it 4. And even though sometimes I wasn't a fan of how it *is* written, and possibly that could be the dealbreaker with many people (or not), it's actually a very charming book. The story is funny and is always moving forward and peeling layer after layer of its plot, even at the detriment of its characters. And this is probably where I couldn't connect with it.<br /><br />Throughout the many reviews I've read about 'Anxious People', a very common thing I could notice was that people loved the characters... but I just don't see why. Okay... I do know why, but it takes almost 300 pages to really get to know them and for me it was a little too late. Actually, I couldn't even at the end really warm up to some of them like Jack or Jim. Everything and everyone was cartoonish for the first 200 pages, and then it suddenly flips and it all gets a bit philosophical and existentialist. It was good, and like I said, those last 100 pages were the ones that in the end convinced me to rate it with 4 stars, but overall it wasn't the life-changing experience I thought I'd had... it was a ""great"" one, which is not a bad thing at all. ","Looking at real estate isn't usually a life-or-death situation, but an apartment open house becomes just that when a failed bank robber bursts in and takes a group of strangers hostage. The captives include a recently retired couple who relentlessly hunt down fixer-uppers to avoid the painful truth that they can't fix up their own marriage. There's a wealthy banker who has been too busy making money to care about anyone else and a young couple who are about to have their first child but can't seem to agree on anything, from where they want to live to how they met in the first place. Add to the mix an eighty-seven-year-old woman who has lived long enough not to be afraid of someone waving a gun in her face, a flustered but still-ready-to-make-a-deal real estate agent, and a mystery man who has locked himself in the apartment's only bathroom, and you've got the worst group of hostages in the world.<br /><br />Each of them carries a lifetime of grievances, hurts, secrets, and passions that are ready to boil over. None of them is entirely who they appear to be. And all of them—the bank robber included—desperately crave some sort of rescue. As the authorities and the media surround the premises, these reluctant allies will reveal surprising truths about themselves and set in a motion a chain of events so unexpected that even they can hardly explain what happens next. <br /><br />Humorous, compassionate, and wise, <i>Anxious People</i> is an ingeniously constructed story about the enduring power of friendship, forgiveness, and hope—the things that save us, even in the most anxious of times.<br /><br />Includes short story - <i>The Last Round of Golf</i>","2019"
"read","2","21161465","51791252","The Vanishing Half","Brit Bennett","0525536299","5","4.10","Sun, 17 Jan 2021 00:00:00 +0000","Tue, 01 Mar 2022 20:00:15 -0800","favorites","enjoyed","https://www.goodreads.com/book/show/51791252","https://www.goodreads.com/review/show/3499031854?utm_medium=api&utm_source=rss","I can't believe how much I loved this book. I even read half of it in a single day, which is something.<br /><br />When I started it, I was a little skeptic because of all the praise it has, and also because for some unknown reason (probably because the Goodreads Winner symbol and I sometimes don't really get along) I thought I was getting into a 'Where the Crawdads Sing' or 'The Great Alone' scenario where all the hype ultimately led to disappointment (at least to me). <br /><br />This was not it, at all! Amazing story, amazing characters (I even ended up caring about supporting characters such as Loretta, Early or Blake), huge and awesome representation of POC, LGBTQ+, interracial couples and so much more that I don't even want to say so everyone can just surprise themselves when they read it. <br /><br />And even though it was an awesome read, I must confess I wasn't the biggest fan of the ending. I mean, I get why *that* moment was the end: it kind of came as full circle for some characters, but we are kept in the dark about what exactly happened to some of the others that were prominent throughout the book and I would've at least love to know what became of them after everything that happened. <br /><br />In short, just read the book, it IS worth the hype.","The Vignes sisters will always be identical. But after growing up together in a small, southern black community and running away at age sixteen, it's not just the shape of their daily lives that is different as adults, it's everything, including their racial identities. Many years later, one sister lives with her black daughter in the same southern town she once tried to escape. Across the country, the other secretly passes for white, and her white husband knows nothing of her past. Still, although separated by so many miles and just as many lies, the fates of the twins remain intertwined. What will happen when their own daughters' story lines intersect?<br /><br />Weaving together multiple strands and generations, from the Deep South to California, from the 1950s to the 1990s, The Vanishing Half is at once a riveting, emotional family story and a brilliant exploration of of race, gender, and identity, and the lasting influence of the past as it shapes a person's desires and expectations.","2020"
"read","2","21161465","54911607","The Guest List","Lucy Foley","0062868934","3","3.76","Wed, 30 Jun 2021 00:00:00 +0000","Wed, 30 Jun 2021 23:08:42 -0700","","neutral","https://www.goodreads.com/book/show/54911607","https://www.goodreads.com/review/show/3497495292?utm_medium=api&utm_source=rss","Okay, this is a hard one.<br /><br />Let me just start by saying that this book suffers from a tricky and misleading marketing campaign. Even though I decided not to really read anything about the plot beforehand because it was a 'mystery book', I do follow the Reese Witherspoon Book Club (where this one was picked for book of the month a little while back) and many bookstagram accounts, so I thought I was getting into an Agatha Christie type of scenario, and that's why my expectations coming into the book were different from what I got. <br /><br />That's not a bad thing, per se. Actually, I think that when you expect something from a book or any other media, and then it turns out to be something completely different, it can be a very positive sign because you can be surprised by what happens in it. <br /><br />However, this book still claims to be a mystery novel, and the only thing that a mystery novel *needs* to have is... well... a mystery. Something that you can't really find in here until the last 100 pages or so. And even then, calling it a mystery is a bit of a stretch, because you know exactly who won't be 'making it out alive' (not a spoiler, is on the back cover of the book) even if the author refuses to say it until the last couple of pages. <br /><br />However, what it lacks in mystery, it makes up for with good characters. A common thing in these type of books is that the characters may be flimsy characterized or just be clichés so the story can maintain this big 'anyone can be a killer' vibe. This is not the case in this book, and that's something positive. Even though I resisted for a bit to like some of these, when you have characters like Hannah or Olivia, you can't help but care about them. Not everyone works though (a bit of a spoiler from this point 'till the end of the paragraph), the whole usher gang was annoying (probably this was intended), Jules POV is, in the big scope of thing, mostly filler and Aoife chapters were useless too until the last part, but even then it was a bit too much of a coincidence for me to really feel that she serves a purpose as an important character in the plot... and that's another aspect I didn't liked about the book in general. Everything happens by coincidence.<br /><br />Everything is connected in a bow by the end, but the way the characters start to discover the truths are mere coincidences, and that is unacceptable in a mystery novel. Yes, sometimes you have to suspend your disbelief, but this was just too much, at least for me. Also, yes, everyone has a secret in this book, but some secrets were just too bland to really make an impact. Some others were great, they had meaningful consequences, they help the reader (me) to better understand the motivations behind certain characters, but when everything ends up being a huge coincidence, it just falls apart. <br /><br />In summary, it is a fun book, it's very easy to read and follow (huge props to Lucy Foley for this) even when you have a big cast of characters that you have to follow around a little island, but it lacked suspense, and a good mystery to really stand out from other thrillers.","The bride ‧ The plus one ‧ The best man ‧ The wedding planner ‧ The bridesmaid ‧ The body<br /><br />On an island off the coast of Ireland, guests gather to celebrate two people joining their lives together as one. The groom: handsome and charming, a rising television star. The bride: smart and ambitious, a magazine publisher. It’s a wedding for a magazine, or for a celebrity: the designer dress, the remote location, the luxe party favors, the boutique whiskey. The cell phone service may be spotty and the waves may be rough, but every detail has been expertly planned and will be expertly executed.<br /><br />But perfection is for plans, and people are all too human. As the champagne is popped and the festivities begin, resentments and petty jealousies begin to mingle with the reminiscences and well wishes. The groomsmen begin the drinking game from their school days. The bridesmaid not-so-accidentally ruins her dress. The bride’s oldest (male) friend gives an uncomfortably caring toast.<br /><br />And then someone turns up dead. Who didn’t wish the happy couple well? And perhaps more important, why?","2020"
"read","2","21161465","685374","Drums of Autumn (Outlander, #4)","Diana Gabaldon","044022425X","4","4.30","Thu, 29 Apr 2021 00:00:00 +0000","Wed, 12 Jan 2022 23:04:53 -0800","","enjoyed","https://www.goodreads.com/book/show/685374","https://www.goodreads.com/review/show/3477968309?utm_medium=api&utm_source=rss","This is the first Outlander book that I will not rate with 5 stars and that's because I just reached the point where you can tell that the author is just going along with the flow. And that's not a bad thing, but that means that the 1,070 pages that you're reading are not part of a plan... that bothers me, especially when some characters that you use to really like start acting all stupidly just for the sake of plot. Yes, I'm talking about Jamie in the last 250 pages. <br /><br />And also about Claire if we're being honest... I was really shocked when, in the chapter where Brianna finds out about the whole Roger mix-up, she was just standing there, watching. Claire used to be in the previous books (and even in the first 2/3 of this one) this opinionated woman that always has something to say and that stands up for what she thinks is right, and even if I didn't agreed with Jamie in this particular matter, it would have made more sense if Claire actually talked in defense of him or of Brianna. I found strange that even in her POV, she was silent about the whole thing: she just narrated what happened, but Gabaldon refused to give her an opinion on the matter for the rest of the book: Claire was relegated to being a secondary player in her own story. Because even if we now have different POV's scattered here and there, Claire is still the main character and the thread that connects everyone. She deserved better than the last third of this book that was solely dedicated to one silly plot. <br /><br />And talking about plot, there is not just ONE plot in this book, we have a million little subplots that put together ultimately became a novel, resulting in a lack of a real story to follow. Drums of Autumn is just a sequence of weird events that the Frasers go through, and that while still interesting, most of them also lead nowhere...<br /><br />Despite all these opinions, I still liked this book and the series as a whole. The characters are lovable, most of the subplots are entertaining (that is something good about these books: if you're not liking the current subplot or it bores you, just keep on reading for a couple more chapters and it will be over and replaced with another one that may catch your eye) and it's an adventure novel, of course it is exciting. Also, it's inevitable to care for everyone in here... even if Gabaldon doesn't have a clear picture of her story, she created a very compelling and amazing set of characters that most of the times can outweigh any flaw in the (lack of) plot. <br /><br />I just wish that the series had a climax to wait for, or that all these events were building up to something, and the fact that there is nothing of the sort waiting for me in the following books (at least that I know of) is disappointing... they are a literary soap opera that while really fun, could be so much better.","The magnificent saga continues....<br /><br />It began in Scotland, at an ancient stone circle. There, a doorway, open to a select few, leads into the past—or the grave. Claire Randall survived the extraordinary passage, not once but twice. Her first trip swept her into the arms of Jamie Fraser, an eighteenth-century Scot whose love for her became legend—a tale of tragic passion that ended with her return to the present to bear his child. Her second journey, two decades later, brought them together again in frontier America. But Claire had left someone behind in the twentieth century. Their daughter, Brianna....<br /><br />Now Brianna has made a disturbing discovery that sends her to the stone circle and a terrifying leap into the unknown. In search of her mother and the father she has never met, she is risking her own future to try to change history...and to save their lives. But as Brianna plunges into an uncharted wilderness, a heartbreaking encounter may strand her forever in the past...or root her in the place she should be, where her heart and soul belong....","1996"
"read","2","21161465","323627","Voyager (Outlander, #3)","Diana Gabaldon","0440217563","5","4.38","Sat, 12 Dec 2020 00:00:00 +0000","Wed, 24 Feb 2021 23:00:47 -0800","","enjoyed","https://www.goodreads.com/book/show/323627","https://www.goodreads.com/review/show/3477968292?utm_medium=api&utm_source=rss","Perhaps a 100 pages too long, especially on the whole ""voyage"" part around the 700-800 page mark, but I still love the characters and how everything is kind of connected... even though these connections may be a little forced at parts.<br /><br />If you loved books 1 and 2, you'll love this one.","From the author of the breathtaking bestsellers <b>Outlander</b> and <b>Dragonfly in Amber</b>, the extraordinary saga continues.<br /><br />Their passionate encounter happened long ago by whatever measurement Claire Randall took. Two decades before, she had traveled back in time and into the arms of a gallant eighteenth-century Scot named Jamie Fraser. Then she returned to her own century to bear his child, believing him dead in the tragic battle of Culloden. Yet his memory has never lessened its hold on her... and her body still cries out for him in her dreams.<br /><br />Then Claire discovers that Jamie survived. Torn between returning to him and staying with their daughter in her own era, Claire must choose her destiny. And as time and space come full circle, she must find the courage to face the passion and pain awaiting her...the deadly intrigues raging in a divided Scotland... and the daring voyage into the dark unknown that can reunite—or forever doom—her timeless love.","1993"
"read","2","21161465","1068825","Dragonfly in Amber (Outlander, #2)","Diana Gabaldon","0770428770","5","4.23","Fri, 25 Sep 2020 00:00:00 +0000","Wed, 25 Nov 2020 13:53:49 -0800","","enjoyed","https://www.goodreads.com/book/show/1068825","https://www.goodreads.com/review/show/3477968285?utm_medium=api&utm_source=rss","","From the author of <i>Outlander</i>... a magnificent epic that once again sweeps us back in time to the drama and passion of 18th-century Scotland...<br /><br />For twenty years Claire Randall has kept her secrets. But now she is returning with her grown daughter to Scotland's majestic mist-shrouded hills. Here Claire plans to reveal a truth as stunning as the events that gave it birth: about the mystery of an ancient circle of standing stones ...about a love that transcends the boundaries of time ...and about James Fraser, a Scottish warrior whose gallantry once drew a young Claire from the security of her century to the dangers of his ....<br /><br />Now a legacy of blood and desire will test her beautiful copper-haired daughter, Brianna, as Claire's spellbinding journey of self-discovery continues in the intrigue-ridden Paris court of Charles Stuart ...in a race to thwart a doomed Highlands uprising ...and in a desperate fight to save both the child and the man she loves....","1992"
"read","2","21161465","9328","The House of the Spirits","Isabel Allende","0553383809","4","4.27","","Mon, 03 Aug 2020 23:01:34 -0700","","enjoyed","https://www.goodreads.com/book/show/9328","https://www.goodreads.com/review/show/3477964272?utm_medium=api&utm_source=rss","","In one of the most important and beloved Latin American works of the twentieth century, Isabel Allende weaves a luminous tapestry of three generations of the Trueba family, revealing both triumphs and tragedies. Here is patriarch Esteban, whose wild desires and political machinations are tempered only by his love for his ethereal wife, Clara, a woman touched by an otherworldly hand. Their daughter, Blanca, whose forbidden love for a man Esteban has deemed unworthy infuriates her father, yet will produce his greatest joy: his granddaughter Alba, a beautiful, ambitious girl who will lead the family and their country into a revolutionary future.<br /><br />The House of the Spirits is an enthralling saga that spans decades and lives, twining the personal and the political into an epic novel of love, magic, and fate.","1982"
"read","2","21161465","2526530","Como agua para chocolate","Laura Esquivel","9706907483","5","4.21","Mon, 3 Aug 2020 00:00:00 +0000","Tue, 04 Aug 2020 23:15:56 -0700","","enjoyed","https://www.goodreads.com/book/show/2526530","https://www.goodreads.com/review/show/3474367005?utm_medium=api&utm_source=rss","","<i>Novela de entregas mensuales con recetas, amores y remedios caseros.</i><br /><br />Coahuila, en tiempos de la Revolución mexicana. En esta ciudad las costumbres son arraigadas y la casa de Tita no es la excepción. Las normas de la familia indicaban que la última hija debía dedicar su vida en atender a su madre, así que Tita debía entregarse completamente al servicio familiar y olvidar el amor, siendo que era la hija menor. La conjugación comienza a complicarse cuando Tita se enamora de un joven llamado Pedro Muzquiz, lo cual es inaceptable para las costumbres de la familia de Tita, integrada por su madre (Mamá Elena) y sus dos hermanas: Rosaura y Gertrudis. Pedro eventualmente pide en matrimonio a Tita, y Mamá Elena ofrece en matrimonio a Rosaura, hermana de Tita, para casarse con él y hacerle olvidar su obsesión por Tita. Pedro acepta escondiendo un ardid: casarse con Rosaura para estar cerca de Tita...","1989"
"read","2","21161465","58028296","The Song of Achilles","Madeline Miller","1408891387","3","4.21","Fri, 24 Dec 2021 00:00:00 +0000","Fri, 24 Dec 2021 14:45:51 -0800","","neutral","https://www.goodreads.com/book/show/58028296","https://www.goodreads.com/review/show/3464139017?utm_medium=api&utm_source=rss","Here comes an unpopular opinion: I don’t get why so many people loves this book. <br /><br />It starts quite good, the romance is cute, the story is kinda fun and the “adventure” seems promising. However, maybe the writing was a bit dry for my taste, or perhaps things just kept on happening without much fanfare that it eventually became boring. They just happened and our main character just went through them: there was no excitement in the narration. <br /><br />There was even a point when I stopped trying to remember who did what besides 2 or 3 characters who were more of a big deal, but other than that, in that department the book fell flat for me. <br /><br />Yes, the ending is tragic and the last 50 pages or so are engaging, but they come after so much tediousness that I don’t think they really elevate the book as a whole. ","Greece in the age of Heroes. Patroclus, an awkward young prince, has been exiled to the kingdom of Phthia. Here he is nobody, just another unwanted boy living in the shadow of King Peleus and his golden son, Achilles.<br /><br />Achilles, “best of all the Greeks,” is everything Patroclus is not—strong, beautiful, the child of a goddess—and by all rights their paths should never cross. Yet one day, Achilles takes the shamed prince under his wing and soon their tentative connection gives way to a steadfast friendship. As they grow into young men skilled in the arts of war and medicine, their bond blossoms into something far deeper—despite the displeasure of Achilles’ mother Thetis, a cruel sea goddess with a hatred of mortals.<br /><br />Fate is never far from the heels of Achilles. When word comes that Helen of Sparta has been kidnapped, the men of Greece are called upon to lay siege to Troy in her name. Seduced by the promise of a glorious destiny, Achilles joins their cause. Torn between love and fear for his friend, Patroclus follows Achilles into war, little knowing that the years that follow will test everything they have learned, everything they hold dear. And that, before he is ready, he will be forced to surrender his friend to the hands of Fate.<br /><br />Profoundly moving and breathtakingly original, this rendering of the epic Trojan War is a dazzling feat of the imagination, a devastating love story, and an almighty battle between gods and kings, peace and glory, immortal fame and the human heart.","2011"
"read","2","21161465","157993","The Little Prince","Antoine de Saint-Exupéry","0152023984","4","4.33","Fri, 13 Nov 2020 00:00:00 +0000","Fri, 13 Nov 2020 18:06:07 -0800","","enjoyed","https://www.goodreads.com/book/show/157993","https://www.goodreads.com/review/show/3447110173?utm_medium=api&utm_source=rss","","A pilot forced to land in the Sahara meets a little prince. The wise and enchanting stories the prince tells of his own planet with its three volcanoes and a haughty flower are unforgettable. A strange and wonderful parable for all ages, with super illustrations by the author.","1943"
"read","2","21161465","102868","A Study in Scarlet (Sherlock Holmes, #1)","Arthur Conan Doyle","1420925539","3","4.16","Fri, 24 Jul 2020 00:00:00 +0000","Fri, 24 Jul 2020 22:45:37 -0700","","neutral","https://www.goodreads.com/book/show/102868","https://www.goodreads.com/review/show/3447103092?utm_medium=api&utm_source=rss","","Our first meeting with Sherlock Holmes. And it's John Watson's too! They meet at the start of this novel, and the young doctor is astonished by Holmes' many idiosyncrasies including his talents on the violin.<br /><br />But it's not long before Sherlock Holmes, with Watson in tow, is working with Scotland Yard investigating the murder of two Americans whose deaths have some mysterious connection to sinister groups gathering power in both Britain and America.<br /><br />Here's where it all began - 'A Study in Scarlet.' Meet Sherlock Holmes, one of the world's leading consulting detectives - fictional of course!","1887"
"read","2","21161465","8921","The Hound of the Baskervilles (Sherlock Holmes, #5)","Arthur Conan Doyle","","3","4.16","Sun, 26 Jul 2020 00:00:00 +0000","Mon, 31 Aug 2020 15:42:25 -0700","","neutral","https://www.goodreads.com/book/show/8921","https://www.goodreads.com/review/show/3447103032?utm_medium=api&utm_source=rss","","In this, one of the most famous of Doyle's mysteries, the tale of an ancient curse and a savage ghostly hound comes frighteningly to life. The gray towers of Baskerville Hall and the wild open country of Dartmoor will haunt the reader as Holmes and Watson seek to unravel the many secrets of the misty English bogs.","1902"
"read","2","21161465","9596829","Lolita","Vladimir Nabokov","8433968270","4","3.91","Sat, 1 Aug 2020 00:00:00 +0000","Tue, 04 Aug 2020 23:16:27 -0700","","enjoyed","https://www.goodreads.com/book/show/9596829","https://www.goodreads.com/review/show/3447091556?utm_medium=api&utm_source=rss","","La historia de la obsesión de Humbert Humbert, un profesor cuarentón, por la doceañera Lolita es una extraordinaria novela de amor en la que intervienen dos componentes explosivos: la atracción «perversa» por las nínfulas y el incesto. Un itinerario a través de la locura y la muerte, que desemboca en una estilizadísima violencia, narrado, a la vez con autoironía y lirismo desenfrenado, por el propio Humbert Humbert. <i>Lolita</i> es también un retrato ácido y visionario de los Estados Unidos, de los horrores suburbanos y de la cultura del plástico y del motel. En resumen, una exhibición deslumbrante de talento y humor a cargo de un escritor que confesó que le hubiera encantado filmar los picnics de Lewis Carroll.<br /><br />«Ningún amante ha pensado en su amada con tanta ternura, ninguna mujer ha sido tan embelesadamente evocada, con tanta gracia y delicadeza, como Lolita» (Lionel Trilling)<br /><br />«La obra más satisfactoria –quizá la única satisfactoria– de la literatura erótica que haya leído… Mientras nuestro siglo entra en sus años finales, la última carcajada puede ser la mejor de todas: la Gran Novela Americana fue escrita por un ruso» (Alan Levy)<br /><br />«Entre las más sutiles y complejas creaciones literarias de nuestro tiempo. Lo cual no significa, por cierto, que no sea un libro provocador» (Mario Vargas Llosa)","1955"
"read","2","21161465","45874065","A Good Girl's Guide to Murder (A Good Girl's Guide to Murder, #1)","Holly  Jackson","1984896369","4","4.28","Tue, 17 May 2022 00:00:00 +0000","Mon, 23 May 2022 22:43:43 -0700","","enjoyed","https://www.goodreads.com/book/show/45874065","https://www.goodreads.com/review/show/3443138632?utm_medium=api&utm_source=rss","This review comes late, but I just didn't have the time, and then I started reading another book, so I forgot about it. Because of that, I'll keep this one short. <br /><br />I thought I was over YA mysteries. I used to love these when I was an actual teen, and then I started to feel like they were annoying and stereotypical. Last year I read the 'Truly Devious' trilogy (I haven't read the fourth one), and while I loved the first one, the sequels left a lot to desire.<br /><br />Given that, I came into this book with low expectations. And I was pleasantly surprised. It wasn't groundbreaking or anything like that, but the mystery was interesting, the twists were good, and I enjoyed Pip as the main character. Also, the romance was cute, non-intrusive to the overall plot and, finally, healthy. <br /><br />I don't have much more to add, but I'll be reading the second one. I hope it doesn't disappoints. ","<b>For readers of Kara Thomas and Karen McManus, an addictive, twisty crime thriller with shades of <i>Serial</i> and <i>Making a Murderer </i>about a closed local murder case that doesn't add up, and a girl who's determined to find the real killer--but not everyone wants her meddling in the past.</b><br /><br /><b>Everyone in Fairview knows the story.</b><br /><br />Pretty and popular high school senior Andie Bell was murdered by her boyfriend, Sal Singh, who then killed himself. It was all anyone could talk about. And five years later, Pip sees how the tragedy still haunts her town.<br /><br />But she can't shake the feeling that there was more to what happened that day. She knew Sal when she was a child, and he was always so kind to her. How could he possibly have been a killer?<br /><br />Now a senior herself, Pip decides to reexamine the closed case for her final project, at first just to cast doubt on the original investigation. But soon she discovers a trail of dark secrets that might actually prove Sal innocent . . . and the line between past and present begins to blur. Someone in Fairview doesn't want Pip digging around for answers, and now her own life might be in danger.<br /><br />This is the story of an investigation turned obsession, full of twists and turns and with an ending you'll never expect.","2019"
"read","2","21161465","10644930","11/22/63","Stephen  King","1451627289","5","4.34","Wed, 12 Feb 2025 00:00:00 +0000","Wed, 12 Feb 2025 19:17:58 -0800","","enjoyed","https://www.goodreads.com/book/show/10644930","https://www.goodreads.com/review/show/3441881404?utm_medium=api&utm_source=rss","","On November 22, 1963, three shots rang out in Dallas, President Kennedy died, and the world changed. What if you could change it back? Stephen King’s heart-stoppingly dramatic new novel is about a man who travels back in time to prevent the JFK assassination—a thousand page tour de force.<br /><br />Following his massively successful novel Under the Dome, King sweeps readers back in time to another moment—a real life moment—when everything went wrong: the JFK assassination. And he introduces readers to a character who has the power to change the course of history.<br /><br /><br />Jake Epping is a thirty-five-year-old high school English teacher in Lisbon Falls, Maine, who makes extra money teaching adults in the GED program. He receives an essay from one of the students—a gruesome, harrowing first person story about the night 50 years ago when Harry Dunning’s father came home and killed his mother, his sister, and his brother with a hammer. Harry escaped with a smashed leg, as evidenced by his crooked walk.<br /><br />Not much later, Jake’s friend Al, who runs the local diner, divulges a secret: his storeroom is a portal to 1958. He enlists Jake on an insane—and insanely possible—mission to try to prevent the Kennedy assassination. So begins Jake’s new life as George Amberson and his new world of Elvis and JFK, of big American cars and sock hops, of a troubled loner named Lee Harvey Oswald and a beautiful high school librarian named Sadie Dunhill, who becomes the love of Jake’s life—a life that transgresses all the normal rules of time.<br /><br />A tribute to a simpler era and a devastating exercise in escalating suspense, 11/22/63 is Stephen King at his epic best.","2011"
"read","2","21161465","179780","The Exorcist (The Exorcist, #1)","William Peter Blatty","","4","4.21","","Mon, 13 Jul 2020 22:46:42 -0700","","enjoyed","https://www.goodreads.com/book/show/179780","https://www.goodreads.com/review/show/3441876069?utm_medium=api&utm_source=rss","","Originally published in 1971, The Exorcist, one of the most controversial novels ever written, went on to become a literary phenomenon: It spent fifty-seven weeks on the New York Times bestseller list, seventeen consecutively at number one. Inspired by a true story of a child's demonic possession in the 1940s, William Peter Blatty created an iconic novel that focuses on Regan, the eleven-year-old daughter of a movie actress residing in Washington, D.C. A small group of overwhelmed yet determined individuals must rescue Regan from her unspeakable fate, and the drama that ensues is gripping and unfailingly terrifying. Two years after its publication, The Exorcist was, of course, turned into a wildly popular motion picture, garnering ten Academy Award nominations. On opening day of the film, lines of the novel's fans stretched around city blocks. In Chicago, frustrated moviegoers used a battering ram to gain entry through the double side doors of a theater. In Kansas City, police used tear gas to disperse an impatient crowd who tried to force their way into a cinema. The three major television networks carried footage of these events; CBS's Walter Cronkite devoted almost ten minutes to the story. The Exorcist was, and is, more than just a novel and a film: it is a literary landmark. Purposefully raw and profane, The Exorcist still has the extraordinary ability to disturb readers and cause them to forget that it is ""just a story."" Newly polished and added to by it author and published here in this beautiful fortieth anniversary edition, it remains an unforgettable reading experience and will continue to shock and frighten a new generation of readers.","1971"
"read","2","21161465","14935","Sense and Sensibility","Jane Austen","0141439661","3","4.10","Mon, 31 Aug 2020 00:00:00 +0000","Mon, 31 Aug 2020 14:02:50 -0700","","neutral","https://www.goodreads.com/book/show/14935","https://www.goodreads.com/review/show/3412065580?utm_medium=api&utm_source=rss","","<i>'The more I know of the world, the more am I convinced that I shall never see a man whom I can really love. I require so much!'</i><br /><br />Marianne Dashwood wears her heart on her sleeve, and when she falls in love with the dashing but unsuitable John Willoughby she ignores her sister Elinor's warning that her impulsive behaviour leaves her open to gossip and innuendo. Meanwhile Elinor, always sensitive to social convention, is struggling to conceal her own romantic disappointment, even from those closest to her. Through their parallel experience of love—and its threatened loss—the sisters learn that sense must mix with sensibility if they are to find personal happiness in a society where status and money govern the rules of love.<br /><br />This edition includes explanatory notes, textual variants between the first and second editions, and Tony Tanner's introduction to the original Penguin Classic edition.<br /><br />Note: <i>Alternate cover edition of ISBN 9780141439662</i>","1811"
"read","2","21161465","10210","Jane Eyre","Charlotte Brontë","0142437204","5","4.15","Wed, 22 Jul 2020 00:00:00 +0000","Wed, 22 Jul 2020 12:22:56 -0700","","enjoyed","https://www.goodreads.com/book/show/10210","https://www.goodreads.com/review/show/3412065400?utm_medium=api&utm_source=rss","","<i>Alternate editions can be found <a href=""https://www.goodreads.com/book/show/59701670"" rel=""nofollow noopener"">here</a> and <a href=""https://www.goodreads.com/book/show/11016"" rel=""nofollow noopener"">here</a></i>.<br /><br /><b>A gothic masterpiece of tempestuous passions and dark secrets, Charlotte Brontë's <i>Jane Eyre</i> is edited with an introduction and notes by Stevie Davis in Penguin Classics.</b><br /><br />Charlotte Brontë tells the story of orphaned Jane Eyre, who grows up in the home of her heartless aunt, enduring loneliness and cruelty. This troubled childhood strengthens Jane's natural independence and spirit - which prove necessary when she finds employment as a governess to the young ward of Byronic, brooding Mr Rochester. As her feelings for Rochester develop, Jane gradually uncovers Thornfield Hall's terrible secret, forcing her to make a choice. Should she stay with Rochester and live with the consequences, or follow her convictions - even if it means leaving the man she loves? A novel of intense power and intrigue, <i>Jane Eyre</i> dazzled readers with its passionate depiction of a woman's search for equality and freedom.","1847"
"read","2","21161465","36337550","The 7½ Deaths of Evelyn Hardcastle","Stuart Turton","","2","3.75","Tue, 30 Jun 2020 00:00:00 +0000","Tue, 30 Jun 2020 13:30:08 -0700","","notEnjoyed","https://www.goodreads.com/book/show/36337550","https://www.goodreads.com/review/show/3411419285?utm_medium=api&utm_source=rss","","Evelyn Hardcastle will be murdered at 11:00 p.m.<br /><br />There are eight days, and eight witnesses for you to inhabit.<br /><br />We will only let you escape once you tell us the name of the killer.<br /><br />Understood? Then let's begin . . .<br /><br />Evelyn Hardcastle will die. Every day until Aiden Bishop can identify her killer and break the cycle. But every time the day begins again, Aiden wakes up in the body of a different guest. And some of his hosts are more helpful than others . . .<br /><br />The most inventive debut of the year twists together a mystery of such unexpected creativity it will leave listeners guessing until the very last second.","2018"
"read","2","21161465","12000020","Aristotle and Dante Discover the Secrets of the Universe (Aristotle and Dante, #1)","Benjamin Alire Sáenz","1442408928","3","4.27","Tue, 14 Jul 2020 00:00:00 +0000","Tue, 14 Jul 2020 13:35:31 -0700","","neutral","https://www.goodreads.com/book/show/12000020","https://www.goodreads.com/review/show/3383535106?utm_medium=api&utm_source=rss","","Dante can swim. Ari can't. Dante is articulate and self-assured. Ari has a hard time with words and suffers from self-doubt. Dante gets lost in poetry and art. Ari gets lost in thoughts of his older brother who is in prison. Dante is fair skinned. Ari's features are much darker. It seems that a boy like Dante, with his open and unique perspective on life, would be the last person to break down the walls that Ari has built around himself. <br /><br />But against all odds, when Ari and Dante meet, they develop a special bond that will teach them the most important truths of their lives, and help define the people they want to be. But there are big hurdles in their way, and only by believing in each other—and the power of their friendship—can Ari and Dante emerge stronger on the other side.","2012"
"read","2","21161465","45721673","American Dirt","Jeanine Cummins","","4","4.52","Fri, 20 Nov 2020 00:00:00 +0000","Fri, 20 Nov 2020 18:54:05 -0800","","enjoyed","https://www.goodreads.com/book/show/45721673","https://www.goodreads.com/review/show/3382326228?utm_medium=api&utm_source=rss","Not as problematic as I thought it would be given some of the reviews in here, and I liked it more than I expected. <br /><br />I was a bit reluctant to read this one because I didn’t felt that the story could be THAT compelling to me, however it is an important topic and that’s what ultimately convinced me. <br /><br />I was a big fan of the main characters and I suffered while I read their journey; especially with the twins and Luca. But for some reason I can’t understand, the author decided to pack into the story a bunch of new characters in the last 100 pages or so and actually give them POV’s and I must admit it really annoyed me. We’ve been with the rest of the migrants for almost 300 pages and then all of a sudden we have new barely developed characters who we are supposed to care for? I didn’t clicked with it. <br /><br />Anyway, it still was a good book, it deals with an important topic that tends to be swept under the rug in American literature and has a strong set of imperfect characters who you really root for. <br /><br />I really need a light book now, tho... this was very dark at times ","También de este lado hay sueños. On this side, too, there are dreams.<br /><br />Lydia Quixano Pérez lives in the Mexican city of Acapulco. She runs a bookstore. She has a son, Luca, the love of her life, and a wonderful husband who is a journalist. And while there are cracks beginning to show in Acapulco because of the drug cartels, her life is, by and large, fairly comfortable.<br /><br />Even though she knows they’ll never sell, Lydia stocks some of her all-time favorite books in her store. And then one day a man enters the shop to browse and comes up to the register with a few books he would like to buy—two of them her favorites. Javier is erudite. He is charming. And, unbeknownst to Lydia, he is the jefe of the newest drug cartel that has gruesomely taken over the city. When Lydia’s husband’s tell-all profile of Javier is published, none of their lives will ever be the same.<br /><br />Forced to flee, Lydia and eight-year-old Luca soon find themselves miles and worlds away from their comfortable middle-class existence. Instantly transformed into migrants, Lydia and Luca ride la bestia—trains that make their way north toward the United States, which is the only place Javier’s reach doesn’t extend. As they join the countless people trying to reach el norte, Lydia soon sees that everyone is running from something. But what exactly are they running to?","2020"
"read","2","21161465","50833559","Home Before Dark","Riley Sager","1524745170","5","4.02","Sat, 31 Jul 2021 00:00:00 +0000","Sun, 01 Aug 2021 22:54:06 -0700","","enjoyed","https://www.goodreads.com/book/show/50833559","https://www.goodreads.com/review/show/3378658895?utm_medium=api&utm_source=rss","A whodunit thriller disguised as a horror novel. I loved it! <br /><br />Before I started this book I was afraid because I knew the 'reveal' was not satisfactory for a lot of people, and while I can see why they feel that way, for me it worked. I've always said that I rate the books I read based on how much enjoyment they brought me and maybe because I'm a newbie in horror (before this my only experience with the genre was by reading Stephen King) I was scared throughout the whole book, so at least in that part it was really effective, also the back-and-forth short chapters kept things interesting and mysterious, especially when something happened in the past that was then echoed in the present. Idk why but I loved those little details. <br /><br />Yes, it checks every single cliché available in the 'how to do a haunted house story' guide, maybe the ending was a bit rushed and all the build-up didn't fully delivered, but the journey to get there was terrifying and totally worth it. I wasn't a fan of Riley Sager when I read 'Final Girls' but I can see he has grown a lot as an author, so I think I will check his other books soon.","<em>What was it like? Living in that house.</em><br /><br />Maggie Holt is used to such questions. Twenty-five years ago, she and her parents, Ewan and Jess, moved into Baneberry Hall, a rambling Victorian estate in the Vermont woods. They spent three weeks there before fleeing in the dead of night, an ordeal Ewan later recounted in a nonfiction book called <em>House of Horrors</em>. His tale of ghostly happenings and encounters with malevolent spirits became a worldwide phenomenon, rivaling <em>The Amityville Horror</em> in popularity—and skepticism.<br /><br />Today, Maggie is a restorer of old homes and too young to remember any of the events mentioned in her father’s book. But she also doesn’t believe a word of it. Ghosts, after all, don’t exist. When Maggie inherits Baneberry Hall after her father’s death, she returns to renovate the place to prepare it for sale. But her homecoming is anything but warm. People from the past, chronicled in <em>House of Horrors</em>, lurk in the shadows. And locals aren’t thrilled that their small town has been made infamous thanks to Maggie’s father. Even more unnerving is Baneberry Hall itself—a place filled with relics from another era that hint at a history of dark deeds. As Maggie experiences strange occurrences straight out of her father’s book, she starts to believe that what he wrote was more fact than fiction.<br /><br /><b>In the latest thriller from <em>New York Times</em> bestseller Riley Sager, a woman returns to the house made famous by her father’s bestselling horror memoir. Is the place really haunted by evil forces, as her father claimed? Or are there more earthbound—and dangerous—secrets hidden within its walls?</b>","2020"
"read","2","21161465","32075671","The Hate U Give (The Hate U Give, #1)","Angie Thomas","0062498533","4","4.46","Mon, 8 Jun 2020 00:00:00 +0000","Mon, 08 Jun 2020 22:43:14 -0700","","enjoyed","https://www.goodreads.com/book/show/32075671","https://www.goodreads.com/review/show/3374943977?utm_medium=api&utm_source=rss","","<i>An alternate cover edition of ISBN 9780062498533 can be found <a href=""https://www.goodreads.com/book/show/54296715-the-hate-u-give"" rel=""nofollow noopener"">here.</a></i><br /><br />Sixteen-year-old Starr Carter moves between two worlds: the poor neighborhood where she lives and the fancy suburban prep school she attends. The uneasy balance between these worlds is shattered when Starr witnesses the fatal shooting of her childhood best friend Khalil at the hands of a police officer. Khalil was unarmed.<br /><br />Soon afterward, his death is a national headline. Some are calling him a thug, maybe even a drug dealer and a gangbanger. Protesters are taking to the streets in Khalil’s name. Some cops and the local drug lord try to intimidate Starr and her family. What everyone wants to know is: what really went down that night? And the only person alive who can answer that is Starr.<br /><br />But what Starr does—or does not—say could upend her community. It could also endanger her life.<br /><br />Inspired by the Black Lives Matter movement, this is a powerful and gripping YA novel about one girl's struggle for justice.","2017"
"read","2","21161465","10964","Outlander (Outlander, #1)","Diana Gabaldon","0440242940","5","4.26","Sat, 15 Aug 2020 00:00:00 +0000","Sat, 15 Aug 2020 14:20:41 -0700","","enjoyed","https://www.goodreads.com/book/show/10964","https://www.goodreads.com/review/show/3374943656?utm_medium=api&utm_source=rss","","The year is 1945. Claire Randall, a former combat nurse, is just back from the war and reunited with her husband on a second honeymoon when she walks through a standing stone in one of the ancient circles that dot the British Isles. Suddenly she is a Sassenach—an “outlander”—in a Scotland torn by war and raiding border clans in the year of Our Lord...1743.<br /> <br />Hurled back in time by forces she cannot understand, Claire is catapulted into the intrigues of lairds and spies that may threaten her life, and shatter her heart. For here James Fraser, a gallant young Scots warrior, shows her a love so absolute that Claire becomes a woman torn between fidelity and desire—and between two vastly different men in two irreconcilable lives.","1991"
"read","2","21161465","36336078","Call Me By Your Name (Call Me By Your Name, #1)","André Aciman","","3","4.08","Tue, 2 Jun 2020 00:00:00 +0000","Tue, 02 Jun 2020 17:34:22 -0700","","neutral","https://www.goodreads.com/book/show/36336078","https://www.goodreads.com/review/show/3362662854?utm_medium=api&utm_source=rss","","<em>Call Me by Your Name</em> is the story of a sudden and powerful romance that blossoms between an adolescent boy and a summer guest at his parents' cliff-side mansion on the Italian Riviera. Unprepared for the consequences of their attraction, at first each feigns indifference. But during the restless summer weeks that follow, unrelenting buried currents of obsession and fear, fascination and desire, intensify their passion as they test the charged ground between them. What grows from the depths of their spirits is a romance of scarcely six weeks' duration and an experience that marks them for a lifetime. For what the two discover on the Riviera and during a sultry evening in Rome is the one thing both already fear they may never truly find again: total intimacy.<br /> <br />The psychological maneuvers that accompany attraction have seldom been more shrewdly captured than in André Aciman's frank, unsentimental, heartrending elegy to human passion. <em>Call Me by Your Name</em> is clear-eyed, bare-knuckled, and ultimately unforgettable.","2007"
"read","2","21161465","25120683","Diario de una pasión","Nicholas Sparks","","4","3.96","Fri, 4 Sep 2020 00:00:00 +0000","Fri, 04 Sep 2020 23:48:24 -0700","","enjoyed","https://www.goodreads.com/book/show/25120683","https://www.goodreads.com/review/show/3360874668?utm_medium=api&utm_source=rss","","Primero fueron catorce años de distancia, las cartas robadas, los impedimentos sociales, la guerra. Más tarde, un compromiso inoportuno, la pasión arrebatadora, el amor improbable. Ahora, aunque el abismo que los separa es mucho más profundo, Noah no pierde la esperanza de reencontrarse con la única mujer a la que ha amado. Y cada mañana, tras colocarse los lentes, abre el diario de su vida y lee, lee todo lo que ha hecho de sus días un camino pleno de momentos de felicidad. Así, a través de las páginas de ese misterioso cuaderno, descubrimos la historia de un amor que logró superar todas las barreras imaginables y que hoy, quizá, pueda superar también el muro del olvido.","1996"
"read","2","21161465","1885","Pride and Prejudice","Jane Austen","1441341706","4","4.28","Sun, 8 Nov 2020 00:00:00 +0000","Sun, 08 Nov 2020 13:09:48 -0800","","enjoyed","https://www.goodreads.com/book/show/1885","https://www.goodreads.com/review/show/3360874547?utm_medium=api&utm_source=rss","","This comedy of manners about the games of Eros played between the proud Mr. Darcy and the prejudiced Elizabeth Bennet is one of Jane Austen's most-loved novels. Biting with irony and sparkling with mirth, Pride &amp; Prejudice is a jovial commentary on human behavior in the intricate web of love. This edition includes a new introduction from bestselling novelist Anna Quindlin.","1813"
"read","2","21161465","52867387","Beach Read","Emily Henry","1984806734","4","3.95","Mon, 7 Feb 2022 00:00:00 +0000","Mon, 07 Feb 2022 13:16:04 -0800","","enjoyed","https://www.goodreads.com/book/show/52867387","https://www.goodreads.com/review/show/3360464406?utm_medium=api&utm_source=rss","Admittedly, contemporary romance is not my go-to genre, but once I finish one I always want more. <br /><br />“Beach Read” was a book I set my eyes on a while ago but that intimidated me for unknown reasons, but now I’m so glad to have finally read it. <br /><br />It started not so promising and maybe that was more of a me thing. Emily Henry has a particular style that took me some time to get used to, but that I ended up enjoying, especially because it doesn’t feel 100% rom-com-icky and it really brings a bit of a meta situation to the story (or am I the only one who noticed it?). I took a little break around the 20% mark and when I picked it up once again, I finished it in two settings, and that must count for something. <br /><br />But while addicting, I think it definitely has its flaws, especially concerning January. And don’t get me wrong, I enjoyed her, but I couldn’t help but notice that every single “conflict” that the book presented, always started when she just THOUGHT something was happening, especially when it concerned her relationship with Gus (who I adored, btw). And maybe once or twice feels ok, but it happened like four times during the whole book and it was a flaw that no one ever brought up and it just irked me a bit. <br /><br />All things considered, I really liked it, and I’m sure I’ll read more of Emily Henry soon enough. ","Augustus Everett is an acclaimed author of literary fiction. January Andrews writes bestselling romance. When she pens a happily ever after, he kills off his entire cast.<br /><br />They’re polar opposites.<br /><br />In fact, the only thing they have in common is that for the next three months, they're living in neighboring beach houses, broke, and bogged down with writer's block.<br /><br />Until, one hazy evening, one thing leads to another and they strike a deal designed to force them out of their creative ruts: Augustus will spend the summer writing something happy, and January will pen the next Great American Novel. She’ll take him on field trips worthy of any rom-com montage, and he’ll take her to interview surviving members of a backwoods death cult (obviously). Everyone will finish a book and no one will fall in love. Really.<br /><br /><i>A romance writer who no longer believes in love and a literary writer stuck in a rut engage in a summer-long challenge that may just upend everything they believe about happily ever afters.<i></i></i>","2020"
"read","2","21161465","41940236","The Whisper Man","Alex North","1250317991","5","4.01","Sun, 21 Jun 2020 00:00:00 +0000","Sun, 21 Jun 2020 11:16:23 -0700","","enjoyed","https://www.goodreads.com/book/show/41940236","https://www.goodreads.com/review/show/3358576052?utm_medium=api&utm_source=rss","","After the sudden death of his wife, Tom Kennedy believes a fresh start will help him and his young son Jake heal. A new beginning, a new house, a new town. Featherbank.<br /><br />But the town has a dark past. Twenty years ago, a serial killer abducted and murdered five residents. Until Frank Carter was finally caught, he was nicknamed ""The Whisper Man,"" for he would lure his victims out by whispering at their windows at night.<br /><br />Just as Tom and Jake settle into their new home, a young boy vanishes. His disappearance bears an unnerving resemblance to Frank Carter's crimes, reigniting old rumors that he preyed with an accomplice. Now, detectives Amanda Beck and Pete Willis must find the boy before it is too late, even if that means Pete has to revisit his great foe in prison: The Whisper Man.<br /><br />And then Jake begins acting strangely. He hears a whispering at his window...","2019"
"read","2","21161465","52410331","Red, White & Royal Blue","Casey McQuiston","","4","4.00","Mon, 15 Jun 2020 00:00:00 +0000","Sun, 16 Aug 2020 16:52:48 -0700","","enjoyed","https://www.goodreads.com/book/show/52410331","https://www.goodreads.com/review/show/3358568626?utm_medium=api&utm_source=rss","","First Son Alex Claremont-Diaz is the closest thing to a prince this side of the Atlantic. With his intrepid sister and the Veep’s genius granddaughter, they’re the White House Trio, a beautiful millennial marketing strategy for his mother, President Ellen Claremont. International socialite duties do have downsides—namely, when photos of a confrontation with his longtime nemesis Prince Henry at a royal wedding leak to the tabloids and threaten American/British relations. The plan for damage control: staging a fake friendship between the First Son and the Prince. <br /><br />As President Claremont kicks off her reelection bid, Alex finds himself hurtling into a secret relationship with Henry that could derail the campaign and upend two nations. What is worth the sacrifice? How do you do all the good you can do? And, most importantly, how will history remember you?","2019"
"read","2","21161465","43225180","Verity","Colleen Hoover","1791392792","5","4.25","Fri, 15 Oct 2021 00:00:00 +0000","Fri, 15 Oct 2021 12:56:10 -0700","","enjoyed","https://www.goodreads.com/book/show/43225180","https://www.goodreads.com/review/show/3358568505?utm_medium=api&utm_source=rss","What a fun, twisted, horny little thriller this book is. I’m impressed, even though I guessed part of the twist. <br /><br />But even with that, I was so intrigued and shocked about everything that was happening throughout the story, that even though I wasn’t GASPING when I got to the ending, I was so surprised by the twisted characters the author created. <br /><br />It’s amazing how someone can write such a good book with so many unlikeable characters in it and succeed enormously. Every time I finish a novel by Colleen Hoover I’m shocked because I don’t know how can any other book top the one I just read. <br /><br />And even though I didn’t liked it more that ‘It Ends With Us’ and the sex scenes were a bit uncomfortable (although maybe that was intentional) this was another awesome 5 star read! ","Lowen Ashleigh is a struggling writer on the brink of financial ruin when she accepts the job offer of a lifetime. Jeremy Crawford, husband of bestselling author Verity Crawford, has hired Lowen to complete the remaining books in a successful series his injured wife is unable to finish.<br /><br />Lowen arrives at the Crawford home, ready to sort through years of Verity's notes and outlines, hoping to find enough material to get her started. What Lowen doesn't expect to uncover in the chaotic office is an unfinished autobiography Verity never intended for anyone to read. Page after page of bone-chilling admissions, including Verity's recollection of what really happened the day her daughter died.<br /><br />Lowen decides to keep the manuscript hidden from Jeremy, knowing its contents would devastate the already grieving father. But as Lowen's feelings for Jeremy begin to intensify, she recognizes all the ways she could benefit if he were to read his wife's words. After all, no matter how devoted Jeremy is to his injured wife, a truth this horrifying would make it impossible for him to continue to love her.","2018"
"read","2","21161465","4577997","Un árbol crece en Brooklyn","Betty  Smith","0307392473","4","4.31","Thu, 25 Jun 2020 00:00:00 +0000","Tue, 04 Aug 2020 23:18:15 -0700","","enjoyed","https://www.goodreads.com/book/show/4577997","https://www.goodreads.com/review/show/3356648470?utm_medium=api&utm_source=rss","","El clásico norteamericano sobre la infancia y juventud de una hija de inmigrantes en el Brooklyn de la década de 1920.<br />Corren los años 20 del pasado siglo. Al abrir el libro, descubrimos a la pequeña Francie sentada en la escalera antiincendios de su casa, leyendo, a la sombra de un árbol. Poco a poco, la mirada se aleja de la chiquilla para abarcar a la estrafalaria familia Nolan, que malvive en el barrio de Brooklyn. Francie crece rodeada de los libros que tanto le gustan, y pronto empieza a pedirle a la vida algo más que un triste acomodo en la mediocridad. Un árbol crece en Brooklyn es una novela en la que los personajes son tan próximos que nos duelen sus dolores, y en la que el sueño americano cobra por fin peso y color.","1943"
"read","2","21161465","16047819","Agua para elefantes","Sara Gruen","8466325476","2","3.71","Mon, 22 Mar 2021 00:00:00 +0000","Wed, 12 Jan 2022 23:05:32 -0800","","notEnjoyed","https://www.goodreads.com/book/show/16047819","https://www.goodreads.com/review/show/3356637765?utm_medium=api&utm_source=rss","Ummm... I guess this was an okay book. <br /><br />I didn’t really cared too much about what happened or the characters who were extremely boring tbh, but I must admit the theme is intriguing and once the book decides to embrace the soapy part of its plot you actually want to know how it will all end. <br /><br />For most of the book this was a 2 star read, however the last third convinced me to finally tick it up to 2.5 but since I can’t post that, I’ll settle it on 2","La novela en la que se basa la película protagonizada por Robert Pattison y Reese Witherspoon.<br /><br />En los difíciles años treinta Jacob lo ha perdido todo: familia, amigos futuro... y decide enrolarse como veterinario en un circo ambulante. Envueltos por el fascinante espectáculo de los Benzini transcurren años de penuria en los que Jacob también encontrará la amistad, el amor... y a la traviesa elefanta Rosie.<br />Pasen y vean: romance, lucha, asesinato, tragedia y humor integran esta gran función que conmueve y asombra por igual.<br /><br /><i>""Una novela arrebatadora... Con el ritmo experto de un showman, Gruen se reserva una revelación genial para las páginas finales, transformando una imagen de la cultura americana en una encantadora fábula escapista."" <br />The New York Times Review<br /><br />""Agua para elefantes es una novela redonda, casi perfecta.""<br />El País</i>","2006"
"read","2","21161465","25883848","The Hating Game","Sally  Thorne","","3","3.92","Thu, 28 May 2020 00:00:00 +0000","Fri, 21 Mar 2025 16:27:28 -0700","","neutral","https://www.goodreads.com/book/show/25883848","https://www.goodreads.com/review/show/3356627657?utm_medium=api&utm_source=rss","","Debut author Sally Thorne bursts on the scene with a hilarious and sexy workplace comedy all about that thin, fine line between hate and love.<br /><br /><i>Nemesis (n.) 1) An opponent or rival whom a person cannot best or overcome.<br />2) A person’s undoing<br />3) Joshua Templeman</i><br /><br />Lucy Hutton has always been certain that the nice girl can get the corner office. She’s charming and accommodating and prides herself on being loved by everyone at Bexley &amp; Gamin. Everyone except for coldly efficient, impeccably attired, physically intimidating Joshua Templeman. And the feeling is mutual.<br /><br />Trapped in a shared office together 40 (OK, 50 or 60) hours a week, they’ve become entrenched in an addictive, ridiculous never-ending game of one-upmanship. There’s the Staring Game. The Mirror Game. The HR Game. Lucy can’t let Joshua beat her at anything—especially when a huge new promotion goes up for the taking.<br /><br />If Lucy wins this game, she’ll be Joshua’s boss. If she loses, she’ll resign. So why is she suddenly having steamy dreams about Joshua, and dressing for work like she’s got a hot date? After a perfectly innocent elevator ride ends with an earth shattering kiss, Lucy starts to wonder whether she’s got Joshua Templeman all wrong.<br /><br />Maybe Lucy Hutton doesn’t hate Joshua Templeman. And maybe, he doesn’t hate her either. Or maybe this is just another game. ​​","2016"
"read","2","21161465","594139","Rebecca","Daphne du Maurier","","2","4.26","Wed, 7 Oct 2020 00:00:00 +0000","Wed, 07 Oct 2020 22:20:38 -0700","","notEnjoyed","https://www.goodreads.com/book/show/594139","https://www.goodreads.com/review/show/3355141478?utm_medium=api&utm_source=rss","","<i>Alternate cover edition of <a href=""https://www.goodreads.com/book/show/63275795-rebecca"" rel=""nofollow noopener"">ISBN 9780380730407</a>.</i><br /><br /><b>""Last night I dreamt I went to Manderley again. . .""</b><br /><br />With these words, the reader is ushered into an isolated gray stone mansion on the windswept Cornish coast, as the second Mrs. Maxim de Winter recalls the chilling the chilling events that transpired as she began her new life as the young bride of a husband she barely knew. For in every corner of every room were phantoms of a time dead but not forgotten—a past devotedly preserved by the sinister housekeeper, Mrs. Danvers: a suite immaculate and untouched, clothing laid out and ready to be worn, but not by any of the great house's current occupants. With an eerie presentiment of evil tightening her heart, the second Mrs. de Winter walked in the shadow of her mysterious predecessor, determined to uncover the darkest secrets and shattering truths about Maxim's first wife—the late and hauntingly beautiful Rebecca.<br /><br />This special edition of <i>Rebecca</i> includes excerpts from Daphne du Maurier's <i>The Rebecca Notebook and Other Memories,</i> an essay on the real Manderley, du Maurier's original epilogue to the book, and more.","1938"
"read","2","21161465","25014114","History Is All You Left Me","Adam Silvera","1616956933","3","3.91","Sat, 21 Aug 2021 00:00:00 +0000","Thu, 30 Dec 2021 08:57:06 -0800","","neutral","https://www.goodreads.com/book/show/25014114","https://www.goodreads.com/review/show/3355134753?utm_medium=api&utm_source=rss","When I closed the book, I thought it was going to be a 3.5 rating rounded down to 3. But after I reflected on it, I determined that this was a clear 3 star read. <br /><br />Perhaps my expectations were too high because the other book of Adam Silvera that I've read (They Both Die at the End) was one of my all-time favorites, but this one was just a bit off. Perhaps it was that Griffin was a really unlikable character that unnerved me because of his selfishness, that I know it was kinda the point of the book, but it still was borderline insufferable, the almost toxic worshipping of Theo or the fact that it was just too slow. Even with less than 300 pages, the book felt too long. But I just wasn't feeling it. <br /><br />I know this was mainly a book about grief, and I respect the choice of the author of truly showing how grieving people might be selfish, unpredictable and even self-destructive, but my problem with Griffin was not just in the 'today' part of the story, it was prevalent on the 'history' part as well. In the most big example I can think of is how he decided to broke up with Theo because he didn't wanted to go through heartbreak when or if the long-distance relationship thing didn't worked out, but still forced Theo to maintain contact and be 'friends', and then, when Theo started to hang-out with someone else he was angry and almost forced Theo to say that he was his 'endgame'. And he still had the nerve to hate Jackson. <br /><br />I mean, Theo wasn't the best boyfriend ever, but they were teenagers, they weren't meant to be together forever and Theo kinda moved on when Griffin decided to break up to protect HIS heart. Aaaghhh... he definitely didn't deserved Theo or Jackson or Wade. It's almost laughable how 3 different people at one point found solace or comfort with him, when the 90% of the time he was just thinking about himself. <br /><br />This was probably because of his own mental issues that were explicitly talked about in some passages of the book, and I like how at the end he didn't ended up with Jackson or Wade, because I think they all deserve better, but the end on a happy note at least was refreshing after all the angst and mourning that preceded it. But, there is a thing that bothered me and that was never addressed as being a real issue, and maybe it's because the author didn't perceived it as such, but for me was troublesome. Everyone LOVED Theo, he was the most handsome, capable, nice, funny and interesting person on Earth and no one can or will match him in anything. Perhaps Wade and Jackson's friends were the only characters to ever not-love him, but there where some irksome descriptions were I seriously thought that it was unhealthy to portray this type of worshipping, even in a YA novel. <br /><br />It might sound like I didn't liked it, which is not true. It was beautifully written, I will always love LGBTQIA+ representation in the books I read, and I appreciate that it never centered on a coming-out story. That was done within the first 30 pages of the book and it was refreshing to see how the fact that the main characters were gay or bi wasn't a main issue throughout the story, but my problems with the characters were too big to really empathize with them, or at least with Griffin.","When Griffin's first love and ex-boyfriend, Theo, dies in a drowning accident, his universe implodes. Even though Theo had moved to California for college and started seeing Jackson, Griffin never doubted Theo would come back to him when the time was right. But now, the future he's been imagining for himself has gone far off course. <br /><br />To make things worse, the only person who truly understands his heartache is Jackson. But no matter how much they open up to each other, Griffin's downward spiral continues. He's losing himself in his obsessive compulsions and destructive choices, and the secrets he's been keeping are tearing him apart. <br /><br />If Griffin is ever to rebuild his future, he must first confront his history, every last heartbreaking piece in the puzzle of his life.","2017"
"read","2","21161465","27276318","It Ends with Us (It Ends with Us, #1)","Colleen Hoover","","5","4.19","Sat, 17 Oct 2020 00:00:00 +0000","Tue, 01 Mar 2022 19:59:05 -0800","favorites","enjoyed","https://www.goodreads.com/book/show/27276318","https://www.goodreads.com/review/show/3355133457?utm_medium=api&utm_source=rss","","<b>Sometimes it is the one who loves you who hurts you the most.</b><br /><br />Lily hasn’t always had it easy, but that’s never stopped her from working hard for the life she wants. She’s come a long way from the small town in Maine where she grew up — she graduated from college, moved to Boston, and started her own business. So when she feels a spark with a gorgeous neurosurgeon named Ryle Kincaid, everything in Lily’s life suddenly seems almost too good to be true.<br /><br />Ryle is assertive, stubborn, maybe even a little arrogant. He’s also sensitive, brilliant, and has a total soft spot for Lily. And the way he looks in scrubs certainly doesn’t hurt. Lily can’t get him out of her head. But Ryle’s complete aversion to relationships is disturbing. Even as Lily finds herself becoming the exception to his “no dating” rule, she can’t help but wonder what made him that way in the first place.<br /><br />As questions about her new relationship overwhelm her, so do thoughts of Atlas Corrigan — her first love and a link to the past she left behind. He was her kindred spirit, her protector. When Atlas suddenly reappears, everything Lily has built with Ryle is threatened.","2016"
"read","2","21161465","11125","Digital Fortress","Dan    Brown","","3","3.71","","Sun, 24 May 2020 22:22:50 -0700","","neutral","https://www.goodreads.com/book/show/11125","https://www.goodreads.com/review/show/3355123016?utm_medium=api&utm_source=rss","","<i>This an alternate cover for</i> <a href=""https://www.goodreads.com/book/show/44775909.9780552151696"" title=""9780552151696"" rel=""nofollow noopener"">9780552151696</a> <br /><br />When the NSA's invincible code-breaking machine encounters a mysterious code it cannot break, the agency calls its head cryptographer, Susan Fletcher, a brilliant and beautiful mathematician. What she uncovers sends shock waves through the corridors of power. The NSA is being held hostage...not by guns or bombs, but by a code so ingeniously complex that if released it would cripple U.S. intelligence.<br /><br />Caught in an accelerating tempest of secrecy and lies, Susan Fletcher battles to save the agency she believes in. Betrayed on all sides, she finds herself fighting not only for her country but for her life, and in the end, for the life of the man she loves.<br /><br />From the underground hallways of power to the skyscrapers of Tokyo to the towering cathedrals of Spain, a desperate race unfolds. It is a battle for survival--a crucial bid to destroy a creation of inconceivable genius...an impregnable code-writing formula that threatens to obliterate the post-cold war balance of power. Forever.","1998"
"read","2","21161465","33230889","The Good Daughter (Good Daughter, #1)","Karin Slaughter","0062430262","2","4.09","Sun, 24 May 2020 00:00:00 +0000","Sun, 24 May 2020 21:58:55 -0700","","notEnjoyed","https://www.goodreads.com/book/show/33230889","https://www.goodreads.com/review/show/3345814541?utm_medium=api&utm_source=rss","","“The Good Daughter is like Law and Order meets The Good Wife.” —theSkimm<br /><br />Instant New York Times Bestseller<br /><br />theSkimm Book Club Pick!<br /><br />The stunning new novel from the international #1 bestselling author — a searing, spellbinding blend of cold-case thriller and psychological suspense.<br /><br />Two girls are forced into the woods at gunpoint. One runs for her life. One is left behind…<br /><br />Twenty-eight years ago, Charlotte and Samantha Quinn's happy small-town family life was torn apart by a terrifying attack on their family home. It left their mother dead. It left their father — Pikeville's notorious defense attorney — devastated. And it left the family fractured beyond repair, consumed by secrets from that terrible night.<br /><br />Twenty-eight years later, and Charlie has followed in her father's footsteps to become a lawyer herself — the ideal good daughter. But when violence comes to Pikeville again — and a shocking tragedy leaves the whole town traumatized — Charlie is plunged into a nightmare. Not only is she the first witness on the scene, but it's a case that unleashes the terrible memories she's spent so long trying to suppress. Because the shocking truth about the crime that destroyed her family nearly thirty years ago won't stay buried forever…<br /><br />Packed with twists and turns, brimming with emotion and heart, The Good Daughter is fiction at its most thrilling.","2017"
"read","2","21161465","14759185","Pythians anvisningar (Victoria Bergmans svaghet, #3)","Jerker Eriksson","9185785571","3","3.73","","Mon, 11 May 2020 20:38:20 -0700","","neutral","https://www.goodreads.com/book/show/14759185","https://www.goodreads.com/review/show/3331748689?utm_medium=api&utm_source=rss","","Pythians anvisningar är den avslutande delen i trilogin med Victoria Bergman och hennes andra personlighet psykologen Sofia Zetterlund i huvudrollerna.<br /><br />Genom själv-terapi försöker Victoria komma tillrätta med sitt splittrade inre. I slutet av arbetet återstår endast det starkaste av Victorias sju under-jag.<br /><br />Victoria Bergmans dotter Madeleine är fortfarande samma gäckande skugga både för sina offer och för kriminalkommissarie Jeanette Kihlberg.<br /><br />Uttrycket Phytians anvisningar syftar på de hänsynslösa regelverk som ledarna i det hemliga pedofilsällskapet Sihtunum i Diasporan skapat. I takt med att Victoria Bergman blir psykiskt friskare kan Sofia ge sin älskarinna Jeanette allt bättre vägledning i jakten på männen som skadat inte bara Victoria för livet, utan även dottern Madeleine.<br /><br />Upplösningen äger rum på en av nazismens mest beryktade avrättningsplatser, Babij Jar i Ukraina. Och inte heller nu är det lag och rätt som regerar.","2012"
"read","2","21161465","12029061","Hungerelden (Victoria Bergmans svaghet, #2)","Jerker Eriksson","9185785547","4","3.89","","Mon, 11 May 2020 20:38:09 -0700","","enjoyed","https://www.goodreads.com/book/show/12029061","https://www.goodreads.com/review/show/3331748411?utm_medium=api&utm_source=rss","","Andra delen: HUNGERELDEN.<br /><br />Poliskommissarie Jeanette Kihlbergs arbete med att lösa fallen med de döda invandrarpojkarna avbryts när en framgångsrik företagsledare mördas i Stockholm, på ett i det närmaste rituellt sätt.<br /><br />Flera märkliga detaljer gör att det ser ut som hämnd.<br /><br />Men, hämnd för vad?<br /><br />Psykologen Sofia Zetterlund kopplas in för att bistå med en gärningsmannaprofilering.<br /><br />Ett arbete som blir problematiskt då de samtidigt inlett en kärleksrelation.<br /><br />Jeanettes fortsatta sökande efter den försvunne Victoria Bergman leder inte bara till internatskolan i Sigtuna utan också till Danmark och händelser i det förflutna.<br /><br />Sofia Zetterlund försöker, parallellt med sitt arbete som psykolog, att hitta tillbaka till sitt rätta jag.<br /><br />Precis som KRÅKFLICKAN innehåller HUNGERELDEN överraskningar, halsbrytande vändningar och ett lika oväntat slut.","2010"
"read","2","21161465","11031910","Kråkflickan (Victoria Bergmans svaghet, #1)","Erik Axl Sund","9186675060","4","3.80","","Sun, 21 Jun 2020 21:43:29 -0700","","enjoyed","https://www.goodreads.com/book/show/11031910","https://www.goodreads.com/review/show/3331747642?utm_medium=api&utm_source=rss","","En ny svensk thriller -- första delen i trilogin om Victoria Bergmans svaghet. <br /> <br />Psykoterapeuten Sofia Zetterlund utreder två klienter: Samuel Bai, barnsoldat från Sierra Leone och Victoria Bergman, en kvinna mitt i livet, bärande på ett stort, oläkt sår från barndomen. Två olika människor med samma problematik: de visar båda tecken på multipla personligheter. <br /><br />Samtidigt hittas en ung pojke död i ett buskage. Kroppen är svårt sargad. Han är av utländsk härkomst och ärendet får låg prioritet då pojken saknar historia. <br /><br />Kriminalkommissarie Jeanette Kihlberg och terapeuten Sofia ställs inför samma fråga: hur mycket lidande kan en människa utsätta andra för innan hon själv upphör att vara människa och blir ett monster? <br /><br />När de två kvinnliga utredarna dras alltmer till varandra kommer svekets krafter att hota även äppelträdsidyllen i Gamla Enskede.","2010"
"read","2","21161465","42207168","The Gifted School","Bruce Holsinger","0525534962","3","3.71","Tue, 12 May 2020 00:00:00 +0000","Tue, 12 May 2020 19:28:20 -0700","","neutral","https://www.goodreads.com/book/show/42207168","https://www.goodreads.com/review/show/3325247569?utm_medium=api&utm_source=rss","","Smart and juicy, a compulsively readable novel about a previously happy group of friends and parents that is nearly destroyed by their own competitiveness when an exclusive school for gifted children opens in the community<br /><br />This deliciously sharp novel captures the relentless ambitions and fears that animate parents and their children in modern America, exploring the conflicts between achievement and potential, talent and privilege. <br /><br />Set in the fictional town of Crystal, Colorado, <i> The Gifted School </i> is a keenly entertaining novel that observes the drama within a community of friends and parents as good intentions and high ambitions collide in a pile-up with long-held secrets and lies. Seen through the lens of four families who've been a part of one another's lives since their kids were born over a decade ago, the story reveals not only the lengths that some adults are willing to go to get ahead, but the effect on the group's children, sibling relationships, marriages, and careers, as simmering resentments come to a boil and long-buried, explosive secrets surface and detonate. It's a humorous, keenly observed, timely take on ambitious parents, willful kids, and the pursuit of prestige, no matter the cost.","2019"
"read","2","21161465","33385229","They Both Die at the End (They Both Die at the End, #1)","Adam Silvera","0062457799","5","3.75","Thu, 7 May 2020 00:00:00 +0000","Thu, 07 May 2020 22:26:50 -0700","","enjoyed","https://www.goodreads.com/book/show/33385229","https://www.goodreads.com/review/show/3322819491?utm_medium=api&utm_source=rss","","On September 5, a little after midnight, Death-Cast calls Mateo Torrez and Rufus Emeterio to give them some bad news: They’re going to die today.<br /><br />Mateo and Rufus are total strangers, but, for different reasons, they’re both looking to make a new friend on their End Day. The good news: There’s an app for that. It’s called the Last Friend, and through it, Rufus and Mateo are about to meet up for one last great adventure—to live a lifetime in a single day.<br /><br /><b>Adam Silvera reminds us that there’s no life without death and no love without loss in this devastating yet uplifting story about two people whose lives change over the course of one unforgettable day.</b>","2017"
"read","2","21161465","768510","El silencio de los corderos (Hannibal Lecter, #2)","Thomas  Harris","030734469X","4","4.33","Wed, 6 May 2020 00:00:00 +0000","Tue, 04 Aug 2020 23:20:24 -0700","","enjoyed","https://www.goodreads.com/book/show/768510","https://www.goodreads.com/review/show/3314679579?utm_medium=api&utm_source=rss","","A Clarice Starling, joven y ambiciosa estudiante de la academia del FBI, le recomiendan que entreviste a Hannibal Lecter, brillantepsiquiatra y despiadado asesino, para conseguir su colaboración en la resolución de un caso de asesinatos en serie. El asombroso conocimiento de Lecter del comportamiento humano y su poderosa pe rsonalidad cautivarán de inmediato a Clarice, quien, incapaz de dominarse, establecerá con él una ambigua, inquietante y peligrosa relación.","1988"
"read","2","21161465","21797780","Reinas malditas","Cristina Morató","8401388716","4","4.01","Fri, 1 May 2020 00:00:00 +0000","Fri, 01 May 2020 21:47:09 -0700","","enjoyed","https://www.goodreads.com/book/show/21797780","https://www.goodreads.com/review/show/3288060656?utm_medium=api&utm_source=rss","","Las apasionantes vidas de seis reinas y emperatrices marcadas por la tragedia que no pudieron elegir su destino. El lado más humano y menos conocido de la Emperatriz Sissi, Maria Antonieta, Cristina de Suecia, Eugenia de Montijo, Victoria de Inglaterra y Alejandra Romanov. Unas vidas que distan mucho de ser un romántico cuento de hadas aunque infinidad de películas nos hayan mostrado el rostro más amable de su reinado.<br /><br />Las vidas de estas reinas distan mucho de ser un romántico cuento hadas. Aunque infinidad de películas y novelas nos han mostrado el rosto más amable de su reinado, fueron, en general, muy desdichadas. Todas tienen en común la soledad, el desarraigo, la nostalgia, la falta de amor o el sufrimiento por no poder dar un heredero al trono. También comparten la dolorosa pérdida de sus hijos, los fracasos matrimoniales y el sentirse extranjeras en una corte donde no eran bien recibidas.<br /><br /> Las suyas no fueron grandes historias de amor porque sus matrimonios eran asuntos de Estado. Algunas como Sissi fueron emperatrices en contra de su voluntad y enfermaron de melancolía, otras como Cristina de Suecia escandalizaron con su extravagante comportamiento y ansias de libertad. María Antonieta y Alejandra Romanov comparten un trágico final, mientras que la reina Victoria de Inglaterra y Eugenia de Montijo asumieron con extraordinaria dignidad su papel en momentos difíciles. A través de sus diarios personales y cartas familiares, Cristina Morató nos descubre el lado más humano y menos conocido de unas reinas y emperatrices maltratadas por la historia, que no pudieron elegir su destino.<br /><br /> Excéntricas, caprichosas, rebeldes, ambiciosas... Más allá de un mundo de privilegios, riqueza y poder, todas fueron mujeres de carne y hueso obligadas a llevar sobre sus hombros la pesada carga de un imperio.","2014"
"read","2","21161465","9678323","La reina del sur","Arturo Pérez-Reverte","1616053232","3","3.98","Sat, 18 Apr 2020 00:00:00 +0000","Tue, 04 Aug 2020 23:20:42 -0700","","neutral","https://www.goodreads.com/book/show/9678323","https://www.goodreads.com/review/show/3274947435?utm_medium=api&utm_source=rss","","Un thriller apasionante Con motivo del 50 aniversario de Alfaguara, este título ha sido elegido como uno de los 50 imprescindibles de la historia de la editorial.<br /><br />«Sonó el teléfono y supo que la iban a matar. Lo supo con tanta certeza que se quedó inmóvil, la cuchilla en alto, el cabello pegado a la cara entre el vapor del agua caliente que goteaba en los azulejos. Bip-bip. Se quedó muy quieta, conteniendo el aliento como si la inmovilidad o el silencio pudieran cambiar el curso de lo que ya había ocurrido. Bip-bip. Estaba en la bañera, depilándose la pierna derecha, el agua jabonosa por la cintura, y su piel desnuda se erizó igual que si acabara de reventar el grifo del agua fría. Bip-bip. En el estéreo del dormitorio, los Tigres del Norte cantaban historias de Camelia la Tejana. La traición y el contrabando, decían, son cosas compartidas.»<br /><br />La crítica ha dicho...<br />«El encuentro de John Le Carré con Gabriel García Márquez. Pérez-Reverte tiene un enorme grupo de seguidores que sigue creciendo.»<br />The Wall Street Journal<br /><br />«Es un contador de historias increíble.»<br />USA Today<br /><br />«Entretenida como pocas, hermosa por su construcción e inquietante por la grave problemática que late debajo de la aventura criminal. A esta radiografía del delito añade además el autor un canto a la propia literatura.»<br />El Cultural<br /><br />«Pasen y lean. El espectáculo está no solamente servido sino asegurado.»<br />El País<br /><br />«Junten el desencanto neorromántico de Barry Gifford con la maestría narrativa de Juan Marsé y añadan una banda sonora con el desgarro de Chavela Vargas. El resultado de semejante mezcolanza ya tiene tí La Reina del Sur.»<br />El Periódico de Cataluña ENGLISH DESCRIPTION The phone rang and she knew they were going to kill her. The certainty of it kept her motionless, blade high in the air, hair stuck to her face, a cloud of steam and drops of water cursing down the tiles. Blip, blip. Frozen, she held her breath as if the stillness, or the silence, could somehow change the course of the past. Blip, blip. She was sitting in the bathtub, in the middle of shaving her right leg, soapy water rising to her waist, her flesh full of goose-bumps the warm water did nothing to ease. Blip, blip. In her bedroom, the stereo blasted Los Tigres del Norte singing Camelia la Tejana -betrayal and contraband, they said, are like oil and vinegar. So begins a journey that will transform this innocent barrio beauty into a woman who is tough and powerful enough to write her own rules.","2002"
"read","2","21161465","30288282","The Immortalists","Chloe  Benjamin","0735213186","2","3.68","Fri, 10 Apr 2020 00:00:00 +0000","Thu, 04 Jun 2020 13:51:22 -0700","","notEnjoyed","https://www.goodreads.com/book/show/30288282","https://www.goodreads.com/review/show/3264721953?utm_medium=api&utm_source=rss","","<i>If you knew the date of your death, how would you live your life?</i><br /><br />It's 1969 in New York City's Lower East Side, and word has spread of the arrival of a mystical woman, a traveling psychic who claims to be able to tell anyone the day they will die. The Gold children—four adolescents on the cusp of self-awareness—sneak out to hear their fortunes.<br /><br />The prophecies inform their next five decades. Golden-boy Simon escapes to the West Coast, searching for love in '80s San Francisco; dreamy Klara becomes a Las Vegas magician, obsessed with blurring reality and fantasy; eldest son Daniel seeks security as an army doctor post-9/11; and bookish Varya throws herself into longevity research, where she tests the boundary between science and immortality.<br /><br />A sweeping novel of remarkable ambition and depth, <i>The Immortalists</i> probes the line between destiny and choice, reality and illusion, this world and the next. It is a deeply moving testament to the power of story, the nature of belief, and the unrelenting pull of familial bonds.","2018"
"read","2","21161465","42779092","The Chain","Adrian McKinty","031653126X","4","3.76","Sat, 4 Apr 2020 00:00:00 +0000","Sat, 04 Apr 2020 12:57:39 -0700","","enjoyed","https://www.goodreads.com/book/show/42779092","https://www.goodreads.com/review/show/3249496341?utm_medium=api&utm_source=rss","","It's something parents do every morning: Rachel Klein drops her daughter at the bus stop and heads into her day. But a cell phone call from an unknown number changes everything: it's a woman on the line, informing her that she has Kylie bound and gagged in her back seat, and the only way Rachel will see her again is to follow her instructions exactly: pay a ransom, and find another child to abduct. This is no ordinary kidnapping: the caller is a mother herself, whose son has been taken, and if Rachel doesn't do as she's told, the boy will die. <br /><br /><i>""You are not the first. And you will certainly not be the last.""</i> Rachel is now part of The Chain, an unending and ingenious scheme that turns victims into criminals—and is making someone else very rich in the process. The rules are simple, the moral challenges impossible; find the money fast, find your victim, and then commit a horrible act you'd have thought yourself incapable of just twenty-four hours ago. <br /><br />But what the masterminds behind The Chain know is that parents will do anything for their children. It turns out that kidnapping is only the beginning.","2019"
"read","2","21161465","44318414","The Dutch House","Ann Patchett","0062963678","4","4.08","Wed, 24 Feb 2021 00:00:00 +0000","Wed, 24 Feb 2021 19:11:23 -0800","","enjoyed","https://www.goodreads.com/book/show/44318414","https://www.goodreads.com/review/show/3248834930?utm_medium=api&utm_source=rss","One of those books where nothing really happens throughout the whole book since its very character-driven, but that actually engages. <br /><br />A solid 4-stars read that never quite reaches the drama that the story could have had, yet it doesn't really needs it either because of the more intimate narrative Patchett handles. ","<b>Ann Patchett, the #1 <i>New York Times</i> bestselling author of <i>Commonwealth</i>, delivers her most powerful novel to date: a richly moving story that explores the indelible bond between two siblings, the house of their childhood, and a past that will not let them go. <i>The Dutch House</i> is the story of a paradise lost, a tour de force that digs deeply into questions of inheritance, love and forgiveness, of how we want to see ourselves and of who we really are.</b><br /><br />At the end of the Second World War, Cyril Conroy combines luck and a single canny investment to begin an enormous real estate empire, propelling his family from poverty to enormous wealth. His first order of business is to buy the Dutch House, a lavish estate in the suburbs outside of Philadelphia. Meant as a surprise for his wife, the house sets in motion the undoing of everyone he loves.<br /><br />The story is told by Cyril’s son Danny, as he and his older sister, the brilliantly acerbic and self-assured Maeve, are exiled from the house where they grew up by their stepmother. The two wealthy siblings are thrown back into the poverty their parents had escaped from and find that all they have to count on is one another. It is this unshakeable bond between them that both saves their lives and thwarts their futures.<br /><br />Set over the course of five decades, <i>The Dutch House</i> is a dark fairy tale about two smart people who cannot overcome their past. Despite every outward sign of success, Danny and Maeve are only truly comfortable when they’re together. Throughout their lives they return to the well-worn story of what they’ve lost with humor and rage. But when at last they’re forced to confront the people who left them behind, the relationship between an indulged brother and his ever-protective sister is finally tested.","2019"
"read","2","21161465","43923951","Such a Fun Age","Kiley Reid","052554190X","3","3.75","Wed, 19 Aug 2020 00:00:00 +0000","Wed, 19 Aug 2020 22:55:45 -0700","","neutral","https://www.goodreads.com/book/show/43923951","https://www.goodreads.com/review/show/3239379086?utm_medium=api&utm_source=rss","","A striking and surprising debut novel from an exhilarating new voice, <i>Such a Fun Age </i>is a page-turning and big-hearted story about race and privilege, set around a young black babysitter, her well-intentioned employer, and a surprising connection that threatens to undo them both.<br /><br />Alix Chamberlain is a woman who gets what she wants and has made a living, with her confidence-driven brand, showing other women how to do the same. So she is shocked when her babysitter, Emira Tucker, is confronted while watching the Chamberlains' toddler one night, walking the aisles of their local high-end supermarket. The store's security guard, seeing a young black woman out late with a white child, accuses Emira of kidnapping two-year-old Briar. A small crowd gathers, a bystander films everything, and Emira is furious and humiliated. Alix resolves to make things right.<br /><br />But Emira herself is aimless, broke, and wary of Alix's desire to help. At twenty-five, she is about to lose her health insurance and has no idea what to do with her life. When the video of Emira unearths someone from Alix's past, both women find themselves on a crash course that will upend everything they think they know about themselves, and each other.<br /><br />With empathy and piercing social commentary, <i>Such a Fun Age</i> explores the stickiness of transactional relationships, what it means to make someone family, and the complicated reality of being a grown up. It is a searing debut for our times.","2019"
"read","2","21161465","41880044","The Most Fun We Ever Had","Claire Lombardo","0385544251","4","3.86","Fri, 27 Mar 2020 00:00:00 +0000","Sat, 06 Jun 2020 23:26:21 -0700","","enjoyed","https://www.goodreads.com/book/show/41880044","https://www.goodreads.com/review/show/3229427725?utm_medium=api&utm_source=rss","","A multigenerational novel in which the four adult daughters of a Chicago couple--still madly in love after forty years--recklessly ignite old rivalries until a long-buried secret threatens to shatter the lives they've built.<br /><br />When Marilyn Connolly and David Sorenson fall in love in the 1970s, they are blithely ignorant of all that's to come. By 2016, their four radically different daughters are each in a state of unrest: Wendy, widowed young, soothes herself with booze and younger men; Violet, a litigator-turned-stay-at-home-mom, battles anxiety and self-doubt when the darkest part of her past resurfaces; Liza, a neurotic and newly tenured professor, finds herself pregnant with a baby she's not sure she wants by a man she's not sure she loves; and Grace, the dawdling youngest daughter, begins living a lie that no one in her family even suspects. Above it all, the daughters share the lingering fear that they will never find a love quite like their parents'.<br /><br />As the novel moves through the tumultuous year following the arrival of Jonah Bendt--given up by one of the daughters in a closed adoption fifteen years before--we are shown the rich and varied tapestry of the Sorensons' past: years marred by adolescence, infidelity, and resentment, but also the transcendent moments of joy that make everything else worthwhile.","2019"
"read","2","21161465","42201996","Ask Again, Yes","Mary Beth Keane","1982106980","4","3.91","Mon, 2 Mar 2020 00:00:00 +0000","Mon, 02 Mar 2020 10:09:32 -0800","","enjoyed","https://www.goodreads.com/book/show/42201996","https://www.goodreads.com/review/show/3195625071?utm_medium=api&utm_source=rss","","Francis Gleeson and Brian Stanhope, two rookie cops in the NYPD, live next door to each other outside the city. What happens behind closed doors in both houses—the loneliness of Francis's wife, Lena, and the instability of Brian's wife, Anne—sets the stage for explosive events to come. <br /><br /><i>Ask Again, Yes</i> is a moving novel about two families, the bond between their children, a tragedy that reverberates over four decades, the daily intimacies of marriage, and the power of forgiveness.","2019"
"read","2","21161465","39796904","My Lovely Wife","Samantha  Downing","","2","3.79","Sat, 15 Feb 2020 00:00:00 +0000","Sun, 16 Aug 2020 16:53:25 -0700","","notEnjoyed","https://www.goodreads.com/book/show/39796904","https://www.goodreads.com/review/show/3162096128?utm_medium=api&utm_source=rss","","<b>A couple's fifteen-year marriage has finally gotten too interesting...</b><br /><br />Our love story is simple. I met a gorgeous woman. We fell in love. We had kids. We moved to the suburbs. We told each other our biggest dreams, and our darkest secrets. And then we got bored.<br /><br />We look like a normal couple. We're your neighbors, the parents of your kid's friend, the acquaintances you keep meaning to get dinner with.<br /><br />We all have secrets to keeping a marriage alive.<br /><br />Ours just happens to be getting away with murder.<br /><br />Alternate cover edition of ISBN <a href=""https://www.goodreads.com/book/show/49112169-my-lovely-wife"" rel=""nofollow noopener"">9780451491725</a>","2019"
"read","2","21161465","41880609","On Earth We're Briefly Gorgeous","Ocean Vuong","0525562028","1","4.02","Fri, 17 Jan 2020 00:00:00 +0000","Fri, 17 Jan 2020 15:47:31 -0800","","notEnjoyed","https://www.goodreads.com/book/show/41880609","https://www.goodreads.com/review/show/3143965014?utm_medium=api&utm_source=rss","","<i>On Earth We're Briefly Gorgeous</i> is a letter from a son to a mother who cannot read. Written when the speaker, Little Dog, is in his late twenties, the letter unearths a family's history that began before he was born — a history whose epicenter is rooted in Vietnam — and serves as a doorway into parts of his life his mother has never known, all of it leading to an unforgettable revelation. At once a witness to the fraught yet undeniable love between a single mother and her son, it is also a brutally honest exploration of race, class, and masculinity. Asking questions central to our American moment, immersed as we are in addiction, violence, and trauma, but undergirded by compassion and tenderness, <i>On Earth We're Briefly Gorgeous</i> is as much about the power of telling one's own story as it is about the obliterating silence of not being heard.<br /><br />With stunning urgency and grace, Ocean Vuong writes of people caught between disparate worlds, and asks how we heal and rescue one another without forsaking who we are. The question of how to survive, and how to make of it a kind of joy, powers the most important debut novel of many years.","2019"
"read","2","21161465","34100973","Imagina que no estoy","Adam Haslett","8491046976","2","3.11","Mon, 6 Jan 2020 00:00:00 +0000","Tue, 04 Aug 2020 23:21:06 -0700","","notEnjoyed","https://www.goodreads.com/book/show/34100973","https://www.goodreads.com/review/show/3105080997?utm_medium=api&utm_source=rss","","Cuando John es hospitalizado por depresión en Londres en los años sesenta, su prometida, Margaret, se enfrenta a un dilema: seguir con sus planes a pesar de lo que ahora sabe o alejarse del sufrimiento que pueda ocasionarle. Finalmente decide casarse con John. <br /><br />"" Imagina que no estoy "" es la historia de lo que supone este acto de amor y fe. En el centro de la narración está el hijo mayor de la pareja, Michael, un fanático de la música, brillante y ansioso, que da sentido al mundo a través de la parodia. Y la historia de cómo, en el transcurso de décadas, sus hermanos más jóvenes -la inteligente y responsable Celia y el ambicioso y controlado Alec- luchan junto a su madre para cuidar de la existencia cada vez más preocupante y precaria de Michael.","2016"
"read","2","21161465","40035389","La bruja (Fjällbacka, #10)","Camilla Läckberg","6075275266","4","3.91","Sat, 28 Dec 2019 00:00:00 +0000","Tue, 04 Aug 2020 23:21:25 -0700","","enjoyed","https://www.goodreads.com/book/show/40035389","https://www.goodreads.com/review/show/3089799624?utm_medium=api&utm_source=rss","","La desaparición de Linnea, una niña de cuatro años, de una granja en las afueras de Fjällbacka, despierta trágicos recuerdos.<br />A través de tres líneas temporales, —el presente, un caso sin resolver de hace treinta años, y el relato del siglo XVII —, y cuatro tramas conectadas entre ellas, Camilla ha conseguido componer su novela más ambiciosa hasta la fecha y que si comienzas a leer no podrás parar hasta el final.","2017"
"read","2","21161465","232768","El dragón rojo (Hannibal Lecter, #1)","Thomas  Harris","0307344681","4","3.98","Mon, 16 Dec 2019 00:00:00 +0000","Tue, 04 Aug 2020 23:21:55 -0700","","enjoyed","https://www.goodreads.com/book/show/232768","https://www.goodreads.com/review/show/3075347661?utm_medium=api&utm_source=rss","","Sin una razón de peso, el agente especial Jack Crawford no habría turbado la apacible existencia y el anonimato de Will Graham, el hombre que había conseguido desenmascarar al psicópata doctor Lecter, más conocido en los medios de comunicación como «Hannibal el Caníbal». En efecto, las circunstancias que rodean los asesinatos de dos familias en Birmingham y en Atlanta convierten al investigador Graham en un hombre imprescindible del equipo de detectives que investigan el perfil psicológico del monstruo, el «Dragón Rojo», y las horribles mutilaciones que inflige a sus víctimas.","1981"
"read","2","21161465","29864343","Rich People Problems (Crazy Rich Asians, #3)","Kevin Kwan","0385542232","4","3.91","Thu, 5 Dec 2019 00:00:00 +0000","Thu, 05 Dec 2019 16:54:02 -0800","","enjoyed","https://www.goodreads.com/book/show/29864343","https://www.goodreads.com/review/show/3056702873?utm_medium=api&utm_source=rss","","Kevin Kwan, bestselling author of <i>Crazy Rich Asians</i> and <i>China Rich Girlfriend</i>, is back with an uproarious new novel featuring a family driven by fortune, an ex-wife driven psychotic with jealousy, a battle royal fought through couture-gown sabotage, and the heir to one of Asia's greatest fortunes locked out of his inheritance.<br /><br />When Nicholas Young hears that his grandmother, Su Yi, is on her deathbed, he rushes to be by her bedside—but he's not alone. The entire Shang-Young clan has convened from all corners of the globe to stake claim to their matriarch's massive fortune. With each family member vying to inherit Tyersall Park—a trophy estate on sixty-four prime acres in the heart of Singapore—Nicholas' childhood home turns into a hotbed of backbiting and intrigue. As Su Yi's relatives fight over heirlooms, Astrid Leong is at the center of her own storm, desperately in love with her old sweetheart Charlie Wu but tormented by her ex-husband—a man hell-bent on destroying Astrid's reputation and relationship. Meanwhile, Kitty Pong, married to China's second richest man, Jack Bing, still feels upstaged by her new stepdaughter, famous fashionista Colette Bing.<br /><br />In this sweeping tale that takes us from the elegantly appointed mansions of Manila to the secluded private islands in the Sulu Sea, from a kidnapping at Hong Kong's most elite private school to a surprise marriage proposal at an Indian palace that is caught on camera by the telephoto lenses of paparazzi, Kevin Kwan hilariously reveals the long-buried secrets of Asia's most privileged families and their rich people problems.","2017"
"read","2","21161465","34273236","Little Fires Everywhere","Celeste Ng","0735224293","4","4.04","Tue, 19 Nov 2019 00:00:00 +0000","Tue, 19 Nov 2019 19:05:50 -0800","","enjoyed","https://www.goodreads.com/book/show/34273236","https://www.goodreads.com/review/show/3037139832?utm_medium=api&utm_source=rss","","Everyone in Shaker Heights was talking about it that summer: how Isabelle, the last of the Richardson children, had finally gone around the bend and burned the house down.<br /><br />In Shaker Heights, a placid, progressive suburb of Cleveland, everything is meticulously planned – from the layout of the winding roads, to the colours of the houses, to the successful lives its residents will go on to lead. And no one embodies this spirit more than Elena Richardson, whose guiding principle is playing by the rules.<br /><br />Enter Mia Warren – an enigmatic artist and single mother – who arrives in this idyllic bubble with her teenage daughter Pearl, and rents a house from the Richardsons. Soon Mia and Pearl become more than just tenants: all four Richardson children are drawn to the mother–daughter pair. But Mia carries with her a mysterious past, and a disregard for the rules that threatens to upend this carefully ordered community.<br /><br />When old family friends attempt to adopt a Chinese-American baby, a custody battle erupts that dramatically divides the town – and puts Mia and Elena on opposing sides. Suspicious of Mia and her motives, Elena is determined to uncover the secrets in Mia's past. But her obsession will come at an unexpected and devastating cost . . .","2017"
"read","2","21161465","34992872","Diana: Her True Story - In Her Own Words","Andrew Morton","1782436936","3","3.99","Sat, 2 Nov 2019 00:00:00 +0000","Tue, 04 Aug 2020 23:22:20 -0700","","neutral","https://www.goodreads.com/book/show/34992872","https://www.goodreads.com/review/show/3012908571?utm_medium=api&utm_source=rss","","<p>
  <b>A reissue of this classic title brought up to date with never-before-published material from the original taped interviews and a new introduction by Andrew Morton.</b>
</p><p>This edition reflects on the extraordinary circumstances surrounding the original publication, and on the long-term legacy of Diana, the woman who helped reinvigorate the royal family, giving it a more emotional, human face, and thus helping it move forward into the 21st century.</p>","1993"
"read","2","21161465","39742376","La desaparición de Stephanie Mailer","Joël Dicker","1947783793","3","3.93","Mon, 14 Oct 2019 00:00:00 +0000","Tue, 04 Aug 2020 23:22:34 -0700","","neutral","https://www.goodreads.com/book/show/39742376","https://www.goodreads.com/review/show/2961569900?utm_medium=api&utm_source=rss","","30 juillet 1994. Orphea, petite station balnéaire tranquille des Hamptons dans l’État de New York, est bouleversée par un effroyable fait divers: le maire de la ville et sa famille sont assassinés chez eux, ainsi qu’une passante, témoin des meurtres.<br />L’enquête, confiée à la police d’État, est menée par un duo de jeunes policiers, Jesse Rosenberg et Derek Scott. Ambitieux et tenaces, ils parviendront à confondre le meurtrier, solides preuves à l’appui, ce qui leur vaudra les louanges de leur hiérarchie et même une décoration.<br />Mais vingt ans plus tard, au début de l’été 2014, une journaliste du nom de Stephanie Mailer affirme à Jesse qu’il s’est trompé de coupable à l’époque.<br />Avant de disparaitre à son tour dans des conditions mystérieuses.<br /><br />Qu’est-il arrivé à Stephanie Mailer?<br />Qu’a-t-elle découvert?<br />Et surtout: que s’est-il vraiment passé le soir du 30 juillet 1994 à Orphea?","2018"
"read","2","21161465","320","One Hundred Years of Solitude","Gabriel García Márquez","","4","4.10","Sat, 31 Aug 2019 00:00:00 +0000","Sat, 31 Aug 2019 19:51:22 -0700","","enjoyed","https://www.goodreads.com/book/show/320","https://www.goodreads.com/review/show/2935054166?utm_medium=api&utm_source=rss","","Probably Garcí­a Márquez finest and most famous work. <i>One Hundred Years of Solitude</i> tells the story of the rise and fall, birth and death of a mythical town of Macondo through the history of the Buendia family. Inventive, amusing, magnetic, sad, alive with unforgettable men and women, and with a truth and understanding that strike the soul. <i>One Hundred Years of Solitude</i> is a masterpiece of the art of fiction.","1967"
"read","2","21161465","21451588","El jilguero","Donna Tartt","8426422438","3","3.93","Sat, 3 Aug 2019 00:00:00 +0000","Tue, 04 Aug 2020 23:23:02 -0700","","neutral","https://www.goodreads.com/book/show/21451588","https://www.goodreads.com/review/show/2894453155?utm_medium=api&utm_source=rss","","Al empezar El jilguero vamos enfocando una habitación de hotel en Amsterdam. Theo Decker lleva más de una semana encerrado entre esas cuatro paredes, fumando sin parar, bebiendo vodka y masticando miedo. Es un hombre joven, pero su historia es larga y ni él sabe muy bien por qué ha llegado hasta aquí.<br /><br />¿Cómo empezó todo? Con una explosión en el Metropolitan Museum hace unos diez años y la imagen de un jilguero de plumas doradas, un cuadro espléndido del siglo XVII que desapareció entre el polvo y los cascotes. Quien se lo llevó fue el mismo Theo, un chiquillo entonces, que de pronto se quedó huérfano de madre y se dedicó a desgastar su vida: las drogas lo arañaron, la indiferencia del padre lo cegó y sus amistades le condujeron a la delincuencia. Su historia tuvo la ocasión de llegar a su final, en el desierto de Nevada, pero no. Al cabo de un tiempo, otra vez las calles de Manhattan, una pequeña tienda de anticuario y un bulto sospechoso que va pasando de mano en mano hasta llegar a Holanda.<br /><br />¿Cómo acabará todo? Para saberlo hay que dejarse llevar por el talento de Donna Tartt, la autora que ha conseguido poner al día las reglas de los grandes maestros del siglo xix, siguiendo a Dickens pero también a los personajes de Breaking Bad, y aquí está El jilguero, probablemente el primer clásico del siglo XXI .","2013"
"read","2","21161465","2153405","Still Alice","Lisa Genova","0595440096","3","4.32","","Wed, 10 Jul 2019 18:30:26 -0700","","neutral","https://www.goodreads.com/book/show/2153405","https://www.goodreads.com/review/show/2891212595?utm_medium=api&utm_source=rss","","<i>Still Alice</i> is a compelling debut novel about a 50-year-old woman's sudden descent into early onset Alzheimer's disease, written by first-time author Lisa Genova, who holds a Ph. D in neuroscience from Harvard University. <br /><br />Alice Howland, happily married with three grown children and a house on the Cape, is a celebrated Harvard professor at the height of her career when she notices a forgetfulness creeping into her life. As confusion starts to cloud her thinking and her memory begins to fail her, she receives a devastating diagnosis: early onset Alzheimer's disease. Fiercely independent, Alice struggles to maintain her lifestyle and live in the moment, even as her sense of self is being stripped away. In turns heartbreaking, inspiring and terrifying, Still Alice captures in remarkable detail what it's like to literally lose your mind...","2007"
"read","2","21161465","16028830","El cuento número trece","Diane Setterfield","6074294941","3","4.10","Fri, 12 Jul 2019 00:00:00 +0000","Tue, 04 Aug 2020 23:23:36 -0700","","neutral","https://www.goodreads.com/book/show/16028830","https://www.goodreads.com/review/show/2883945015?utm_medium=api&utm_source=rss","","¿Dónde está la verdad?<br /><br />Entre mentiras, recuerdo e imaginación se teje la vida de la señora Winter, una famosa novelista ya muy entrada en años que pide ayuda a Margaret, una mujer y amante de los libros, para contar por fin la historia de su misterioso pasado.<br /><br />""Cuénteme la verdad"", pide Margaret, pero la verdad duele, y solo el día en que Vida Winter muera sabremos qué secretos enceraba El Cuento Número Trece, una historia que nadie se había atravido a escribir. <br /><br />Después de cinco años de intenso trabajo Diane Setterfield ha logrado el aplauso de los lectores y el respeto de los críticos con una primera novela que pronto se convertiría en un clásico.","2006"
"read","2","21161465","30258704","La mujer oculta","Karin Slaughter","0718087968","3","3.95","Thu, 4 Jul 2019 00:00:00 +0000","Tue, 04 Aug 2020 23:24:01 -0700","","neutral","https://www.goodreads.com/book/show/30258704","https://www.goodreads.com/review/show/2871814388?utm_medium=api&utm_source=rss","","Este es el caso más peligroso en la carrera de Will Trent. Él lo sabe desde el momento en que pone un pie en el almacén abandonado de Atlanta donde yace un cuerpo tirado en el suelo; el cuerpo de un expolicía. Huellas de pies ensangrentados lo alejan de la escena para revelar que otra víctima, evidentemente una mujer, ha sido arrastrada… y se ha desvanecido en el aire. Y lo peor de todo es que el almacén le pertenece al mayor y más destacado atleta de la ciudad, un héroe local, protegido por los abogados más caros del mundo. Un héroe casado con la exesposa de Will. Un héroe a quien los superiores de Will en la Agencia de Investigaciones de Georgia han pasado seis meses investigando por una violación.<br /><br />Pero para Will, y también para Sara Linton, la más nueva entre los investigadores médicos de la AIG, el caso está a punto de volverse peor aún. Debido a que un inesperado descubrimiento en la escena, revela una conexión personal con el atribulado pasado de Will… y las consecuencias van a sembrar el caos en su vida y en las vidas de sus seres queridos, las personas con las que él trabaja y las que él persigue.<br /><br />Repleta de suspenso y a un ritmo sumamente acelerado, esta historia llena de personajes que cobran vida desde sus páginas, marca el triunfante regreso de Karin Slaughter a su serie más popular.","2016"
"read","2","21161465","26025580","The Grownup","Gillian Flynn","0804188971","3","3.54","","Sat, 22 Jun 2019 10:51:52 -0700","","neutral","https://www.goodreads.com/book/show/26025580","https://www.goodreads.com/review/show/2867721651?utm_medium=api&utm_source=rss","","A canny young woman is struggling to survive by perpetrating various levels of mostly harmless fraud. On a rainy April morning, she is reading auras at Spiritual Palms when Susan Burke walks in. A keen observer of human behavior, our unnamed narrator immediately diagnoses beautiful, rich Susan as an unhappy woman eager to give her lovely life a drama injection. However, when the ""psychic"" visits the eerie Victorian home that has been the source of Susan’s terror and grief, she realizes she may not have to pretend to believe in ghosts anymore. Miles, Susan’s teenage stepson, doesn’t help matters with his disturbing manner and grisly imagination. The three are soon locked in a chilling battle to discover where the evil truly lurks and what, if anything, can be done to escape it.<br /><br />“The Grownup,” which originally appeared as “What Do You Do?” in George R. R. Martin’s Rogues anthology, proves once again that Gillian Flynn is one of the world’s most original and skilled voices in fiction.","2014"
"read","2","21161465","6403180","Robe de marié","Pierre Lemaitre","2702139752","2","3.99","","Sun, 28 Jul 2019 13:24:07 -0700","","notEnjoyed","https://www.goodreads.com/book/show/6403180","https://www.goodreads.com/review/show/2867718798?utm_medium=api&utm_source=rss","","Évidemment, je m'y attendais puisque j'en suis l'auteur mais... à ce point-là! Quelle vision, c'est à peine croyable... Son mari n'est plus que l'ombre de lui-même. Les vertèbres ont dû être salement touchées. Il doit maintenant peser dans les quarante-cinq kilos. Il est tassé dans son fauteuil, sa tête est maintenue à peu près droite par une minerve. Son regard est vitreux, son teint jaune comme un coing. Et il est tout à fait conscient. Pour un intellectuel, ça doit être terrible. Quand on pense que ce type n'a pas trente ans, on est effaré... Quant à elle, elle pousse le fauteuil avec une abnégation admirable. Elle est calme, son regard est droit. Je trouve sa démarche un peu mécanique mais il faut comprendre: cette fille a de gros soucis... En tout cas, elle ne tombe pas dans la vulgarité: pas d'attitude de bonne sœur ou d'infirmière martyre. Elle serre les dents et pousse le fauteuil, voilà tout. Elle doit pourtant réfléchir et se demander ce qu'elle va faire de ce légume. Moi aussi d'ailleurs.","2009"
"read","2","21161465","10696997","Alex (Camille Verhœven, #2)","Pierre Lemaitre","2226218777","3","4.10","","Sat, 22 Jun 2019 10:48:07 -0700","","neutral","https://www.goodreads.com/book/show/10696997","https://www.goodreads.com/review/show/2867717995?utm_medium=api&utm_source=rss","","Qui connaît vraiment Alex? Elle est belle. Excitante. Est-ce pour cela qu'on l'a enlevée, séquestrée, livrée à l'inimaginable? Mais quand la police découvre enfin sa prison, Alex a disparu. Alex, plus intelligente que son bourreau. Alex qui ne pardonne rien, qui n'oublie rien, ni personne. <br /><br />Un thriller glaçant qui jongle avec les codes de la folie meurtrière, une mécanique diabolique et imprévisible où l'on retrouve l'extraordinaire talent de l'auteur de Robe de marié.","2011"
"read","2","21161465","19480636","Irène (Camille Verhœven, #1)","Pierre Lemaitre","0857052888","3","3.91","","Sat, 22 Jun 2019 10:47:25 -0700","","neutral","https://www.goodreads.com/book/show/19480636","https://www.goodreads.com/review/show/2867717287?utm_medium=api&utm_source=rss","","For Commandant Verhœven life is beautiful: he is happily married, expecting his first child with the lovely Irène.<br /><br />But his blissful existence is punctured by a murder of unprecedented savagery. Worse still, the press seem to have it in for him – his every move is headline news. When he discovers that the killer has killed before – that each murder is a homage to a classic crime novel – the fourth estate are quick to coin a nickname… The Novelist…<br /><br />With both men in the public eye, the case develops into a personal duel, each hell-bent on outsmarting the other. There can only be one winner – whoever has the least to lose…","2006"
"read","2","21161465","18693763","Everything I Never Told You","Celeste Ng","159420571X","5","3.80","","Wed, 12 Jun 2019 16:30:20 -0700","","enjoyed","https://www.goodreads.com/book/show/18693763","https://www.goodreads.com/review/show/2856091545?utm_medium=api&utm_source=rss","","Lydia is dead. But they don't know this yet.<br /><br />Lydia is the favourite child of Marilyn and James Lee; a girl who inherited her mother's bright blue eyes and her father's jet-black hair. Her parents are determined that Lydia will fulfill the dreams they were unable to pursue - in Marilyn's case that her daughter become a doctor rather than a homemaker, in James's case that Lydia be popular at school, a girl with a busy social life and the centre of every party. But Lydia is under pressures that have nothing to do with growing up in 1970s small town Ohio. Her father is an American born of first-generation Chinese immigrants, and his ethnicity, and hers, make them conspicuous in any setting.<br /><br />When Lydia's body is found in the local lake, James is consumed by guilt and sets out on a reckless path that may destroy his marriage. Marilyn, devastated and vengeful, is determined to make someone accountable, no matter what the cost. Lydia's older brother, Nathan, is convinced that local bad boy Jack is somehow involved. But it's the youngest in the family - Hannah - who observes far more than anyone realises and who may be the only one who knows what really happened.<br /><br />Everything I Never Told You is a gripping page-turner, about secrets, love, longing, lies and race.<br /><br /><i>Librarian's note: There is an Alternate Cover Edition for this edition of this book <a href=""https://www.goodreads.com/book/show/29367399.here"" title=""here"" rel=""nofollow noopener"">here</a>.</i>","2014"
"read","2","21161465","17802724","The Husband's Secret","Liane Moriarty","0399159347","3","3.93","Fri, 21 Jun 2019 00:00:00 +0000","Fri, 21 Jun 2019 15:30:04 -0700","","neutral","https://www.goodreads.com/book/show/17802724","https://www.goodreads.com/review/show/2856085630?utm_medium=api&utm_source=rss","","<b>At the heart of <i>The Husband’s Secret</i> is a letter that’s not meant to be read<br /><br /><i>My darling Cecilia, if you’re reading this, then I’ve died...</i></b><br /><br />Imagine that your husband wrote you a letter, to be opened after his death. Imagine, too, that the letter contains his deepest, darkest secret—something with the potential to destroy not just the life you built together, but the lives of others as well. Imagine, then, that you stumble across that letter while your husband is still very much alive. . . .<br /><br />Cecilia Fitzpatrick has achieved it all—she’s an incredibly successful businesswoman, a pillar of her small community, and a devoted wife and mother. Her life is as orderly and spotless as her home. But that letter is about to change everything, and not just for her: Rachel and Tess barely know Cecilia—or each other—but they too are about to feel the earth-shattering repercussions of her husband’s secret.<br /><br />Acclaimed author Liane Moriarty has written a gripping, thought-provoking novel about how well it is really possible to know our spouses—and, ultimately, ourselves.","2013"
"read","2","21161465","29768274","El libro de los Baltimore","Joël Dicker","8420417343","4","4.13","Wed, 12 Jun 2019 00:00:00 +0000","Tue, 04 Aug 2020 23:24:21 -0700","","enjoyed","https://www.goodreads.com/book/show/29768274","https://www.goodreads.com/review/show/2843838281?utm_medium=api&utm_source=rss","","«Si encontráis este libro, por favor, leedlo. Querría que alguien supiera la historia de los Goldman-de-Baltimore.»<br /><br />Hasta que tuvo lugar el Drama existían dos ramas de la familia Goldman: los Goldman de Baltimore y los Goldman de Montclair. Los Montclair, de los que forma parte Marcus Goldman, autor de <i>La verdad sobre el caso Harry Quebert</i>, es una familia de clase media que vive en una pequeña casa en el estado de Nueva Jersey. Los Baltimore, prósperos y a los que la suerte siempre ha sonreído, habitan una lujosa mansión en un barrio de la alta sociedad de Baltimore.<br /><br />Ocho años después del Drama, Marcus Goldman pone el pasado bajo la lupa en busca de la verdad sobre el ocaso de la familia. Entre los recuerdos de su juventud revive la fascinación que sintió desde niño por los Baltimore, que encarnaban la América patricia con sus vacaciones en Miami y en los Hamptons y sus colegios elitistas. Con el paso de los años la brillante pátina de los Baltimore se desvanece al tiempo que el Drama se va perfilando. Hasta el día en el que todo cambia para siempre.","2015"
"read","2","21161465","40611463","The Clan of the Cave Bear (Earth's Children, #1)","Jean M. Auel","","4","4.29","","Sat, 18 May 2019 16:57:32 -0700","","enjoyed","https://www.goodreads.com/book/show/40611463","https://www.goodreads.com/review/show/2825782675?utm_medium=api&utm_source=rss","","This novel of awesome beauty and power is a moving saga about people, relationships, and the boundaries of love. Through Jean M. Auel’s magnificent storytelling we are taken back to the dawn of modern humans, and with a girl named Ayla we are swept up in the harsh and beautiful Ice Age world they shared with the ones who called themselves The Clan of the Cave Bear.<br /><br />A natural disaster leaves the young girl wandering alone in an unfamiliar and dangerous land until she is found by a woman of the Clan, people very different from her own kind. To them, blond, blue-eyed Ayla looks peculiar and ugly--she is one of the Others, those who have moved into their ancient homeland; but Iza cannot leave the girl to die and takes her with them. Iza and Creb, the old Mog-ur, grow to love her, and as Ayla learns the ways of the Clan and Iza’s way of healing, most come to accept her. But the brutal and proud youth who is destined to become their next leader sees her differences as a threat to his authority. He develops a deep and abiding hatred for the strange girl of the Others who lives in their midst, and is determined to get his revenge.","1980"
"read","2","21161465","37543890","Mindhunter: Cazador de mentes","John E. Douglas","8417067590","5","3.99","Wed, 29 May 2019 00:00:00 +0000","Tue, 04 Aug 2020 23:24:43 -0700","","enjoyed","https://www.goodreads.com/book/show/37543890","https://www.goodreads.com/review/show/2824695402?utm_medium=api&utm_source=rss","","Es la historia, contada por él mismo, de John Douglas, el hombre que revolucionó las técnicas para estudiar las mentes de los criminales en serie. Durante veinticinco años como agente especial del FBI, Douglas contribuyó a resolver los casos más difíciles, con aciertos asombrosos, como el que le llevó a anticipar la personalidad de un asesino de niños en Atlanta, contradiciendo las opiniones de la mayoría. Este libro no es sólo el relato de su carrera, sino una escalofriante exploración de las mentes de los asesinos en serie, basada en sus interrogatorios a personajes como David Berkowitz, «el hijo de Sam»; Charles Manson; Edmund Kemper, que comenzó su carrera criminal a los catorce años; Thomas Vanda… Exploraciones que explican que Patricia Cornwell afirme: «Con Douglas entendemos por qué hay monstruos».","1995"
"read","2","21161465","65605","The Magician’s Nephew (Chronicles of Narnia, #6)","C.S. Lewis","0060764902","4","4.07","","Wed, 15 May 2019 17:46:18 -0700","","enjoyed","https://www.goodreads.com/book/show/65605","https://www.goodreads.com/review/show/2822534155?utm_medium=api&utm_source=rss","","The secret passage to the house next door leads to a fascinating adventure.<br /><br /><b>Narnia</b>... a land where the woods are thick and cold, where Talking Beasts come to life—an entirely new world where adventure begins.<br /><br />One cold, wet summer in London, Digory and Polly meet and become fast friends. Their lives take a sudden turn when Digory’s Uncle Andrew, who fancies himself a magician, sends them hurtling to... somewhere else. They arrive in Narnia, just as it is born from the song of the great Lion, Aslan. Along the way, they encounter the evil sorceress Jadis, whose dark magic threatens everything. After a whirlwind adventure, they finally find their way back home.","1955"
"read","2","21161465","24800","House of Leaves","Mark Z. Danielewski","","3","4.11","","Sun, 21 Apr 2019 13:39:18 -0700","","neutral","https://www.goodreads.com/book/show/24800","https://www.goodreads.com/review/show/2794247559?utm_medium=api&utm_source=rss","","A young family moves into a small home on Ash Tree Lane where they discover something is terribly wrong: their house is bigger on the inside than it is on the outside.<br /><br />Of course, neither Pulitzer Prize-winning photojournalist Will Navidson nor his companion Karen Green was prepared to face the consequences of that impossibility, until the day their two little children wandered off and their voices eerily began to return another story—of creature darkness, of an ever-growing abyss behind a closet door, and of that unholy growl which soon enough would tear through their walls and consume all their dreams.","2000"
"read","2","21161465","40097951","The Silent Patient","Alex Michaelides","1250301696","5","4.16","Fri, 10 Jan 2020 00:00:00 +0000","Fri, 10 Jan 2020 00:40:49 -0800","","enjoyed","https://www.goodreads.com/book/show/40097951","https://www.goodreads.com/review/show/2794123570?utm_medium=api&utm_source=rss","","Alicia Berenson’s life is seemingly perfect. A famous painter married to an in-demand fashion photographer, she lives in a grand house with big windows overlooking a park in one of London’s most desirable areas. One evening her husband Gabriel returns home late from a fashion shoot, and Alicia shoots him five times in the face, and then never speaks another word.<br /><br />Alicia’s refusal to talk, or give any kind of explanation, turns a domestic tragedy into something far grander, a mystery that captures the public imagination and casts Alicia into notoriety. The price of her art skyrockets, and she, the silent patient, is hidden away from the tabloids and spotlight at the Grove, a secure forensic unit in North London.<br /><br />Theo Faber is a criminal psychotherapist who has waited a long time for the opportunity to work with Alicia. His determination to get her to talk and unravel the mystery of why she shot her husband takes him down a twisting path into his own motivations—a search for the truth that threatens to consume him....<br /><br /><b><i>The Silent Patient</i> is a shocking psychological thriller of a woman’s act of violence against her husband—and of the therapist obsessed with uncovering her motive.</b>","2019"
"read","2","21161465","35827667","Sé que estás viva (Guadalupe y Valentín, #2)","Nacho Abad","8491640991","3","3.70","Thu, 9 May 2019 00:00:00 +0000","Thu, 09 May 2019 14:06:18 -0700","","neutral","https://www.goodreads.com/book/show/35827667","https://www.goodreads.com/review/show/2794120682?utm_medium=api&utm_source=rss","","«La última vez que vi a mi mujer fue cuando se estaba bajando del coche. Me llamó ególatra y me dijo que debía aprender el significado de esa palabra. Hace tres meses me llegó una carta anónima a prisión. ¡Está viva! Lo planificó todo al detalle. Me tendió una emboscada para que yo acabara en la cárcel. Es cierto que me regodeé con la idea de asesinarla en varias ocasiones. Pero el deseo no es delito. No, no lo hice. En la vida real no la maté. ¡Encuéntrala! Si la encuentras me tendrán que dejar salir».<br /><br />«Sé que estás viva me enganchó tanto y me pareció tan real que tenía que recordarme que era una novela y no mi caso». Carlos Segarra, subinspector del Grupo de Homicidios y Desaparecidos de la UDEV Central «De cada uno de sus personajes quería saber más y más. Su perfilado criminal es increíble. Me gustaba tanto que no quería que se acabara, pero tampoco podía parar de leer». Juan Jesús Reina, comandante de la UCO",""
"read","2","21161465","39961982","Eleanor Oliphant Is Completely Fine","Gail Honeyman","0735220697","5","4.16","Thu, 16 May 2019 00:00:00 +0000","Thu, 16 May 2019 23:42:29 -0700","","enjoyed","https://www.goodreads.com/book/show/39961982","https://www.goodreads.com/review/show/2783498368?utm_medium=api&utm_source=rss","","<b>No one’s ever told Eleanor that life should be better than fine.</b><br /><br />Meet Eleanor Oliphant: She struggles with appropriate social skills and tends to say exactly what she’s thinking. Nothing is missing in her carefully timetabled life of avoiding social interactions, where weekends are punctuated by frozen pizza, vodka, and phone chats with Mummy. <br /><br />But everything changes when Eleanor meets Raymond, the bumbling and deeply unhygienic IT guy from her office. When she and Raymond together save Sammy, an elderly gentleman who has fallen on the sidewalk, the three become the kinds of friends who rescue one another from the lives of isolation they have each been living. And it is Raymond’s big heart that will ultimately help Eleanor find the way to repair her own profoundly damaged one.<br /><br />Soon to be a major motion picture produced by Reese Witherspoon, <i>Eleanor Oliphant Is Completely Fine</i> is the smart, warm, and uplifting story of an out-of-the-ordinary heroine whose deadpan weirdness and unconscious wit make for an irresistible journey as she realizes. . . <br /> <br /><b>The only way to survive is to open your heart. </b>","2017"
"read","2","21161465","32620332","The Seven Husbands of Evelyn Hugo","Taylor Jenkins Reid","1501139231","4","4.38","Mon, 18 May 2020 00:00:00 +0000","Mon, 18 May 2020 17:22:26 -0700","","enjoyed","https://www.goodreads.com/book/show/32620332","https://www.goodreads.com/review/show/2783497996?utm_medium=api&utm_source=rss","","Aging and reclusive Hollywood movie icon Evelyn Hugo is finally ready to tell the truth about her glamorous and scandalous life. But when she chooses unknown magazine reporter Monique Grant for the job, no one is more astounded than Monique herself. Why her? Why now?<br /><br />Monique is not exactly on top of the world. Her husband has left her, and her professional life is going nowhere. Regardless of why Evelyn has selected her to write her biography, Monique is determined to use this opportunity to jumpstart her career.<br /><br />Summoned to Evelyn's luxurious apartment, Monique listens in fascination as the actress tells her story. From making her way to Los Angeles in the 1950s to her decision to leave show business in the `80s, and, of course, the seven husbands along the way, Evelyn unspools a tale of ruthless ambition, unexpected friendship, and a great forbidden love. Monique begins to feel a very real connection to the legendary star, but as Evelyn's story near its conclusion, it becomes clear that her life intersects with Monique's own in tragic and irreversible ways.","2017"
"read","2","21161465","42421761","Where the Crawdads Sing","Delia Owens","","3","4.60","Tue, 14 Jan 2020 00:00:00 +0000","Tue, 14 Jan 2020 11:43:28 -0800","","neutral","https://www.goodreads.com/book/show/42421761","https://www.goodreads.com/review/show/2783497048?utm_medium=api&utm_source=rss","","For years, rumors of the “Marsh Girl” haunted Barkley Cove, a quiet fishing village. Kya Clark is barefoot and wild; unfit for polite society. So in late 1969, when the popular Chase Andrews is found dead, locals immediately suspect her.<br /><br />But Kya is not what they say. A born naturalist with just one day of school, she takes life's lessons from the land, learning the real ways of the world from the dishonest signals of fireflies. But while she has the skills to live in solitude forever, the time comes when she yearns to be touched and loved. Drawn to two young men from town, who are each intrigued by her wild beauty, Kya opens herself to a new and startling world–until the unthinkable happens.<br /><br />In Where the Crawdads Sing, Owens juxtaposes an exquisite ode to the natural world against a profound coming of age story and haunting mystery. Thought-provoking, wise, and deeply moving, Owens’s debut novel reminds us that we are forever shaped by the child within us, while also subject to the beautiful and violent secrets that nature keeps.<br /><br />The story asks how isolation influences the behavior of a young woman, who like all of us, has the genetic propensity to belong to a group. The clues to the mystery are brushed into the lush habitat and natural histories of its wild creatures.","2018"
"read","2","21161465","8420775","Y colorín colorado este cuento aún no se ha acabado","Odin Dupeyron","9689435000","4","4.22","","Wed, 12 Jun 2019 16:36:05 -0700","","enjoyed","https://www.goodreads.com/book/show/8420775","https://www.goodreads.com/review/show/2783496521?utm_medium=api&utm_source=rss","","<p><i>La vida no se acaba ... hasta que se acaba.</i><br /><br />Ahora nueve años despues, <i>Y colorín colorado este cuento aún no se ha acabado</i>, celebra su vigésima edición. A pesar de los años y de las ediciones, sigue siendo la misma extraordinaria historia que nos habla de la vida, de los miedos escondidos que nos paralizan y del deseo de ser libres. De la importancia de conocerse a uno mismo, de indagar en el pasado, de entender quiénes somos y de dónde venimos para saber así a dónde vamos. Un mágico cuento que nos habla de los finales y los eternos comenzares de de la vida. De todas las posibilidades, de todos los principios y de todos los finales. Pero más allá , nos hace redescubrir la importancia que tiene vivir la vida... ¡hasta el final!</p>","2002"
"read","2","21161465","25499384","El mal camino","Mikel Santiago","8466657045","4","3.84","Sat, 20 Apr 2019 00:00:00 +0000","Sat, 20 Apr 2019 18:48:11 -0700","","enjoyed","https://www.goodreads.com/book/show/25499384","https://www.goodreads.com/review/show/2779930082?utm_medium=api&utm_source=rss","","En una carretera rural del sur de Francia, un hombre surge de la oscuridad y desencadena una serie de extraños acontecimientos, convirtiendo en una pesadilla las vidas del escritor Bert Amandale y su amigo Chucks Basil, una estrella de rock en horas bajas. Santiago se sirve de un escenario idílico e inquietante, en el corazón de la Provenza, para atraparnos en una historia que se lee compulsivamente y en la que late, de fondo, el destino de unos personajes marcados por sus errores.","2015"
"read","2","21161465","25734248","The Widow (Kate Waters, #1)","Fiona Barton","1101990260","3","3.44","","Fri, 05 Apr 2019 13:56:41 -0700","","neutral","https://www.goodreads.com/book/show/25734248","https://www.goodreads.com/review/show/2776216417?utm_medium=api&utm_source=rss","","When the police started asking questions, Jean Taylor turned into a different woman. One who enabled her and her husband to carry on, when more bad things began to happen...<br /><br />But that woman’s husband died last week. And Jean doesn’t have to be her anymore.<br /><br />There’s a lot Jean hasn’t said over the years about the crime her husband was suspected of committing. She was too busy being the perfect wife, standing by her man while living with the accusing glares and the anonymous harassment. <br /><br />Now there’s no reason to stay quiet. There are people who want to hear her story. They want to know what it was like living with that man. She can tell them that there were secrets. There always are in a marriage. <br /><br />The truth—that’s all anyone wants. But the one lesson Jean has learned in the last few years is that she can make people believe anything…","2016"
"read","2","21161465","33984056","A Stranger in the House","Shari Lapena","073522112X","4","3.66","Fri, 5 Apr 2019 00:00:00 +0000","Fri, 05 Apr 2019 13:49:14 -0700","","enjoyed","https://www.goodreads.com/book/show/33984056","https://www.goodreads.com/review/show/2767816031?utm_medium=api&utm_source=rss","","In this neighborhood, danger lies close to home. A domestic thriller packed full of secrets, and a twisty story that never stops—from the bestselling author of The Couple Next Door<br /><br />He looks at her, concerned. “How do you feel?” She wants to say, Terrified. Instead, she says, with a faint smile, “Glad to be home.”<br /><br />Karen and Tom Krupp are happy—they’ve got a lovely home in upstate New York, they’re practically newlyweds, and they have no kids to interrupt their comfortable life together. But one day, Tom returns home to find Karen has vanished—her car’s gone and it seems she left in a rush. She even left her purse—complete with phone and ID—behind.<br /><br />There's a knock on the door—the police are there to take Tom to the hospital where his wife has been admitted. She had a car accident, and lost control as she sped through the worst part of town.<br /><br />The accident has left Karen with a concussion and a few scrapes. Still, she’s mostly okay—except that she can’t remember what she was doing or where she was when she crashed. The cops think her memory loss is highly convenient, and they suspect she was up to no good. <br /><br />Karen returns home with Tom, determined to heal and move on with her life. Then she realizes something’s been moved. Something’s not quite right. Someone’s been in her house. And the police won't stop asking questions.<br /><br />Because in this house, everyone’s a stranger. Everyone has something they’d rather keep hidden. Something they might even kill to keep quiet.","2017"
"read","2","21161465","17841564","The Girl with a Clock for a Heart","Peter  Swanson","0062267493","3","3.29","","Fri, 08 Mar 2019 16:13:37 -0800","","neutral","https://www.goodreads.com/book/show/17841564","https://www.goodreads.com/review/show/2743439605?utm_medium=api&utm_source=rss","","George Foss never thought he'd see her again, but on a late-August night in Boston, there she is, in his local bar, Jack's Tavern. <br /><br />When George first met her, she was an eighteen-year-old college freshman from Sweetgum, Florida. She and George became inseparable in their first fall semester, so George was devastated when he got the news that she had committed suicide over Christmas break. But, as he stood in the living room of the girl's grieving parents, he realized the girl in the photo on their mantelpiece - the one who had committed suicide - was not his girlfriend. Later, he discovered the true identity of the girl he had loved - and of the things she may have done to escape her past.<br /><br />Now, twenty years later, she's back, and she's telling George that he's the only one who can help her...","2014"
"read","2","21161465","7278752","Dolores Claiborne","Stephen  King","1101138173","4","4.10","","Wed, 06 Mar 2019 19:29:26 -0800","","enjoyed","https://www.goodreads.com/book/show/7278752","https://www.goodreads.com/review/show/2741282820?utm_medium=api&utm_source=rss","","Suspected of killing Vera Donovan, her wealthy employer, Dolores Claiborne tells police the story of her life, harkening back to her disintegrating marriage and the suspicious death of her violent husband, Joe St. George, thirty years earlier. Dolores also tells of Vera's physical and mental decline and of her loyalty to an employer who has become emotionally demanding in recent years.","1992"
"read","2","21161465","10603","Cujo","Stephen  King","0307348245","4","3.80","","Wed, 06 Mar 2019 19:29:08 -0800","","enjoyed","https://www.goodreads.com/book/show/10603","https://www.goodreads.com/review/show/2741282443?utm_medium=api&utm_source=rss","","Durante toda su vida Cujo fue un buen perro, un San Bernardo grandote, pacífico, juguetón y amante de los niños. Realmente se trataba de un perro bueno y feliz. Feliz hasta que le sucedió algo, y el cerebro de perro de Cujo se cubrió de una de esas oscuridades que se alimentan de sangre. Ahora, se ha convertido en un perro asesino; doblemente cruel por cuanto la gente no conoce su mutación y aún le ve en su anterior bondad. Heraldo de un pequeño Apocalipsis, Cujo desencadenará sobre un pueblo modélico un huracán de pánico y de muerte.<br /><br />Uno de los grandes clásicos de Stephen King, el gran maestro actual de la literatura de terror.","1981"
"read","2","21161465","33124137","Pet Sematary","Stephen  King","","4","4.21","","Wed, 06 Mar 2019 19:28:55 -0800","","enjoyed","https://www.goodreads.com/book/show/33124137","https://www.goodreads.com/review/show/2741282190?utm_medium=api&utm_source=rss","","'<i>This is an alternate Cover Edition for <a href=""https://www.goodreads.com/book/show/22047048"" rel=""nofollow noopener"">ASIN: B00K3NEE56</a>.</i> When the Creeds move into a beautiful old house in rural Maine, it all seems too good to be true: physician father, beautiful wife, charming little daughter, adorable infant son-and now an idyllic home. As a family, they've got it all...right down to the friendly car. But the nearby woods hide a blood-chilling truth-more terrifying than death itself-and hideously more powerful. The Creeds are going to learn that sometimes dead is better.","1983"
"read","2","21161465","10592","Carrie","Stephen  King","1416524304","3","4.00","","Wed, 06 Mar 2019 19:28:42 -0800","","neutral","https://www.goodreads.com/book/show/10592","https://www.goodreads.com/review/show/2741281936?utm_medium=api&utm_source=rss","","A modern classic, Carrie introduced a distinctive new voice in American fiction -- Stephen King. The story of misunderstood high school girl Carrie White, her extraordinary telekinetic powers, and her violent rampage of revenge, remains one of the most barrier-breaking and shocking novels of all time.<br /><br />Make a date with terror and live the nightmare that is...Carrie<br />--back cover","1974"
"read","2","21161465","136251","Harry Potter and the Deathly Hallows (Harry Potter, #7)","J.K. Rowling","","4","4.61","Mon, 9 Aug 2021 00:00:00 +0000","Mon, 09 Aug 2021 20:13:24 -0700","","enjoyed","https://www.goodreads.com/book/show/136251","https://www.goodreads.com/review/show/2741278139?utm_medium=api&utm_source=rss","I don’t really know why, but Deathly Hallows has always been one of my least favorite Harry Potter books and movies. <br /><br />I can’t really pinpoint exactly what is that doesn’t really makes me excited about it, but there is something going on… I feel like the first half really drags for at least 300 pages, and then when things start to actually happen they are rushed so we can get to the next big thing, and then when we are in the final battle, the moment that we as readers have been expecting for 7 long books, everything is resolved so quick and easy that it even feels anticlimactic. <br /><br />Perhaps this was intentional, but that doesn’t means it doesn’t feel underwhelming. When I read it for the first time, I remember that Voldemort’s death was…confusing. 10 years later, I still think is confusing. I know that the spell rebounds, but I can’t quite imagine it because everything happens so quickly that it’s just unsatisfactory and lack of detail. <br /><br />I still liked it, tho. It’s a fitting ending to one of the biggest book series of all time, and I know my issues with it are maybe weird and I think I’m actually in the minority here, but I’ll die saying that this is actually a bottom tier Harry Potter book. <br /><br />All in all, I’m glad I took the time to reread the whole series because I already forgot a lot of what happened in them, and it definitely stands the test of time. It also made me realize how the Wizarding World doesn’t need the following movies, they are just ruining its legacy.","Harry has been burdened with a dark, dangerous and seemingly impossible task: that of locating and destroying Voldemort's remaining Horcruxes. Never has Harry felt so alone, or faced a future so full of shadows. But Harry must somehow find within himself the strength to complete the task he has been given. He must leave the warmth, safety and companionship of The Burrow and follow without fear or hesitation the inexorable path laid out for him...<br /><br />In this final, seventh installment of the Harry Potter series, J.K. Rowling unveils in spectacular fashion the answers to the many questions that have been so eagerly awaited.","2007"
"read","2","21161465","1","Harry Potter and the Half-Blood Prince (Harry Potter, #6)","J.K. Rowling","","4","4.57","","Mon, 28 Jun 2021 22:22:40 -0700","","enjoyed","https://www.goodreads.com/book/show/1","https://www.goodreads.com/review/show/2741278008?utm_medium=api&utm_source=rss","4.5 stars for this great HP book. <br /><br />It finally gives the reader a more complex villain than the typical ‘good vs. evil’ battle that was handled during the first 5 books. Voldemort turns out to be a much more compelling and interesting character even if he doesn’t even appear in the present, and Rowling deserves credit where credit is due, we still loathe Voldemort and we know he’s evil, but he somehow is… better now? <br /><br />It’s a complex situation and it ought to be, so props to that. <br /><br />On the other hand, the romantic subplots are not really engaging and I was skimming through them because idk why I feel them a bit cringeworthy. These are not written by a romance author and it shows. I know they are there to show that the characters are growing, but these relationships are just annoying, tbh. <br /><br />All in all, it is a good book, and is probably on my top 3 just behind prisoner of Azkaban and philosopher’s stone! ","It is the middle of the summer, but there is an unseasonal mist pressing against the windowpanes. Harry Potter is waiting nervously in his bedroom at the Dursleys' house in Privet Drive for a visit from Professor Dumbledore himself. One of the last times he saw the Headmaster, he was in a fierce one-to-one duel with Lord Voldemort, and Harry can't quite believe that Professor Dumbledore will actually appear at the Dursleys' of all places. Why is the Professor coming to visit him now? What is it that cannot wait until Harry returns to Hogwarts in a few weeks' time? Harry's sixth year at Hogwarts has already got off to an unusual start, as the worlds of Muggle and magic start to intertwine...","2005"
"read","2","21161465","2","Harry Potter and the Order of the Phoenix (Harry Potter, #5)","J.K. Rowling","0439686520","4","4.50","Sat, 22 May 2021 00:00:00 +0000","Sat, 22 May 2021 14:11:32 -0700","","enjoyed","https://www.goodreads.com/book/show/2","https://www.goodreads.com/review/show/2741277846?utm_medium=api&utm_source=rss","Damn you, Chapter Thirty-Seven.<br /><br />I was so ready to give this one a definitive 4 star-review mainly because of its length and the fact that it didn't reached the level of amazingness 'Prisoner of Azkaban' has, BUT, then the last 2 chapters came and they blew my mind. I seriously believe that the moment between Harry and Dumbledore in 'The Lost Prophecy"" is one of the best chapters -if not THE best- that Rowling has ever written.<br /><br />I don't have much to add, but I know that the sixth book is a fan-favorite, so I'm excited to see if it matches my expectations.","The fifth book in the beloved, bestselling Harry Potter series, now illustrated in glorious full color by award-winning artist Jim Kay in a deluxe jacketed hardcover edition with illustrated end papers and a ribbon bookmark. A gift to be treasured by Harry Potter fans and book lovers of all ages!<br /><br />There is a door at the end of a silent corridor. And it's haunting Harry Potter's dreams. Why else would he be waking in the middle of the night, screaming in terror? It's not just the upcoming O.W.L. exams; a new teacher with a personality like poisoned honey; a venomous, disgruntled house-elf; or even the growing threat of He-Who-Must-Not-Be-Named. Now Harry Potter is faced with the unreliability of the very government of the magical world and the impotence of the authorities at Hogwarts. Despite this (or perhaps because of it), he finds depth and strength in his friends, beyond what even he knew; boundless loyalty; and unbearable sacrifice.<br /><br />This stunning illustrated edition brings together the talents of award-winning artists Jim Kay and Neil Packer in a visual feast, featuring iconic scenes and much loved characters -- Tonks, Luna Love good, and many more -- as the Order of the Phoenix keeps watch over Harry Potter’s fifth year at Hogwarts. With its oversized format, high-quality paper, ribbon bookmark, and color on nearly every page, this edition is the perfect gift for Harry Potter fans and book lovers of all ages.","2003"
"read","2","21161465","6","Harry Potter and the Goblet of Fire (Harry Potter, #4)","J.K. Rowling","0439139597","4","4.56","Mon, 19 Apr 2021 00:00:00 +0000","Tue, 20 Apr 2021 10:28:06 -0700","","enjoyed","https://www.goodreads.com/book/show/6","https://www.goodreads.com/review/show/2741277759?utm_medium=api&utm_source=rss","So, as part of a reread I’m doing more than 10 years after I first read these books, I’ll try to determine if the whole saga holds as well or as bad as I remember. I must admit I’m a little biased: when the Harry Potter mania was at its peak I was part of it and I really loved the movies, the books and the Wizarding World in general. <br /><br />However now that I don’t like JK Rowling as a person, the bad taste of mouth the new ‘beasts’ movies left in me, and general exhaustion online regarding Harry Potter, for years I eye-rolled the whole thing and declared it below me. <br /><br />And now I am here and I want to separate the author and the situation that exists nowadays with this whole franchise from the books and just focus on the enjoyment I get from each of the seven based solely on this merit, ok? <br /><br />It may not seem like it but I’m really excited. <br /><br />Review of <a href=""https://www.goodreads.com/review/show/2741277390?book_show_action=false&amp;from_review_page=1"" rel=""nofollow noopener"">Harry Potter and the Philosopher's Stone</a><br /><br />Review of <a href=""https://www.goodreads.com/review/show/2741277658?book_show_action=false&amp;from_review_page=1"" rel=""nofollow noopener"">Harry Potter and the Chamber of Secrets</a><br /><br />Review of <a href=""https://www.goodreads.com/review/show/2741277497?book_show_action=false&amp;from_review_page=1"" rel=""nofollow noopener"">Harry Potter and the Prisoner of Azkaban</a><br /><br />-----------------------------------------------------------------------------<br /><br />This was a 4.5-star read to me. <br /><br />I was bummed that during the first 300 pages I was just... not excited. I just wanted the tournament to start and the book took its time to get there and it was kind of frustrating.<br /><br />However, finally things started to happen and the action, along with the suspense was just increasing chapter after chapter until the final task and Voldermort's resurrection part came along and the madness started. <br /><br />I'm sad to say that this is no longer my favorite one in the series, tho (that distinction goes to Prisoner of Azkaban), but it's definitely a good book that is not as dark as the final 3, but also not as light as the previous ones.","Harry Potter wants to get away from the pernicious Dursleys and go to the Quidditch World Cup with Hermione, Ron, and the Weasleys. He wants to dream about Cho Chang, his crush (and maybe do more than dream). He wants to find out about the mysterious event involving two other rival schools of magic, and a competition that hasn't happened for hundreds of years. He wants to be a normal, fourteen-year-old wizard. Unfortunately for Harry Potter, he's not normal; he’s different -- even by wizarding standards. And in this case, different can be deadly.","2000"
"read","2","21161465","15881","Harry Potter and the Chamber of Secrets (Harry Potter, #2)","J.K. Rowling","","4","4.42","Wed, 3 Feb 2021 00:00:00 +0000","Wed, 03 Feb 2021 21:37:51 -0800","","enjoyed","https://www.goodreads.com/book/show/15881","https://www.goodreads.com/review/show/2741277658?utm_medium=api&utm_source=rss","So, as part of a reread I’m doing more than 10 years after I first read these books, I’ll try to determine if the whole saga holds as well or as bad as I remember. I must admit I’m a little biased: when the Harry Potter mania was at its peak I was part of it and I really loved the movies, the books and the Wizarding World in general. <br /><br />However now that I don’t like JK Rowling as a person, the bad taste of mouth the new ‘beasts’ movies left in me, and general exhaustion online regarding Harry Potter, for years I eye-rolled the whole thing and declared it below me. <br /><br />And now I am here and I want to separate the author and the situation that exists nowadays with this whole franchise from the books and just focus on the enjoyment I get from each of the seven based solely on this merit, ok? <br /><br />It may not seem like it but I’m really excited. <br /><br />Review of <a href=""https://www.goodreads.com/review/show/2741277390?book_show_action=false&amp;from_review_page=1"" rel=""nofollow noopener"">'Harry Potter and the Philosopher's Stone'</a> <br />————————————————————————<br /><br />So, this was good. Not as good as the first one, definitely, but still great nonetheless. <br /><br />Truth be told, I thought it dragged in parts, and it hurts to admit this because it used to be my favorite one among the whole series, but I guess I outgrew it, and since it doesn't have the same wondrous feeling of discovering magic that the first one has, it ends up lacking a little bit. <br /><br />Anyway, I'm still excited of what's to come because I know how good it gets.","Ever since Harry Potter had come home for the summer, the Dursleys had been so mean and hideous that all Harry wanted was to get back to the Hogwarts School for Witchcraft and Wizardry. But just as he’s packing his bags, Harry receives a warning from a strange impish creature who says that if Harry returns to Hogwarts, disaster will strike.<br /><br />And strike it does. For in Harry’s second year at Hogwarts, fresh torments and horrors arise, including an outrageously stuck-up new professor and a spirit who haunts the girls’ bathroom. But then the real trouble begins – someone is turning Hogwarts students to stone. Could it be Draco Malfoy, a more poisonous rival than ever? Could it possibly be Hagrid, whose mysterious past is finally told? Or could it be the one everyone at Hogwarts most suspects… Harry Potter himself!","1998"
"read","2","21161465","5","Harry Potter and the Prisoner of Azkaban (Harry Potter, #3)","J.K. Rowling","043965548X","5","4.57","Sat, 27 Mar 2021 00:00:00 +0000","Sat, 27 Mar 2021 14:03:58 -0700","","enjoyed","https://www.goodreads.com/book/show/5","https://www.goodreads.com/review/show/2741277497?utm_medium=api&utm_source=rss","So, as part of a reread I’m doing more than 10 years after I first read these books, I’ll try to determine if the whole saga holds as well or as bad as I remember. I must admit I’m a little biased: when the Harry Potter mania was at its peak I was part of it and I really loved the movies, the books and the Wizarding World in general. <br /><br />However now that I don’t like JK Rowling as a person, the bad taste of mouth the new ‘beasts’ movies left in me, and general exhaustion online regarding Harry Potter, for years I eye-rolled the whole thing and declared it below me. <br /><br />And now I am here and I want to separate the author and the situation that exists nowadays with this whole franchise from the books and just focus on the enjoyment I get from each of the seven based solely on this merit, ok? <br /><br />It may not seem like it but I’m really excited. <br /><br />Review of <a href=""https://www.goodreads.com/review/show/2741277390?book_show_action=false&amp;from_review_page=1"" rel=""nofollow noopener"">'Harry Potter and the Philosopher's Stone'</a> <br /><br />Review of <a href=""https://www.goodreads.com/review/show/2741277658?book_show_action=false&amp;from_review_page=1"" rel=""nofollow noopener"">'Harry Potter and the Chamber of Secrets'</a> <br />———————————————————————— <br /><br />This one was so much better than the previous one, and I think even better than the first book. For a long time I used to say that 'Prisoner of Azkaban' was my least favorite book because there wasn't a big battle at the climax of it, however I can now see the big importance and the huge repercussions it has for the rest of the series.<br /><br />True, there is not a big battle in this one, Ron is especially annoying for the most part of the book and it has huuuge chunks of exposition in two really important chapters that may have been developed a bit better, but it has a lot of heart, and it just filled me up with desire to read the next one. ","Harry Potter, along with his best friends, Ron and Hermione, is about to start his third year at Hogwarts School of Witchcraft and Wizardry. Harry can't wait to get back to school after the summer holidays. (Who wouldn't if they lived with the horrible Dursleys?) But when Harry gets to Hogwarts, the atmosphere is tense. There's an escaped mass murderer on the loose, and the sinister prison guards of Azkaban have been called in to guard the school...","1999"
"read","2","21161465","3","Harry Potter and the Sorcerer's Stone (Harry Potter, #1)","J.K. Rowling","0439554934","5","4.47","Tue, 29 Dec 2020 00:00:00 +0000","Thu, 14 Jan 2021 22:49:56 -0800","","enjoyed","https://www.goodreads.com/book/show/3","https://www.goodreads.com/review/show/2741277390?utm_medium=api&utm_source=rss","So, as part of a reread I’m doing more than 10 years after I first read these books, I’ll try to determine if the whole saga holds as well or as bad as I remember. I must admit I’m a little biased: when the Harry Potter mania was at its peak I was part of it and I really loved the movies, the books and the Wizarding World in general. <br /><br />However now that I don’t like JK Rowling as a person, the bad taste of mouth the new ‘beasts’ movies left in me, and general exhaustion online regarding Harry Potter, for years I eye-rolled the whole thing and declared it below me. <br /><br />And now I am here and I want to separate the author and the situation that exists nowadays with this whole franchise from the books and just focus on the enjoyment I get from each of the seven based solely on this merit, ok? <br /><br />It may not seem like it but I’m really excited. <br /><br />————————————————————————<br /><br />So when I first started this book I thought I was going to be disappointed, and even in the first couple of chapters I was skeptic... boy I was wrong! <br /><br />It actually is an amazing book that years after its original publication still holds. Even though it was impossible not to match the characters with the actors and play in my head some scenes as they unfolded in the movies, this book was really really good. <br /><br />You laugh, you get excited, I admit I even almost cried in a little part toward the final pages, and I really fell in love once again with this whole series. <br /><br />Now that I read this as an adult I can see why the story clicks as well with kids as with grownups: it IS a book probably destined for the little ones in mind, but it never ever tries to dumb down the reader, it’s characters or the story to fit in the brains of the children. It grabs them (and us) and takes them on a magical journey where literally anything is possible and it just lets you have a good time with unforgettable characters living wacky, fun and crazy adventures with a little touch of drama and a bit of thriller, something I didn’t remembered at all, by the way. <br /><br />A very cool thing I noticed now that we all know the whole series by heart is the little sneak peeks and mentions Rowling makes regarding the future and past of the characters. I literally squeaked when Sirius Black was mentioned on the first chapter or how it is mentioned (very briefly) how no one really knows why Voldemort was after Harry, or even regarding Hagrid being expelled from Hogwarts. This all adds ups to the overarching plot of the books but it is amazing how since the very first everything starts to pile up without the reader even knowing it. <br /><br />Definitely an amazing start to what I didn’t remembered was an amazing series.","<i>""Turning the envelope over, his hand trembling, Harry saw a purple wax seal bearing a coat of arms; a lion, an eagle, a badger and a snake surrounding a large letter 'H'.""</i><br /><br />Harry Potter has never even heard of Hogwarts when the letters start dropping on the doormat at number four, Privet Drive. Addressed in green ink on yellowish parchment with a purple seal, they are swiftly confiscated by his grisly aunt and uncle. Then, on Harry's eleventh birthday, a great beetle-eyed giant of a man called Rubeus Hagrid bursts in with some astonishing news: Harry Potter is a wizard, and he has a place at Hogwarts School of Witchcraft and Wizardry. An incredible adventure is about to begin!","1997"
"read","2","21161465","40632959","La hija del relojero","Kate Morton","1949061124","4","3.74","Thu, 28 Mar 2019 00:00:00 +0000","Mon, 25 May 2026 13:45:30 -0700","","enjoyed","https://www.goodreads.com/book/show/40632959","https://www.goodreads.com/review/show/2741257021?utm_medium=api&utm_source=rss","","¿Mi nombre verdadero? Nadie lo recuerda. <br />¿Los sucesos de aquel verano? <br />Nadie más los conoce.<br /><br />En el verano de 1862, un grupo de jóvenes artistas, guiados por el apasionado y brillante Edward Radcliffe, viaja a Birchwood Manor, una casa de campo en Berkshire. Tienen un plan: vivir los siguientes meses recluidos y dejarse llevar por su inspiración y creatividad. Sin embargo, cuando el verano toca a su fin, una mujer ha muerto de un disparo y otra ha desaparecido, se ha extraviado una joya de valor incalculable y la vida de Edward Radcliffe se ha desmoronado.<br /><br />Unos ciento cincuenta años más tarde, Elodie Winslow, una joven archivista de Londres, descubre una cartera de cuero que contiene dos objetos sin relación aparente: una fotografía en sepia de una mujer de gran belleza con un vestido victoriano y el cuaderno de bocetos de un artista en el que hay un dibujo de una casa de dos tejados en el recodo de un río.<br /><br />¿Por qué ese boceto de Birchwood Manor le resulta tan familiar a Elodie? ¿Y quién es esa hermosa mujer que aparece en la fotografía? ¿Le revelará alguna vez sus secretos?.<br /><br />Narrada por varias voces a lo largo del tiempo, La hija del relojero es la historia de un asesinato, un misterio y un robo, una reflexión sobre el arte, la verdad y la belleza, el amor y las pérdidas. Por sus páginas fluye como un río la voz de una mujer ya libre de las ataduras del tiempo y cuyo nombre ha caído en el olvido: Birdie Bell, la hija del relojero, la única persona que vio todo lo sucedido.","2018"
"read","2","21161465","10836813","The Time in Between","María Dueñas","1451616880","4","4.13","Wed, 6 Mar 2019 00:00:00 +0000","Wed, 06 Mar 2019 14:34:56 -0800","","enjoyed","https://www.goodreads.com/book/show/10836813","https://www.goodreads.com/review/show/2714533020?utm_medium=api&utm_source=rss","","<i>The Time In Between</i> is a word-of-mouth phenomenon that catapulted María Dueñas, a debut author, to the top of Spain's bestseller lists.<br /><br />This sweeping novel, which combines the storytelling power of <i>The Shadow of the Wind</i> with the irresistible romance of <i>Casablanca</i>, moves at an unstoppable pace. Suddenly left abandoned and penniless in Morocco by her lover, Sira Quiroga forges a new identity. Against all odds she becomes the most sought-after couture designer for the socialite wives of German Nazi officers. But she is soon embroiled in a dangerous political conspiracy as she passes information to the British Secret Service through a code stitched into the hems of her dresses.","2009"
"read","2","21161465","16143347","We Were Liars","E. Lockhart","0385741278","4","3.65","","Fri, 08 Feb 2019 15:01:49 -0800","","enjoyed","https://www.goodreads.com/book/show/16143347","https://www.goodreads.com/review/show/2708037459?utm_medium=api&utm_source=rss","","A beautiful and distinguished family.<br />A private island.<br />A brilliant, damaged girl; a passionate, political boy.<br />A group of four friends—the Liars—whose friendship turns destructive.<br />A revolution. An accident. A secret.<br />Lies upon lies.<br />True love.<br />The truth.<br /> <br /><i>We Were Liars</i> is a modern, sophisticated suspense novel from <i>New York Times</i> bestselling author, National Book Award finalist, and Printz Award honoree E. Lockhart. <br /><br />Read it.<br /><br />And if anyone asks you how it ends, just LIE.","2014"
"read","2","21161465","1232","The Shadow of the Wind (The Cemetery of Forgotten Books, #1)","Carlos Ruiz Zafón","","4","4.26","","Fri, 08 Feb 2019 15:00:38 -0800","","enjoyed","https://www.goodreads.com/book/show/1232","https://www.goodreads.com/review/show/2708036232?utm_medium=api&utm_source=rss","","Barcelona, 1945: A city slowly heals from its war wounds, and Daniel, an antiquarian book dealer's son who mourns the loss of his mother, finds solace in a mysterious book entitled <i>The Shadow of the Wind</i>, by one Julian Carax. But when he sets out to find the author's other works, he makes a shocking discovery: someone has been systematically destroying every copy of every book Carax has written. In fact, Daniel may have the last of Carax's books in existence. Soon Daniel's seemingly innocent quest opens a door into one of Barcelona's darkest secrets—an epic story of murder, madness, and doomed love.","2001"
"read","2","21161465","34189556","The Wife Between Us","Greer Hendricks","1250130921","2","3.80","Fri, 8 Feb 2019 00:00:00 +0000","Fri, 08 Feb 2019 14:58:09 -0800","","notEnjoyed","https://www.goodreads.com/book/show/34189556","https://www.goodreads.com/review/show/2708033909?utm_medium=api&utm_source=rss","","When you read this book, you will make many assumptions.<br /><br />You will assume you are reading about a jealous ex-wife.<br /><br />You will assume she is obsessed with her replacement – a beautiful, younger woman who is about to marry the man they both love.<br /><br />You will assume you know the anatomy of this tangled love triangle.<br /><br />Assume nothing.<br /><br />Twisted and deliciously chilling, Greer Hendricks and Sarah Pekkanen's <i>The Wife Between Us </i>exposes the secret complexities of an enviable marriage - and the dangerous truths we ignore in the name of love.<br /><br /><i>Read between the lies.</i>","2018"
"read","2","21161465","28257707","The Subtle Art of Not Giving a F*ck: A Counterintuitive Approach to Living a Good Life","Mark Manson","","3","3.86","Wed, 23 Jan 2019 00:00:00 +0000","Wed, 23 Jan 2019 12:19:00 -0800","","neutral","https://www.goodreads.com/book/show/28257707","https://www.goodreads.com/review/show/2673066226?utm_medium=api&utm_source=rss","","<i>Alternate cover edition of ISBN 9780062457738</i><br /><br />In this generation-defining self-help guide, a superstar blogger cuts through the crap to show us how to stop trying to be ""positive"" all the time so that we can truly become better, happier people.<br /><br />For decades, we’ve been told that positive thinking is the key to a happy, rich life. ""F**k positivity,"" Mark Manson says. ""Let’s be honest, shit is f**ked and we have to live with it."" In his wildly popular Internet blog, Manson doesn’t sugarcoat or equivocate. He tells it like it is—a dose of raw, refreshing, honest truth that is sorely lacking today. <em>The Subtle Art of Not Giving a F**k</em> is his antidote to the coddling, let’s-all-feel-good mindset that has infected American society and spoiled a generation, rewarding them with gold medals just for showing up.<br /><br />Manson makes the argument, backed both by academic research and well-timed poop jokes, that improving our lives hinges not on our ability to turn lemons into lemonade, but on learning to stomach lemons better. Human beings are flawed and limited—""not everybody can be extraordinary, there are winners and losers in society, and some of it is not fair or your fault."" Manson advises us to get to know our limitations and accept them. Once we embrace our fears, faults, and uncertainties, once we stop running and avoiding and start confronting painful truths, we can begin to find the courage, perseverance, honesty, responsibility, curiosity, and forgiveness we seek.<br /><br />There are only so many things we can give a f**k about so we need to figure out which ones really matter, Manson makes clear. While money is nice, caring about what you do with your life is better, because true wealth is about experience. A much-needed grab-you-by-the-shoulders-and-look-you-in-the-eye moment of real-talk, filled with entertaining stories and profane, ruthless humor, <em>The Subtle Art of Not Giving a F**k</em> is a refreshing slap for a generation to help them lead contented, grounded lives.","2016"
"read","2","21161465","33662956","Tan poca vida","Hanya Yanagihara","6073148127","5","4.31","Sun, 13 Jan 2019 00:00:00 +0000","Tue, 04 Aug 2020 23:25:42 -0700","","enjoyed","https://www.goodreads.com/book/show/33662956","https://www.goodreads.com/review/show/2665380902?utm_medium=api&utm_source=rss","","Para saber... Qué dicen y qué callan los hombres, De dónde viene y adónde va la culpa, Cuánto importa el sexo, A quién podemos llamar amigo, Y finalmente... Qué precio tiene la vida cuando ya no tiene valor.<br /><br />Para descubrir eso y más, aquí está Tan poca vida, una historia que recorre más de tres décadas de amistad en la vida de cuatro hombres que crecen juntos en Manhattan. Cuatro hombres que tienen que sobrevivir al fracaso y al éxito y que, a lo largo de los años, aprenden a sobreponerse a las crisis económicas, sociales y emocionales. Cuatro hombres que comparten una idea muy peculiar de la intimidad, una manera de estar juntos hecha de pocas palabras y muchos gestos. Cuatro hombres cuya relación la autora utiliza para realizar una minuciosa indagación de los límites de la naturaleza humana.","2015"
"read","2","21161465","22430367","La última noche en Tremore Beach","Mikel Santiago","8440696485","5","3.81","","Mon, 17 Dec 2018 15:20:34 -0800","","enjoyed","https://www.goodreads.com/book/show/22430367","https://www.goodreads.com/review/show/2629844191?utm_medium=api&utm_source=rss","","Un compositor que ha perdido la inspiración.<br />Una casa aislada en una playa irlandesa.<br />Una noche de tormenta que puede cambiarlo todo.<br /><br />Peter Harper es un prestigioso compositor de bandas sonoras que, tras un traumático divorcio, se refugia en un rincón perdido de la costa de Irlanda para recuperar la inspiración. La casa de Tremore Beach, aislada en una enorme y solitaria playa, parece el lugar indicado para lograrlo. Todo parece perfecto... hasta que llega la noche de la gran tormenta.","2014"
"read","2","21161465","20926278","Revival","Stephen  King","1476770387","3","3.78","","Mon, 17 Dec 2018 15:18:39 -0800","","neutral","https://www.goodreads.com/book/show/20926278","https://www.goodreads.com/review/show/2629842523?utm_medium=api&utm_source=rss","","From master storyteller Stephen King comes a spectacularly dark and riveting novel about addiction, religion, fanaticism, and what might exist on the other side of life. In a small New England town more than half a century ago, a boy is playing with his new toy soldiers in the dirt in front of his house when a shadow falls over him. He looks up to see a striking man, the new minister, Jamie learns later, who with his beautiful wife will transform the church and the town. The men and boys are a bit in love with Mrs. Jacobs; the women and girls, with the Reverend Jacobs — including Jamie's sisters and mother. <br /><br />Then tragedy strikes, and this charismatic preacher curses God and is banished from the shocked town. Jamie has demons of his own. Wed to his guitar from age 13, he plays in bands across the country, running from his own family tragedies, losing one job after another when his addictions get the better of him. Decades later, sober and living a decent life, he and Reverend Charles Jacobs meet again in a pact beyond even the Devil's devising, and the many terrifying meanings of Revival are revealed. <br /><br />King imbues this spectacularly rich and dark novel with everything he knows about music, addiction, and religious fanaticism and every nightmare we ever had about death. This is a masterpiece from King in the great American tradition of Frank Norris, Nathaniel Hawthorne, and Edgar Allan Poe.","2014"
"read","2","21161465","22373913","Lacy Eye","Jessica Treadway","1455554073","4","3.63","","Mon, 17 Dec 2018 15:17:46 -0800","","enjoyed","https://www.goodreads.com/book/show/22373913","https://www.goodreads.com/review/show/2629841702?utm_medium=api&utm_source=rss","","Hanna Schutt never suspected that her younger daughter's happiness would lead to her husband's death and the destruction of their family. When Dawn brings her new boyfriend home from college for a visit, her parents and sister try to hide their doubts because they're glad that Dawn - always an awkward child - appears to have grown into a confident, mature young woman in her relationship with Rud. But when Hanna and her husband, Joe, are beaten savagely in their bed, Rud becomes the chief suspect and stands trial for Joe's murder.<br /> <br />Claiming her boyfriend's innocence, Dawn estranges herself from her mother, who survived the attack with serious injuries and impaired memory. When Rud wins an appeal and Dawn returns to the family home saying she wants to support her mother, Hanna decides to try to remember details of that traumatic night so she can testify to keep her husband's murderer in jail, never guessing that the process might cause her to question everything she thought she knew about her daughter.","2014"
"read","2","21161465","18812405","The Good Girl","Mary Kubica","0778316556","3","3.77","","Mon, 17 Dec 2018 15:16:48 -0800","","neutral","https://www.goodreads.com/book/show/18812405","https://www.goodreads.com/review/show/2629840878?utm_medium=api&utm_source=rss","","<i>I've been following her for the past few days. I know where she buys her groceries, where she works. I don't know the color of her eyes or what they look like when she's scared. But I will.</i><br /><br />One night, Mia Dennett enters a bar to meet her on-again, off-again boyfriend. But when he doesn't show, she unwisely leaves with an enigmatic stranger. At first Colin Thatcher seems like a safe one-night stand. But following Colin home will turn out to be the worst mistake of Mia's life. <br /><br />When Colin decides to hide Mia in a secluded cabin in rural Minnesota instead of delivering her to his employers, Mia's mother, Eve, and detective Gabe Hoffman will stop at nothing to find them. But no one could have predicted the emotional entanglements that eventually cause this family's world to shatter.","2014"
"read","2","21161465","16199630","The Accident","C.L. Taylor","0007540035","3","3.77","","Mon, 17 Dec 2018 15:16:33 -0800","","neutral","https://www.goodreads.com/book/show/16199630","https://www.goodreads.com/review/show/2629840668?utm_medium=api&utm_source=rss","","<i>The person you trust most may only be telling you half the story …</i><br /><br />Sue Jackson has the perfect family but when her teenage daughter Charlotte deliberately steps in front of a bus and ends up in a coma she is forced to face a very dark reality.<br /><br />Retracing her daughter’s steps she finds a horrifying entry in Charlotte’s diary and is forced to head deep into Charlotte’s private world. In her hunt for evidence, Sue begins to mistrust everyone close to her daughter and she’s forced to look further, into the depths of her own past.<br /><br />There is a lot that Sue doesn’t know about Charlotte’s life. But then there’s a lot that Charlotte doesn’t know about Sue’s …","2014"
"read","2","21161465","23125266","I Let You Go","Clare Mackintosh","0751554154","4","4.04","","Mon, 17 Dec 2018 15:16:00 -0800","","enjoyed","https://www.goodreads.com/book/show/23125266","https://www.goodreads.com/review/show/2629840190?utm_medium=api&utm_source=rss","","<i>A tragic accident. It all happened so quickly. She couldn't have prevented it. Could she?</i><br /><br />In a split second, Jenna Gray's world descends into a nightmare. Her only hope of moving on is to walk away from everything she knows to start afresh. Desperate to escape, Jenna moves to a remote cottage on the Welsh coast, but she is haunted by her fears, her grief and her memories of a cruel November night that changed her life forever.<br /><br />Slowly, Jenna begins to glimpse the potential for happiness in her future. But her past is about to catch up with her, and the consequences will be devastating . . .","2014"
"read","2","21161465","28815474","The Couple Next Door","Shari Lapena","0735221081","4","3.80","","Mon, 17 Dec 2018 15:15:30 -0800","","enjoyed","https://www.goodreads.com/book/show/28815474","https://www.goodreads.com/review/show/2629839730?utm_medium=api&utm_source=rss","","<b>You never know what's happening on the other side of the wall.</b><br /><br />Your neighbour told you that she didn't want your six-month-old daughter at the dinner party. Nothing personal, she just couldn't stand her crying.<br /><br />Your husband said it would be fine. After all, you only live next door. You'll have the baby monitor and you'll take it in turns to go back every half hour.<br /><br />Your daughter was sleeping when you checked on her last. But now, as you race up the stairs in your deathly quiet house, your worst fears are realized. She's gone.<br /><br />You've never had to call the police before. But now they're in your home, and who knows what they'll find there.<br /><br /><b>What would <i>you </i>be capable of, when pushed past your limit?</b>","2016"
"read","2","21161465","38746485","Becoming","Michelle Obama","1524763136","4","4.41","Sun, 16 Dec 2018 00:00:00 +0000","Sun, 16 Dec 2018 23:08:40 -0800","","enjoyed","https://www.goodreads.com/book/show/38746485","https://www.goodreads.com/review/show/2622058093?utm_medium=api&utm_source=rss","","In a life filled with meaning and accomplishment, Michelle Obama has emerged as one of the most iconic and compelling women of our era. As First Lady of the United States of America—the first African American to serve in that role—she helped create the most welcoming and inclusive White House in history, while also establishing herself as a powerful advocate for women and girls in the U.S. and around the world, dramatically changing the ways that families pursue healthier and more active lives, and standing with her husband as he led America through some of its most harrowing moments. Along the way, she showed us a few dance moves, crushed Carpool Karaoke, and raised two down-to-earth daughters under an unforgiving media glare. <br /> <br />In her memoir, a work of deep reflection and mesmerizing storytelling, Michelle Obama invites readers into her world, chronicling the experiences that have shaped her—from her childhood on the South Side of Chicago to her years as an executive balancing the demands of motherhood and work, to her time spent at the world’s most famous address. With unerring honesty and lively wit, she describes her triumphs and her disappointments, both public and private, telling her full story as she has lived it—in her own words and on her own terms. Warm, wise, and revelatory, Becoming is the deeply personal reckoning of a woman of soul and substance who has steadily defied expectations—and whose story inspires us to do the same.","2018"
"read","2","21161465","25574782","Pretty Girls","Karin Slaughter","0062430874","4","3.96","","Mon, 03 Dec 2018 12:02:10 -0800","","enjoyed","https://www.goodreads.com/book/show/25574782","https://www.goodreads.com/review/show/2614263100?utm_medium=api&utm_source=rss","","Twenty years ago Claire Scott's eldest sister, Julia, went missing. No one knew where she went - no note, no body. It was a mystery that was never solved and it tore her family apart.<br /><br />Now another girl has disappeared, with chilling echoes of the past. And it seems that she might not be the only one.<br /><br />Claire is convinced Julia's disappearance is linked.<br /><br />But when she begins to learn the truth about her sister, she is confronted with a shocking discovery, and nothing will ever be the same...","2015"
"read","2","21161465","22674105","China Rich Girlfriend (Crazy Rich Asians, #2)","Kevin Kwan","0385539088","3","3.80","Mon, 10 Dec 2018 00:00:00 +0000","Mon, 10 Dec 2018 12:18:25 -0800","","neutral","https://www.goodreads.com/book/show/22674105","https://www.goodreads.com/review/show/2609239495?utm_medium=api&utm_source=rss","","<b>Kevin Kwan, bestselling author of <i>Crazy Rich Asians</i>, is back with a wickedly funny new novel of social climbing, secret e-mails, art-world scandal, lovesick billionaires, and the outrageous story of what happens when Rachel Chu, engaged to marry Asia's most eligible bachelor, discovers her birthfather.<br /></b> <br />On the eve of her wedding to Nicholas Young, heir to one of the greatest fortunes in Asia, Rachel should be over the moon. She has a flawless Asscher-cut diamond from JAR, a wedding dress she loves more than anything found in the salons of Paris, and a fiance willing to sacrifice his entire inheritance in order to marry her. But Rachel still mourns the fact that her birthfather, a man she never knew, won't be able to walk her down the aisle. Until: a shocking revelation draws Rachel into a world of Shanghai splendor beyond anything she has ever imagined. Here we meet Carlton, a Ferrari-crashing bad boy known for Prince Harry-like antics; Colette, a celebrity girlfriend chased by fevered paparazzi; and the man Rachel has spent her entire life waiting to meet: her father. Meanwhile, Singapore's It Girl, Astrid Leong, is shocked to discover that there is a downside to having a newly minted tech billionaire husband. A romp through Asia's most exclusive clubs, auction houses, and estates, <i>China Rich Girlfriend</i> brings us into the elite circles of Mainland China, introducing a captivating cast of characters, and offering an inside glimpse at what it's like to be gloriously, crazily, China-rich.","2015"
"read","2","21161465","498389","The Devil's Star (Harry Hole, #5)","Jo Nesbø","0099478536","4","4.05","","Tue, 20 Nov 2018 18:49:09 -0800","","enjoyed","https://www.goodreads.com/book/show/498389","https://www.goodreads.com/review/show/2600908923?utm_medium=api&utm_source=rss","","A young woman is murdered in her Oslo flat. One finger has been severed from her left hand, and behind her eyelid is secreted a tiny red diamond in the shape of a five-pointed star - a pentagram, the devil's star.<br /><br />Detective Harry Hole is assigned to the case with his long-time adversary Tom Waaler and initially wants no part in it. But Harry is already on notice to quit the force and is left with little alternative but to drag himself out of his alcoholic stupor and get to work.<br /><br />A wave of similar murders is on the horizon. An emerging pattern suggests that Oslo has a serial killer on its hands, and the five-pointed devil's star is key to solving the riddle.","2003"
"read","2","21161465","25182683","A Game for All the Family","Sophie Hannah","1444776045","3","3.06","","Tue, 30 Oct 2018 22:36:44 -0700","","neutral","https://www.goodreads.com/book/show/25182683","https://www.goodreads.com/review/show/2578901980?utm_medium=api&utm_source=rss","","<i>You thought you knew who you were. A stranger knows better.</i><br /><br />You've left the city - and the career that nearly destroyed you - for a fresh start on the coast. But soon after the move, your daughter starts to withdraw, because her new best friend, George, is unfairly expelled from school.<br /><br />You beg the principal to reconsider, only to be told that George hasn't been expelled. Because there is, and was, no George.<br /><br />Who is lying? Who is real? Who is in danger? Who is in control? As you search for answers, the anonymous calls begin - a stranger who insists that you and she share a traumatic past and a guilty secret. And then the caller threatens your life...<br /><br />This is Justine's story. This is Justine's family. This is Justine's game. But it could be yours.<br /><br />A dazzling psychological thriller, perfect for fans of <i>The Girl on the Train</i> and <i>Gone Girl</i>, from the author whose work Tana French describes as ""like watching a nightmare come to life.""","2015"
"read","2","21161465","26109438","Boy Erased","Garrard Conley","1594633010","3","3.62","","Wed, 28 Nov 2018 15:23:38 -0800","","neutral","https://www.goodreads.com/book/show/26109438","https://www.goodreads.com/review/show/2574383671?utm_medium=api&utm_source=rss","","<b>A beautiful, raw and compassionate memoir about identity, love and understanding. Now a major motion picture starring Nicole Kidman, Russell Crowe, and Lucas Hedges, directed by Joel Edgerton.. </b> <br /> <br />The son of a Baptist pastor and deeply embedded in church life in small town Arkansas, as a young man Garrard Conley was terrified and conflicted about his sexuality. <br /> <br />When Garrard was a nineteen-year-old college student, he was outed to his parents, and was forced to make a life-changing decision: either agree to attend a church-supported conversion therapy program that promised to “cure” him of homosexuality; or risk losing family, friends, and the God he had prayed to every day of his life. Through an institutionalized Twelve-Step Program heavy on Bible study, he was supposed to emerge heterosexual, ex-gay, cleansed of impure urges and stronger in his faith in God for his brush with sin. Instead, even when faced with a harrowing and brutal journey, Garrard found the strength and understanding to break out in search of his true self and forgiveness. <br /> <br />By confronting his buried past and the burden of a life lived in shadow, Garrard traces the complex relationships among family, faith, and community. At times heart-breaking, at times triumphant, this memoir is a testament to love that survives despite all odds.","2016"
"read","2","21161465","3522419","Nemesis (Harry Hole, #4)","Jo Nesbø","0061655503","4","3.98","","Fri, 12 Oct 2018 14:45:09 -0700","","enjoyed","https://www.goodreads.com/book/show/3522419","https://www.goodreads.com/review/show/2560160995?utm_medium=api&utm_source=rss","","How do you catch a killer when you're the number one suspect?<br /><br />A man is caught on CCTV, shooting dead a cashier at a bank. Detective Harry Hole begins his investigation, but after dinner with an old flame wakes up with no memory of the past 12 hours. Then the girl is found dead in mysterious circumstances and he begins to receive threatening emails: is someone trying to frame him for her death?<br /><br />As Harry fights to clear his name, the bank robberies continue with unparalleled savagery...","2002"
"read","2","21161465","32056518","El buho (Holger Munch & Mia Kruger, #2)","Samuel Bjørk","8483657961","3","3.74","","Sun, 29 Nov 2020 10:21:24 -0800","","neutral","https://www.goodreads.com/book/show/32056518","https://www.goodreads.com/review/show/2549642042?utm_medium=api&utm_source=rss","","<b>Tras el éxito de Viajo sola, llega el esperado segundo libro de los inspectores Mia Krüger y Holger Munch.</b><br /><br /><b>Suspense en la mejor tradición del género policíaco escandinavo.</b><br /><br />El búho siempre caza de noche. Nadie está seguro en la oscuridad.<br />Una adolescente ha desaparecido del centro para jóvenes problemáticos en el que vivía y poco después es encontrada estrangulada en el bosque sobre un lecho de plumas en el centro de un círculo de velas. La unidad de homicidios de Oslo afronta la misión de averiguar lo sucedido y el veterano investigador Holger Munch se sumerge en el caso junto a la inspectora Mia Krüger, que lucha todavía contra sus tendencias suicidas y su adicción a las píldoras y el alcohol. Pero la investigación de lo que a primera vista es un espeluznante asesinato ritual no parece estar yendo a ninguna parte hasta que la unidad recibe nuevos indicios sobre los elementos encontrados en el lugar del crimen. Las plumas pertenecen a un búho... el pájaro de la muerte.","2015"
"read","2","21161465","23443740","Viajo sola (Holger Munch & Mia Kruger, #1)","Samuel Bjørk","8483656892","5","3.89","","Sun, 29 Nov 2020 10:21:43 -0800","","enjoyed","https://www.goodreads.com/book/show/23443740","https://www.goodreads.com/review/show/2549641894?utm_medium=api&utm_source=rss","","Un hombre sale a pasear con su perro para recuperarse de la resaca y de sus problemas de conciencia. De repente el perro sale corriendo entre los árboles. Allí el hombre descubre a una niña que cuelga de un árbol, balanceándose sobre el suelo. Con una mochila escolar en la espalda y un cartel alrededor del cuello que dice «Viajo sola».<br /><br />El inspector de policía Holger Munch se encarga del caso y no tarda en darse cuenta de que va a necesitar la ayuda de su excolega Mia Krüger. Sin embargo, Mia, que siempre había sido una chica sana, ahora parece estar enferma. Realmente enferma. Holger Munch acude a su casa para pedirle que vuelva al servicio activo. No tienen ni la más remota idea de lo que les espera.","2013"
"read","2","21161465","1278752","The House at Riverton","Kate Morton","0330448447","4","3.95","","Fri, 14 Sep 2018 14:52:56 -0700","","enjoyed","https://www.goodreads.com/book/show/1278752","https://www.goodreads.com/review/show/2530300219?utm_medium=api&utm_source=rss","","<i>The House at Riverton</i> is a gorgeous debut novel set in England between the wars. Perfect for fans of ""Downton Abbey,"" it's the story of an aristocratic family, a house, a mysterious death, and a way of life that vanished forever, told in flashback by a woman who witnessed it all.<br /><br />The novel is full of secrets - some revealed, others hidden forever, reminiscent of the romantic suspense of Daphne du Maurier. It's also a meditation on memory and the devastation of war and a beautifully rendered window into a fascinating time in history.","2006"
"read","2","21161465","21104828","The Lake House","Kate Morton","","4","4.04","","Fri, 14 Sep 2018 14:52:52 -0700","","enjoyed","https://www.goodreads.com/book/show/21104828","https://www.goodreads.com/review/show/2530300173?utm_medium=api&utm_source=rss","","An abandoned house...<br />June 1933, and sixteen-year-old Alice Edevane is preparing for her family's Midsummer Eve party at their country home, Loeanneth. But by the time midnight strikes and fireworks light up the night skies, the Edevane family will have suffered a loss so great that they leave Loeanneth forever.<br /><br />A missing child...<br />Seventy years later, after a particularly troubling case, Detective Sadie Sparrow retreats to her beloved grandfather's cottage in Cornwall. Once there, she stumbles upon an abandoned house, and learns the story of a baby boy who disappeared without a trace.<br /><br />An unsolved mystery...<br />Meanwhile, in her elegant Hampstead home, the formidable Alice Edevane, now an old lady, leads a life as neatly plotted as the bestselling detective novels she writes. Until a young police detective starts asking questions about her family's past, seeking to resurrect the complex tangle of secrets Alice has spent her life trying to escape...","2015"
"read","2","21161465","16085481","Crazy Rich Asians (Crazy Rich Asians, #1)","Kevin Kwan","0385536976","4","3.91","","Fri, 14 Sep 2018 14:34:57 -0700","","enjoyed","https://www.goodreads.com/book/show/16085481","https://www.goodreads.com/review/show/2530284374?utm_medium=api&utm_source=rss","","Crazy Rich Asians is the outrageously funny debut novel about three super-rich, pedigreed Chinese families and the gossip, backbiting, and scheming that occurs when the heir to one of the most massive fortunes in Asia brings home his ABC (American-born Chinese) girlfriend to the wedding of the season.<br /><br />When Rachel Chu agrees to spend the summer in Singapore with her boyfriend, Nicholas Young, she envisions a humble family home, long drives to explore the island, and quality time with the man she might one day marry. What she doesn't know is that Nick's family home happens to look like a palace, that she'll ride in more private planes than cars, and that with one of Asia's most eligible bachelors on her arm, Rachel might as well have a target on her back.<br /><br />Initiated into a world of dynastic splendor beyond imagination, Rachel meets Astrid, the It Girl of Singapore society; Eddie, whose family practically lives in the pages of the Hong Kong socialite magazines; and Eleanor, Nick's formidable mother, a woman who has very strong feelings about who her son should—and should not—marry.<br /><br />Uproarious, addictive, and filled with jaw-dropping opulence, <i>Crazy Rich Asians</i> is an insider's look at the Asian JetSet; a perfect depiction of the clash between old money and new money; between Overseas Chinese and Mainland Chinese; and a fabulous novel about what it means to be young, in love, and gloriously, crazily rich.","2013"
"read","2","21161465","33155777","Fierce Kingdom","Gin Phillips","0735224277","4","3.54","","Mon, 03 Sep 2018 21:41:27 -0700","","enjoyed","https://www.goodreads.com/book/show/33155777","https://www.goodreads.com/review/show/2518222681?utm_medium=api&utm_source=rss","","The zoo is nearly empty as Joan and her four-year-old son soak up the last few moments of playtime. They are happy, and the day has been close to perfect. But what Joan sees as she hustles her son toward the exit gate minutes before closing time sends her sprinting back into the zoo, her child in her arms. And for the next three hours—the entire scope of the novel—she keeps on running.<br /> <br />Joan’s intimate knowledge of her son and of the zoo itself—the hidden pathways and under-renovation exhibits, the best spots on the carousel and overstocked snack machines—is all that keeps them a step ahead of danger.<br /><br />A masterful thrill ride and an exploration of motherhood itself—from its tender moments of grace to its savage power—<em>Fierce Kingdom</em> asks where the boundary is between our animal instinct to survive and our human duty to protect one another. For whom should a mother risk her life?","2017"
"read","2","21161465","13497","A Feast for Crows (A Song of Ice and Fire, #4)","George R.R. Martin","","4","4.17","","Tue, 28 Aug 2018 17:00:50 -0700","","enjoyed","https://www.goodreads.com/book/show/13497","https://www.goodreads.com/review/show/2511033652?utm_medium=api&utm_source=rss","","It seems too good to be true. After centuries of bitter strife and fatal treachery, the seven powers dividing the land have decimated one another into an uneasy truce. Or so it appears. . . . With the death of the monstrous King Joffrey, Cersei is ruling as regent in King’s Landing. Robb Stark’s demise has broken the back of the Northern rebels, and his siblings are scattered throughout the kingdom like seeds on barren soil. Few legitimate claims to the once desperately sought Iron Throne still exist—or they are held in hands too weak or too distant to wield them effectively. The war, which raged out of control for so long, has burned itself out.<br /><br />But as in the aftermath of any climactic struggle, it is not long before the survivors, outlaws, renegades, and carrion eaters start to gather, picking over the bones of the dead and fighting for the spoils of the soon-to-be dead. Now in the Seven Kingdoms, as the human crows assemble over a banquet of ashes, daring new plots and dangerous new alliances are formed, while surprising faces—some familiar, others only just appearing—are seen emerging from an ominous twilight of past struggles and chaos to take up the challenges ahead.<br /><br />It is a time when the wise and the ambitious, the deceitful and the strong will acquire the skills, the power, and the magic to survive the stark and terrible times that lie before them. It is a time for nobles and commoners, soldiers and sorcerers, assassins and sages to come together and stake their fortunes . . . and their lives. For at a feast for crows, many are the guests—but only a few are the survivors.","2005"
"read","2","21161465","29938376","A Simple Favor","Darcey Bell","0062497774","5","3.28","","Tue, 28 Aug 2018 16:38:18 -0700","","enjoyed","https://www.goodreads.com/book/show/29938376","https://www.goodreads.com/review/show/2511011140?utm_medium=api&utm_source=rss","","She’s your best friend.<br />She knows all your secrets.<br />That’s why she’s so dangerous.<br />A single mother's life is turned upside down when her best friend vanishes in this chilling debut thriller in the vein of <i>Gone Girl</i> and <i>The Girl on the Train</i>. <br /><br />It starts with a simple favor—an ordinary kindness mothers do for one another. When her best friend, Emily, asks Stephanie to pick up her son Nicky after school, she happily says yes. Nicky and her son, Miles, are classmates and best friends, and the five-year-olds love being together—just like she and Emily. A widow and stay-at-home mommy blogger living in woodsy suburban Connecticut, Stephanie was lonely until she met Emily, a sophisticated PR executive whose job in Manhattan demands so much of her time. <br /><br />But Emily doesn’t come back. She doesn’t answer calls or return texts. Stephanie knows something is terribly wrong—Emily would never leave Nicky, no matter what the police say. Terrified, she reaches out to her blog readers for help. She also reaches out to Emily’s husband, the handsome, reticent Sean, offering emotional support. It’s the least she can do for her best friend. Then, she and Sean receive shocking news. Emily is dead. The nightmare of her disappearance is over.<br /><br />Or is it? Because soon, Stephanie will begin to see that nothing—not friendship, love, or even an ordinary favor—is as simple as it seems. <br /><br /><i>A Simple Favor</i> is a remarkable tale of psychological suspense—a clever and twisting free-fall of a ride filled with betrayals and reversals, twists and turns, secrets and revelations, love and loyalty, murder and revenge. Darcey Bell masterfully ratchets up the tension in a taut, unsettling, and completely absorbing story that holds you in its grip until the final page.","2017"
"read","2","21161465","7445","The Glass Castle","Jeannette Walls","074324754X","4","4.33","","Tue, 28 Aug 2018 11:33:19 -0700","","enjoyed","https://www.goodreads.com/book/show/7445","https://www.goodreads.com/review/show/2510652952?utm_medium=api&utm_source=rss","","<b>THE #1 <i>NEW YORK TIMES</i> BESTSELLER</b><br /><br /><i>The Glass Castle</i> is a remarkable memoir of resilience and redemption, and a revelatory look into a family at once deeply dysfunctional and uniquely vibrant. When sober, Jeannette's brilliant and charismatic father captured his children's imagination, teaching them physics, geology, and how to embrace life fearlessly. But when he drank, he was dishonest and destructive. Her mother was a free spirit who abhorred the idea of domesticity and didn't want the responsibility of raising a family. <br /><br />The Walls children learned to take care of themselves. They fed, clothed, and protected one another, and eventually found their way to New York. Their parents followed them, choosing to be homeless even as their children prospered.<br /><br /><i>The Glass Castle</i> is truly astonishing--a memoir permeated by the intense love of a peculiar but loyal family.","2005"
"read","2","21161465","28108459","La verdad está equivocada (Guadalupe y Valentín, #1)","Nacho Abad","8490692327","4","3.64","","Tue, 28 Aug 2018 11:31:55 -0700","","enjoyed","https://www.goodreads.com/book/show/28108459","https://www.goodreads.com/review/show/2510651333?utm_medium=api&utm_source=rss","","<b>¿Somos de verdad inocentes hasta que se demuestre lo contrario? La verdad está equivocada, una novela negra que te atrapa desde el principio</b>.<br /><br />Guadalupe y Valentín lo tienen todo para ser instalados en su lujosa finca, esperan el nacimiento de su primer bebé. Pero lo que parece un cuento de hadas está a punto de convertirse en una pesadilla. Cuando elladesaparece sin dejar rastro, todas las sospechas se dirigen hacia Valentín. Empezará entonces una frenética investigación en la que las oportunidades de localizar con vida a Guadalupe, diabética y embarazada de ocho meses, se reducen por minutos.<br /><br />La presión de la opinión pública -él es hijo de un gran torero y ella, una escritora de fama- condicionará todo lo que ocurra a continuación. Mientras los medios presentan a Valentín como un asesino desde el primer momento, la policía luchará por encontrar (o incluso fabricar) pruebas que inculpen al presunto culpable.<br /><br /><b>Así arranca la primera novela negra de Nacho Abad, una historia adictiva y llena de giros inesperados en la que late una pregunta de ¿Somos de verdad inocentes hasta que se demuestre lo contrario?</b><br /><br /><br /><br />Tras informar como periodista sobre muchos de los crímenes y sucesos más mediáticos de los últimos años, Abad refleja en esta trama de ficción -en la que el lector encontrará algunos guiños a casos reales- los detalles ocultos que a menudo no aparecen en los medios.",""
"read","2","21161465","23746004","Black-Eyed Susans","Julia Heaberlin","0804177996","3","3.76","","Tue, 28 Aug 2018 11:31:24 -0700","","neutral","https://www.goodreads.com/book/show/23746004","https://www.goodreads.com/review/show/2510650715?utm_medium=api&utm_source=rss","","<b>For fans of Laura Lippman and Gillian Flynn comes an electrifying novel of stunning psychological suspense.</b><br /><br /><i>I am the star of screaming headlines and campfire ghost stories.</i><br /><i>I am one of the four Black-Eyed Susans.</i><br /><i>The lucky one.</i><br />  <br /> As a sixteen-year-old, Tessa Cartwright was found in a Texas field, barely alive amid a scattering of bones, with only fragments of memory as to how she got there. Ever since, the press has pursued her as the lone surviving “Black-Eyed Susan,” the nickname given to the murder victims because of the yellow carpet of wildflowers that flourished above their shared grave. Tessa’s testimony about those tragic hours put a man on death row.<br />  <br /> Now, almost two decades later, Tessa is an artist and single mother. In the desolate cold of February, she is shocked to discover a freshly planted patch of black-eyed susans—a summertime bloom—just outside her bedroom window. Terrified at the implications—that she sent the wrong man to prison and the real killer remains at large—Tessa turns to the lawyers working to exonerate the man awaiting execution. But the flowers alone are not proof enough, and the forensic investigation of the still-unidentified bones is progressing too slowly. An innocent life hangs in the balance. The legal team appeals to Tessa to undergo hypnosis to retrieve lost memories—and to share the drawings she produced as part of an experimental therapy shortly after her rescue.<br />  <br /> What they don’t know is that Tessa and the scared, fragile girl she was have built a  fortress of secrets. As the clock ticks toward the execution, Tessa fears for her sanity, but even more for the safety of her teenaged daughter. Is a serial killer still roaming free, taunting Tessa with a trail of clues? She has no choice but to confront old ghosts and lingering nightmares to finally discover what really happened that night.<br />  <br /> Shocking, intense, and utterly original, <i>Black-Eyed Susans</i> is a dazzling psychological thriller, seamlessly weaving past and present in a searing tale of a young woman whose harrowing memories remain in a field of flowers—as a killer makes a chilling return to his garden.","2015"
"read","2","21161465","22236161","Pop Goes the Weasel (Helen Grace, #2)","M.J. Arlidge","1405914955","4","4.11","","Tue, 28 Aug 2018 11:30:49 -0700","","enjoyed","https://www.goodreads.com/book/show/22236161","https://www.goodreads.com/review/show/2510650043?utm_medium=api&utm_source=rss","","DI Helen Grace returns in <i>Pop Goes the Weasel</i>, the electrifying new thriller from M. J. Arlidge.<br /><br />The body of a middle-aged man is discovered in Southampton's red-light district - horrifically mutilated, with his heart removed.<br /><br />Hours later - and barely cold - the heart arrives with his wife and children by courier.<br /><br />A pattern emerges when another male victim is found dead and eviscerated, his heart delivered soon afterwards.<br /><br />The media call it Jack the Ripper in reverse; revenge against the men who lead sordid double lives visiting prostitutes. For Grace, only one thing is certain: there's a vicious serial-killer at large who must be halted at all costs . . .","2014"
"read","2","21161465","23398806","Eeny Meeny (Helen Grace, #1)","M.J. Arlidge","0451475496","4","3.92","","Tue, 28 Aug 2018 11:30:41 -0700","","enjoyed","https://www.goodreads.com/book/show/23398806","https://www.goodreads.com/review/show/2510649878?utm_medium=api&utm_source=rss","","Two people are abducted, imprisoned, and left with a gun. As hunger and thirst set in, only one walks away alive.<br /><br />It’s a game more twisted than any Detective Helen Grace has ever seen. If she hadn’t spoken with the shattered survivors herself, she almost wouldn’t believe them.<br /><br />Helen is familiar with the dark sides of human nature, including her own, but this case—with its seemingly random victims—has her baffled. But as more people go missing, nothing will be more terrifying than when it all starts making sense....","2014"
"read","2","21161465","34785006","No volveré a tener miedo","Pablo Rivero","8483658720","2","3.21","","Tue, 28 Aug 2018 11:30:12 -0700","","notEnjoyed","https://www.goodreads.com/book/show/34785006","https://www.goodreads.com/review/show/2510649348?utm_medium=api&utm_source=rss","","La madrugada del 9 de abril de 1994 una familia es asesinada mientras duerme. El crimen conmociona a la sociedad española por la brutalidad de los hechos y porque es cometido a sangre fria por uno de sus miembros. Estos son sus últimos siete días de vida.<br /><br />Tras una fuerte discusión, el padre abandona la casa familiar. Laura, la madre, arrepentida de haber sacado a la luz los secretos que con tanto esmero se esforzaban en esconder, tendrá que lidiar con los dos hijos que nunca quiso mientras encuentra la manera de hacerle volver. Raúl, el hijo mayor, obsesionado con el cine de terror, intenta huir de sus oscuras tentaciones a ritmo de canciones de Nirvana. Mientras que Mario, el pequeño, encuentra en la historia que le contó su hermano sobre un hombre que espera cada noche frente a su ventana, las claves para entender la ausencia paterna.<br /><br />Pero, que tiene que ver ese hombre con el crimen que ocurrirá tan solo siete días después? Y con la desaparición del joven Jonathan García, acaecida hace un año en el mismo barrio?","2017"
"read","2","21161465","29844228","Thirteen Reasons Why","Jay Asher","1595147888","3","3.71","","Tue, 28 Aug 2018 11:29:48 -0700","","neutral","https://www.goodreads.com/book/show/29844228","https://www.goodreads.com/review/show/2510648922?utm_medium=api&utm_source=rss","","<i>You can’t stop the future. <br />You can’t rewind the past.<br />The only way to learn the secret . . . is to press play.</i><br /><br />Clay Jensen returns home from school to find a strange package with his name on it lying on his porch. Inside he discovers several cassette tapes recorded by Hannah Baker–his classmate and crush–who committed suicide two weeks earlier. Hannah’s voice tells him that there are thirteen reasons why she decided to end her life. Clay is one of them. If he listens, he’ll find out why. <br /><br />Clay spends the night crisscrossing his town with Hannah as his guide. He becomes a firsthand witness to Hannah’s pain, and as he follows Hannah’s recorded words throughout his town, what he discovers changes his life forever.","2007"
"read","2","21161465","34114362","What Happened","Hillary Rodham Clinton","","4","3.92","","Tue, 28 Aug 2018 11:29:18 -0700","","enjoyed","https://www.goodreads.com/book/show/34114362","https://www.goodreads.com/review/show/2510648335?utm_medium=api&utm_source=rss","","<b>“In the past, for reasons I try to explain, I’ve often felt I had to be careful in public, like I was up on a wire without a net. Now I’m letting my guard down.”</b><b> —Hillary Rodham Clinton, from the introduction of <i>What Happened</i></b><br /><br />For the first time, Hillary Rodham Clinton reveals what she was thinking and feeling during one of the most controversial and unpredictable presidential elections in history. Now free from the constraints of running, Hillary takes you inside the intense personal experience of becoming the first woman nominated for president by a major party in an election marked by rage, sexism, exhilarating highs and infuriating lows, stranger-than-fiction twists, Russian interference, and an opponent who broke all the rules. This is her most personal memoir yet.<br /> <br />In these pages, she describes what it was like to run against Donald Trump, the mistakes she made, how she has coped with a shocking and devastating loss, and how she found the strength to pick herself back up afterward. With humor and candor, she tells readers what it took to get back on her feet—the rituals, relationships, and reading that got her through, and what the experience has taught her about life. She speaks about the challenges of being a strong woman in the public eye, the criticism over her voice, age, and appearance, and the double standard confronting women in politics.<br /> <br />She lays out how the 2016 election was marked by an unprecedented assault on our democracy by a foreign adversary. By analyzing the evidence and connecting the dots, Hillary shows just how dangerous the forces are that shaped the outcome, and why Americans need to understand them to protect our values and our democracy in the future.<br /> <br />The election of 2016 was unprecedented and historic. <i>What Happened </i>is the story of that campaign and its aftermath—both a deeply intimate account and a cautionary tale for the nation.","2017"
"read","2","21161465","16142191","Until You're Mine (DI Lorraine Fisher #1)","Samantha Hayes","1780891482","3","3.86","","Tue, 28 Aug 2018 11:27:45 -0700","","neutral","https://www.goodreads.com/book/show/16142191","https://www.goodreads.com/review/show/2510646469?utm_medium=api&utm_source=rss","","<b>You're alone. You're vulnerable. And you have something that someone else wants. At any cost...</b><br /> <br />Claudia Morgan-Brown finally has it all. Pregnant with a much-wanted first baby of her own, she has a happily established family of two small step-sons and a loving husband with a great career. But she is also committed to her full-time job as a social worker, and her husband travels often. So when Claudia hires Zoe to help her around the house in anticipation of the baby’s arrival, it seems like the answer to her prayers. But despite Zoe's glowing recommendations and instant rapport with the children, there's something about her that Claudia cannot trust.<br /> <br />Moreover, there has been a series of violent attacks on pregnant women in the area, and Claudia becomes acutely aware of her vulnerability. With her husband out of town for work and her family far away, who will be there to protect her? And why does she feel unsettled about Zoe? Realizing appearances can be deceiving even in her seemingly perfect world, Claudia digs deeper into Zoe’s blurry past and begins to wonder – how far would someone go to have a child of her own?<br /> <br />Riveting from its very first pages, <i>Until You’re Mine</i> is a multilayered masterwork of twisted, psychological suspense. Readers of <i>Before I Go to Sleep</i> and <i>Turn of Mind</i> will be enthralled by this multilayered novel, featuring a twisted plot that ends in a breathtaking and shocking finale.","2014"
"read","2","21161465","22609317","Luckiest Girl Alive","Jessica Knoll","1476789630","3","3.50","","Tue, 28 Aug 2018 11:27:13 -0700","","neutral","https://www.goodreads.com/book/show/22609317","https://www.goodreads.com/review/show/2510645797?utm_medium=api&utm_source=rss","","HER PERFECT LIFE IS A PERFECT LIE.<br /><br />As a teenager at the prestigious Bradley School, Ani FaNelli endured a shocking, public humiliation that left her desperate to reinvent herself. Now, with a glamorous job, expensive wardrobe, and handsome blue blood fiancé, she’s this close to living the perfect life she’s worked so hard to achieve.<br /><br />But Ani has a secret.<br /><br />There’s something else buried in her past that still haunts her, something private and painful that threatens to bubble to the surface and destroy everything.<br /><br />With a singular voice and twists you won’t see coming, Luckiest Girl Alive explores the unbearable pressure that so many women feel to “have it all” and introduces a heroine whose sharp edges and cutthroat ambition have been protecting a scandalous truth, and a heart that's bigger than it first appears.<br /><br />The question remains: will breaking her silence destroy all that she has worked for—or, will it at long last, set Ani free?","2015"
"read","2","21161465","29568993","Kill the Next One","Federico Axat","031635421X","4","3.63","","Tue, 28 Aug 2018 11:26:18 -0700","","enjoyed","https://www.goodreads.com/book/show/29568993","https://www.goodreads.com/review/show/2510644620?utm_medium=api&utm_source=rss","","Ted McKay na prvi pogled ima sve – savršenu obitelj, prelijepu suprugu i dvije kćeri, i odlično plaćen posao. No nakon što mu je dijagnosticiran tumor na mozgu, nađe se s pištoljem u ruci, spreman povući okidač. A zatim zazvoni zvono. Stranac Justin Lynch pojavi se u njegovoj kući s prijedlogom da ubije dvoje ljudi. Prva je meta muškarac koji je prošao nekažnjeno za ubojstvo svoje djevojke, a druga čovjek koji je u završnom stadiju raka i koji, baš poput Teda, želi umrijeti. Ako pristane, Ted će postati dio samoubilačkog lanca i tako poštedjeti svoju obitelj bolne činjenice da si je sam oduzeo život. Uvjeren da nema što izgubiti, Ted odradi zadatak.<br /><br />No je li to doista ono što se dogodilo? Je li ubio dva čovjeka? Koje je značenje noćnih mora koje ga opsjedaju i zašto mu se neki događaji čine kao da ih je već proživio? Da bi došao do istine, Ted prolazi dugačak put na kojem se događaji i likovi, uključujući i njega samog, mijenjaju poput figura na šahovskoj ploči, a neka davno potisnuta sjećanja prodiru na površinu i bacaju novo svjetlo na sve u što je do tada vjerovao.<br /><br />Posljednja šansa napeti je psihološki triler argentinskog književnog otkrića Federica Axata, koji je dosad preveden na tridesetak jezika. Neobična priča prepuna pitanja i tajni, neočekivanih obrata i zagonetki koje nam može postaviti vlastiti um, donijela je Axatu titulu „majstora obmane“, „nasljednika Stephena Kinga“ i „pisca kojeg čitatelj voli, ali mu nikada ne može potpuno vjerovati“ jer ništa nije onako kako nam se čini","2016"
"read","2","21161465","19486412","Big Little Lies","Liane Moriarty","0399167064","4","4.24","","Tue, 28 Aug 2018 11:19:02 -0700","","enjoyed","https://www.goodreads.com/book/show/19486412","https://www.goodreads.com/review/show/2510635697?utm_medium=api&utm_source=rss","","Sometimes it’s the little lies that turn out to be the most lethal...<br /><br />A murder . . . a tragic accident . . . or just parents behaving badly? <br />What’s indisputable is that someone is dead. <br />But who did what?<br /><br />Big Little Lies follows three women, each at a crossroads: <br /><br />Madeline is a force to be reckoned with. She’s funny and biting, passionate, she remembers everything and forgives no one. Her ex-husband and his yogi new wife have moved into her beloved beachside community, and their daughter is in the same kindergarten class as Madeline’s youngest (how is this possible?). And to top it all off, Madeline’s teenage daughter seems to be choosing Madeline’s ex-husband over her. (How. Is. This. Possible?).<br /><br />Celeste is the kind of beautiful woman who makes the world stop and stare. While she may seem a bit flustered at times, who wouldn’t be, with those rambunctious twin boys? Now that the boys are starting school, Celeste and her husband look set to become the king and queen of the school parent body. But royalty often comes at a price, and Celeste is grappling with how much more she is willing to pay. <br /><br />New to town, single mom Jane is so young that another mother mistakes her for the nanny. Jane is sad beyond her years and harbors secret doubts about her son. But why? While Madeline and Celeste soon take Jane under their wing, none of them realizes how the arrival of Jane and her inscrutable little boy will affect them all.<br /><br />Big Little Lies is a brilliant take on ex-husbands and second wives, mothers and daughters, schoolyard scandal, and the dangerous little lies we tell ourselves just to survive.","2014"
"read","2","21161465","5043","The Pillars of the Earth (Kingsbridge, #1)","Ken Follett","045122213X","4","4.35","","Tue, 28 Aug 2018 01:02:46 -0700","","enjoyed","https://www.goodreads.com/book/show/5043","https://www.goodreads.com/review/show/2510089180?utm_medium=api&utm_source=rss","","<b>Ken Follett is known worldwide as the master of split-second suspense, but his most beloved and bestselling book tells the magnificent tale of a twelfth-century monk driven to do the seemingly impossible: build the greatest Gothic cathedral the world has ever known.</b><br /><br />Everything readers expect from Follett is here: intrigue, fast-paced action, and passionate romance. But what makes <i>The Pillars of the Earth</i> extraordinary is the time the twelfth century; the place feudal England; and the subject the building of a glorious cathedral. Follett has re-created the crude, flamboyant England of the Middle Ages in every detail. The vast forests, the walled towns, the castles, and the monasteries become a familiar landscape. <br /><br />Against this richly imagined and intricately interwoven backdrop, filled with the ravages of war and the rhythms of daily life, the master storyteller draws the reader irresistibly into the intertwined lives of his characters into their dreams, their labors, and their loves: Tom, the master builder; Aliena, the ravishingly beautiful noblewoman; Philip, the prior of Kingsbridge; Jack, the artist in stone; and Ellen, the woman of the forest who casts a terrifying curse. From humble stonemason to imperious monarch, each character is brought vividly to life.<br /><br />The building of the cathedral, with the almost eerie artistry of the unschooled stonemasons, is the center of the drama. Around the site of the construction, Follett weaves a story of betrayal, revenge, and love, which begins with the public hanging of an innocent man and ends with the humiliation of a king.<br /><br /><i>For the TV tie-in edition with the same ISBN go to this <a href=""https://www.goodreads.com/book/show/17229203-the-pillars-of-the-earth"" rel=""nofollow noopener"">Alternate Cover Edition</a></i><br />","1989"
"read","2","21161465","18068486","La verdad sobre el caso Harry Quebert","Joël Dicker","8420414069","5","4.25","","Sun, 29 Nov 2020 10:22:02 -0800","","enjoyed","https://www.goodreads.com/book/show/18068486","https://www.goodreads.com/review/show/2510067960?utm_medium=api&utm_source=rss","","Quién mató a Nola Kellergan es la gran incógnita a desvelar en este <i>thriller</i> incomparable cuya experiencia de lectura escapa a cualquier intento de descripción. Intentémoslo: una gran novela policiaca y romántica a tres tiempos —1975, 1998 y 2008— acerca del asesinato de una joven de quince años en la pequeña ciudad de Aurora, en New Hampshire. En 2008, Marcus Goldman, un joven escritor, visita a su mentor —Harry Quebert, autor de una aclamada novela—, y descubre que éste tuvo una relación secreta con Nola Kellergan. Poco después, Harry es arrestado, acusado de asesinato, al encontrarse el cadáver de Nola enterrado en su jardín. Marcus comienza a investigar y a escribir un libro sobre el caso. Mientras intenta demostrar la inocencia de Harry, una trama de secretos sale a la luz. La verdad sólo llega al final de un largo, intrincado y apasionante recorrido.","2012"
"read","2","21161465","19063","The Book Thief","Markus Zusak","","4","4.38","","Tue, 28 Aug 2018 00:13:56 -0700","","enjoyed","https://www.goodreads.com/book/show/19063","https://www.goodreads.com/review/show/2510067377?utm_medium=api&utm_source=rss","","<i>Librarian's note: An alternate cover edition can be found <a href=""https://www.goodreads.com/book/show/41048862.here"" title=""here"" rel=""nofollow noopener"">here</a></i><br /><br />It is 1939. Nazi Germany. The country is holding its breath. Death has never been busier, and will be busier still.<br /><br />By her brother's graveside, Liesel's life is changed when she picks up a single object, partially hidden in the snow. It is The Gravedigger's Handbook, left behind there by accident, and it is her first act of book thievery. So begins a love affair with books and words, as Liesel, with the help of her accordian-playing foster father, learns to read. Soon she is stealing books from Nazi book-burnings, the mayor's wife's library, wherever there are books to be found.<br /><br />But these are dangerous times. When Liesel's foster family hides a Jew in their basement, Liesel's world is both opened up, and closed down.<br /><br />In superbly crafted writing that burns with intensity, award-winning author Markus Zusak has given us one of the most enduring stories of our time.<br /><br />(Note: this title was not published as YA fiction)","2005"
"read","2","21161465","7260188","Mockingjay (The Hunger Games, #3)","Suzanne Collins","0439023513","2","4.12","","Tue, 28 Aug 2018 00:13:47 -0700","","notEnjoyed","https://www.goodreads.com/book/show/7260188","https://www.goodreads.com/review/show/2510067310?utm_medium=api&utm_source=rss","","<b>My name is Katniss Everdeen.<br />Why am I not dead?<br />I should be dead.</b><br /><br />Katniss Everdeen, girl on fire, has survived, even though her home has been destroyed. Gale has escaped. Katniss's family is safe. Peeta has been captured by the Capitol. District 13 really does exist. There are rebels. There are new leaders. A revolution is unfolding.<br /><br />It is by design that Katniss was rescued from the arena in the cruel and haunting Quarter Quell, and it is by design that she has long been part of the revolution without knowing it. District 13 has come out of the shadows and is plotting to overthrow the Capitol. Everyone, it seems, has had a hand in the carefully laid plans—except Katniss.<br /><br />The success of the rebellion hinges on Katniss's willingness to be a pawn, to accept responsibility for countless lives, and to change the course of the future of Panem. To do this, she must put aside her feelings of anger and distrust. She must become the rebels' Mockingjay—no matter what the personal cost.","2010"
"read","2","21161465","17881702","El Señor de las Moscas","William Golding","8420674176","2","3.80","Wed, 20 Jan 2021 00:00:00 +0000","Wed, 09 Jun 2021 13:49:45 -0700","","notEnjoyed","https://www.goodreads.com/book/show/17881702","https://www.goodreads.com/review/show/2510065876?utm_medium=api&utm_source=rss","Like 7 years ago my brother came to me and told me about this book which -in his own words- was amazing, a classic and, according to him, we should all read it. <br /><br />I clearly remember how my mom, my stepdad and I gave it a chance and none of us were really impressed with it. Maybe it was the hype that my brother created, but we were all like... meh. I rated it 3 stars and never thought of it again. <br /><br />Fast forward to my winter class when my teacher tells us that we have to read this for an assignment and I thought: ""well, maybe when I was a teenager I couldn't connect with the book, and now I'll notice something special in it"" <br /><br />I was wrong! I actually lowered my original rating of 3 stars to 2 stars: the plot is nonsensical and repetitive, the characters are unbearable and the dialogue gets all meshed up that the reader can't even know who is talking at some point even though they discuss about the same thing from page 1 'til the very end. <br /><br />It's just tiresome.<br /><br />It's not all terrible: some chapters are a bit interesting especially when hell breaks loose on the island, and the ending is good, but it doesn't make up for the tediousness that precedes it.","Urdida en torno a la situación límite de una treintena de muchachos en una isla desierta, <i>El Señor de las Moscas</i> es una magnífica novela que admite lecturas diferentes e incluso opuestas. En efecto, si algunos pueden ver en esta indagación de William Golding en la condición humana la ilustración de que la agresividad criminal se halla entre los instintos básicos del hombre, otros podrán considerarla como una parábola que cuestiona un tipo de educación represiva que no hace sino incubar explosiones de barbarie prestas a estallar en cuanto los controles sociales se relajan.","1954"
"read","2","21161465","5107","The Catcher in the Rye","J.D. Salinger","0316769177","3","3.81","","Tue, 28 Aug 2018 00:10:09 -0700","","neutral","https://www.goodreads.com/book/show/5107","https://www.goodreads.com/review/show/2510065743?utm_medium=api&utm_source=rss","","<b>It's Christmas time and Holden Caulfield has just been expelled from yet another school...</b><br /><br />Fleeing the crooks at Pencey Prep, he pinballs around New York City seeking solace in fleeting encounters—shooting the bull with strangers in dive hotels, wandering alone round Central Park, getting beaten up by pimps and cut down by erstwhile girlfriends. The city is beautiful and terrible, in all its neon loneliness and seedy glamour, its mingled sense of possibility and emptiness. Holden passes through it like a ghost, thinking always of his kid sister Phoebe, the only person who really understands him, and his determination to escape the phonies and find a life of true meaning.<br /><br /><i>The Catcher in the Rye</i> is an all-time classic in coming-of-age literature- an elegy to teenage alienation, capturing the deeply human need for connection and the bewildering sense of loss as we leave childhood behind.<br /><br /><b>
  <a href=""https://www.goodreads.com/author/show/819789.J_D__Salinger_s"" title=""J.D. Salinger's"" rel=""nofollow noopener"">J.D. Salinger's</a>
</b> (1919–2010) classic novel of teenage angst and rebellion was first published in 1951. The novel was included on <i>Time</i>'s 2005 list of the 100 best English-language novels written since 1923. It was named by Modern Library and its readers as one of the 100 best English-language novels of the 20th century. It has been frequently challenged in the court for its liberal use of profanity and portrayal of sexuality and in the 1950's and 60's it was the novel that every teenage boy wants to read.","1951"
"read","2","21161465","2657","To Kill a Mockingbird","Harper Lee","0060935464","5","4.26","","Tue, 28 Aug 2018 00:09:25 -0700","","enjoyed","https://www.goodreads.com/book/show/2657","https://www.goodreads.com/review/show/2510065196?utm_medium=api&utm_source=rss","","<i>""Shoot all the bluejays you want, if you can hit 'em, but remember it's a sin to kill a mockingbird.""</i><br /><br />A lawyer's advice to his children as he defends the real mockingbird of Harper Lee's classic novel - a black man charged with the rape of a white girl. Through the young eyes of Scout and Jem Finch, Harper Lee explores with exuberant humour the irrationality of adult attitudes to race and class in the Deep South of the 1930s. The conscience of a town steeped in prejudice, violence and hypocrisy is pricked by the stamina of one man's struggle for justice. But the weight of history will only tolerate so much.<br /><br />""To Kill A Mockingbird"" became both an instant bestseller and a critical success when it was first published in 1960. It went on to win the Pulitzer Prize in 1961 and was later made into an Academy Award-winning film.","1960"
"read","2","21161465","20821614","You (You, #1)","Caroline Kepnes","1476785597","3","3.86","","Tue, 28 Aug 2018 00:02:44 -0700","","neutral","https://www.goodreads.com/book/show/20821614","https://www.goodreads.com/review/show/2510062347?utm_medium=api&utm_source=rss","","When a beautiful, aspiring writer strides into the East Village bookstore where Joe Goldberg works, he does what anyone would do: he Googles the name on her credit card.<br /> <br />There is only one Guinevere Beck in New York City. She has a public Facebook account and Tweets incessantly, telling Joe everything he needs to know: she is simply Beck to her friends, she went to Brown University, she lives on Bank Street, and she’ll be at a bar in Brooklyn tonight—the perfect place for a “chance” meeting.<br /> <br />As Joe invisibly and obsessively takes control of Beck’s life, he orchestrates a series of events to ensure Beck finds herself in his waiting arms. Moving from stalker to boyfriend, Joe transforms himself into Beck’s perfect man, all while quietly removing the obstacles that stand in their way—even if it means murder.<br /> <br />A terrifying exploration of how vulnerable we all are to stalking and manipulation.","2014"
"read","2","21161465","40389527","The Woman in the Window","A.J. Finn","","3","3.93","","Sun, 26 Aug 2018 20:06:00 -0700","","neutral","https://www.goodreads.com/book/show/40389527","https://www.goodreads.com/review/show/2508670482?utm_medium=api&utm_source=rss","","Anna Fox lives alone, a recluse in her New York City home, unable to venture outside. She spends her day drinking wine (maybe too much), watching old movies, recalling happier times . . . and spying on her neighbors.<br /><br />Then the Russells move into the house across the way: a father, a mother and their teenage son. The perfect family. But when Anna, gazing out her window one night, sees something she shouldn’t, her world begins to crumble and its shocking secrets are laid bare.<br /><br />What is real? What is imagined? Who is in danger? Who is in control? In this diabolically gripping thriller, no one—and nothing—is what it seems.","2018"
"read","2","21161465","465226","The Redbreast (Harry Hole, #3)","Jo Nesbø","184343217X","5","3.94","","Tue, 28 Aug 2018 00:07:26 -0700","","enjoyed","https://www.goodreads.com/book/show/465226","https://www.goodreads.com/review/show/2481295946?utm_medium=api&utm_source=rss","","<em>The Redbreast </em>is a fabulous introduction to Nesbø’s tough-as-nails series protagonist, Oslo police detective Harry Hole. A brilliant and epic novel, breathtaking in its scope and design—winner of The Glass Key for best Nordic crime novel and selected as the best Norwegian crime novel ever written by members of Norway’s book clubs—<em>The Redbreast</em> is a chilling tale of murder and betrayal that ranges from the battlefields of World War Two to the streets of modern-day Oslo. Follow Hole as he races to stop a killer and disarm a ticking time-bomb from his nation’s shadowy past. <em>Vogue</em> magazine says that “nobody can delve into the dark, twisted mind of a murderer better than a Scandinavian thriller writer”…and nobody does it better than Jo Nesbø! James Patterson fans should also take note.<br />","2000"
"read","2","21161465","30689459","La sostanza del male","Luca D'Andrea","8806221000","4","3.66","","Fri, 03 Aug 2018 17:30:06 -0700","","enjoyed","https://www.goodreads.com/book/show/30689459","https://www.goodreads.com/review/show/2481260413?utm_medium=api&utm_source=rss","","Jeremiah Salinger è un giovane autore televisivo newyorkese che, insieme alla moglie Annelise, si è trasferito per un periodo a Siebenhoch, il piccolo centro del Sud Tirolo dove lei è cresciuta. Con loro c'è la precoce figlia Clara, di cinque anni. Affascinato dalla montagne e dalla gente che vi abita, Salinger comincia a realizzare un factual sul soccorso alpino, ma nel corso delle riprese viene coinvolto in un pauroso incidente. Mentre cerca in ogni modo di dimenticare la sua esperienza traumatica, viene a sapere per caso di un fatto sanguinoso risalente a molti anni prima: il massacro di tre giovani avvenuto durante un'escursione nella gola del Bletterbach. Il delitto non ha un colpevole, e in paese nessuno vuole parlarne: forse perché il solo pensarci potrebbe risuscitarne l'orrore, o forse perché sono in tanti ad avere qualcosa da nascondere. Nonostante l'ostilità crescente che lo circonda, e l'opposizione di Annelise, Salinger si mette a scavare nel passato, penetrando sempre più a fondo nella vicenda. Fino a scoprire l'imprevedibile, terrificante verità.","2016"
"read","2","21161465","32796253","Final Girls","Riley Sager","1101985364","3","3.80","","Sat, 06 Jun 2020 23:28:17 -0700","","neutral","https://www.goodreads.com/book/show/32796253","https://www.goodreads.com/review/show/2449042092?utm_medium=api&utm_source=rss","","Ten years ago, college student Quincy Carpenter went on vacation with five friends and came back alone, the only survivor of a horror movie–scale massacre. In an instant, she became a member of a club no one wants to belong to—a group of similar survivors known in the press as the Final Girls. Lisa, who lost nine sorority sisters to a college dropout's knife; Sam, who went up against the Sack Man during her shift at the Nightlight Inn; and now Quincy, who ran bleeding through the woods to escape Pine Cottage and the man she refers to only as Him. The three girls are all attempting to put their nightmares behind them, and, with that, one another. Despite the media's attempts, they never meet.<br />  <br /> Now, Quincy is doing well—maybe even great, thanks to her Xanax prescription. She has a caring almost-fiancé, Jeff; a popular baking blog; a beautiful apartment; and a therapeutic presence in Coop, the police officer who saved her life all those years ago. Her memory won’t even allow her to recall the events of that night; the past is in the past. <br />  <br /> That is, until Lisa, the first Final Girl, is found dead in her bathtub, wrists slit, and Sam, the second, appears on Quincy's doorstep. Blowing through Quincy's life like a whirlwind, Sam seems intent on making Quincy relive the past, with increasingly dire consequences, all of which makes Quincy question why Sam is really seeking her out. And when new details about Lisa's death come to light, Quincy's life becomes a race against time as she tries to unravel Sam's truths from her lies, evade the police and hungry reporters, and, most crucially, remember what really happened at Pine Cottage, before what was started ten years ago is finished.","2017"
"read","2","21161465","32571395","One of Us Is Lying (One of Us is Lying, #1)","Karen M. McManus","","4","3.99","","Tue, 03 Jul 2018 11:53:30 -0700","","enjoyed","https://www.goodreads.com/book/show/32571395","https://www.goodreads.com/review/show/2444360940?utm_medium=api&utm_source=rss","","<i>This is an alternate cover edition of <a href=""https://www.goodreads.com/book/show/70130346"" rel=""nofollow noopener"">ASIN B01M98J44U</a>.</i><br />---<br /><i>One of Us Is Lying</i> is the story of what happens when five strangers walk into detention and only four walk out alive. Everyone is a suspect, and everyone has something to hide.<br /><br />On Monday afternoon, five students at Bayview High walk into detention.<br /><br />Bronwyn, <b>the brain, </b> is Yale-bound and never breaks a rule.<br />Addy, <b> the beauty, </b> is the picture-perfect homecoming princess.<br />Nate, <b>the criminal</b>, is already on probation for dealing.<br />Cooper, <b>the athlete</b>, is the all-star baseball pitcher.<br />And<b> </b>Simon, <b> the outcast</b>, is the creator of Bayview High's notorious gossip app.<br /><br />Only, Simon never makes it out of that classroom. Before the end of detention, Simon's dead. And according to investigators, his death wasn't an accident. On Monday, he died. But on Tuesday, he'd planned to post juicy reveals about all four of his high-profile classmates, which makes all four of them suspects in his murder. Or are they the perfect patsies for a killer who's still on the loose?<br /><br />Everyone has secrets, right? What really matters is how far you would go to protect them.","2017"
"read","2","21161465","18373214","Cockroaches (Harry Hole, #2)","Jo Nesbø","","3","3.73","","Thu, 28 Jun 2018 17:59:26 -0700","","neutral","https://www.goodreads.com/book/show/18373214","https://www.goodreads.com/review/show/2439215104?utm_medium=api&utm_source=rss","","When the Norwegian ambassador to Thailand is found dead in a Bangkok brothel, Inspector Harry Hole is dispatched from Oslo to help hush up the case. But once he arrives Harry discovers that this case is about much more than one random murder. There is something else, something more pervasive, scrabbling around behind the scenes. Or, put another way, for every cockroach you see in your hotel room, there are hundreds behind the walls. Surrounded by round-the-clock traffic noise, Harry wanders the streets of Bangkok lined with go-go bars, temples, opium dens, and tourist traps, trying to piece together the story of the ambassador’s death even though no one asked him to, and no one wants him to—not even Harry himself.","1998"
"read","2","21161465","168642","In Cold Blood","Truman Capote","0679745580","4","4.08","","Tue, 28 Aug 2018 00:07:23 -0700","","enjoyed","https://www.goodreads.com/book/show/168642","https://www.goodreads.com/review/show/2428227706?utm_medium=api&utm_source=rss","","On November 15, 1959, in the small town of Holcomb, Kansas, four members of the Clutter family were savagely murdered by blasts from a shotgun held a few inches from their faces. There was no apparent motive for the crime, and there were almost no clues. <br /><br />As Truman Capote reconstructs the murder and the investigation that led to the capture, trial, and execution of the killers, he generates both mesmerizing suspense and astonishing empathy. <i>In Cold Blood</i> is a work that transcends its moment, yielding poignant insights into the nature of American violence.","1966"
"read","2","21161465","716094","No Easy Answers: The Truth Behind Death at Columbine","Brooks Brown","1590560310","3","4.00","","Wed, 13 Jun 2018 17:25:56 -0700","","neutral","https://www.goodreads.com/book/show/716094","https://www.goodreads.com/review/show/2423279750?utm_medium=api&utm_source=rss","","On April 20, 1999, Dylan Klebold and Eric Harris, two seniors at Columbine High School in Littleton, Colorado, walked into their school and shot to death twelve students and one teacher, and wounded many others. It was the worst single act of murder at a school in U.S. history. Few people knew Dylan Klebold or Eric Harris better than Brooks Brown. Brown and Klebold were best friends in grade school, and years later, at Columbine, Brown was privy to some of Harris and Klebolds darkest fantasies and most troubling revelations After the shootings, Brown was even accused by the police of having been in on the massacre simply because he had been friends with the killers.<br /><br />Now, for the first time, Brown, with journalist Rob Merritt, gets to tell his full version of the story. He describes the warning signs that were missed or ignored, and the evidence that was kept hidden from the public after the murders. He takes on those who say that rock music or video games caused Klebold and Harris to kill their classmates and explores what it might have been that pushed these two young men, from supposedly stable families, to harbor such violent and apocalyptic dreams.<br /><br />Shocking as well as inspirational and insightful, No Easy Answers is an authentic wake-up call for all the psychologists, authorities, parents, and law enforcement personnel who have attempted to understand the murders at Columbine High School. As the title suggests, the book offers no easy answers, but instead presents the unvarnished facts about growing up as an alienated teenager in America today.<br /><br />Brooks Brown graduated from Columbine High School in 1999; this is his first book. Most recently, Brooks worked and consulted on Michael Moores latest documentary called Bowling for Columbine. He lives in Littleton, Colorado. Rob Merritt graduated from the University of Iowa School of Journalism in 1998 and currently works as a newspaper writer in Marshalltown, Iowa.","2002"
"read","2","21161465","25937671","A Mother's Reckoning: Living in the Aftermath of Tragedy","Sue Klebold","1101902760","5","4.12","","Wed, 13 Jun 2018 17:25:02 -0700","","enjoyed","https://www.goodreads.com/book/show/25937671","https://www.goodreads.com/review/show/2423278940?utm_medium=api&utm_source=rss","","On April 20, 1999, Eric Harris and Dylan Klebold walked into Columbine High School in Littleton, Colorado. Over the course of minutes, they would kill twelve students and a teacher and wound twenty-four others before taking their own lives.<br /><br />For the last sixteen years, Sue Klebold, Dylan’s mother, has lived with the indescribable grief and shame of that day. How could her child, the promising young man she had loved and raised, be responsible for such horror? And how, as his mother, had she not known something was wrong? Were there subtle signs she had missed? What, if anything, could she have done differently?<br /><br />These are questions that Klebold has grappled with every day since the Columbine tragedy. In <i>A Mother’s Reckoning</i>, she chronicles with unflinching honesty her journey as a mother trying to come to terms with the incomprehensible. In the hope that the insights and understanding she has gained may help other families recognize when a child is in distress, she tells her story in full, drawing upon her personal journals, the videos and writings that Dylan left behind, and on countless interviews with mental health experts.<br /><br />Filled with hard-won wisdom and compassion, <i>A Mother’s Reckoning</i> is a powerful and haunting book that sheds light on one of the most pressing issues of our time. And with fresh wounds from the recent Newtown and Charleston shootings, never has the need for understanding been more urgent.<br /><br /><i>All author profits from the book will be donated to research and to charitable organizations focusing on mental health issues.</i>","2016"
"read","2","21161465","5632446","Columbine","Dave Cullen","0446546933","5","4.28","","Wed, 13 Jun 2018 17:22:01 -0700","","enjoyed","https://www.goodreads.com/book/show/5632446","https://www.goodreads.com/review/show/2423276395?utm_medium=api&utm_source=rss","","On April 20, 1999, two boys left an indelible stamp on the American psyche. Their goal was simple: to blow up their school, Oklahoma-City style, and to leave ""a lasting impression on the world."" Their bombs failed, but the ensuing shooting defined a new era of school violence—irrevocably branding every subsequent shooting ""another Columbine.""<br /><br />When we think of Columbine, we think of the Trench Coat Mafia; we think of Cassie Bernall, the girl we thought professed her faith before she was shot; and we think of the boy pulling himself out of a school window—with the whole world watching him. In this riveting piece of journalism nearly ten years in the making comes the story none of us knew. This revelatory book offers a profile of teenage killers that goes to the heart of psychopathology. Dave Cullen, the acclaimed journalist who followed the massacre from day one, lays bare the callous brutality of mastermind Eric Harris and the quavering, suicidal Dylan Klebold, who went to prom three days earlier and obsessed about love in his journal.<br /><br />The result is an astonishing account of two good students with lots of friends, who came to stockpile a basement cache of weapons, to record their raging hatred, and to manipulate every adult who got in their way. They left signs everywhere, described by Cullen with a keen investigative eye and psychological acumen. Drawing on hundreds of interviews, thousands of pages of police files, FBI psychologists, and the boys' tapes and diaries, he gives the first complete account of the Columbine tragedy.<br /><br />In the tradition of Helter Skelter and In Cold Blood, Columbine is destined to be a classic. A close-up portrait of hatred, a community rendered helpless, and the police blunders and cover-ups, it is a compelling and utterly human portrait of two killers—an unforgettable cautionary tale for our times.","2009"
"read","2","21161465","1991039","Flaggermusmannen (Harry Hole, #1)","Jo Nesbø","8203180728","4","3.71","","Fri, 08 Jun 2018 10:54:38 -0700","","enjoyed","https://www.goodreads.com/book/show/1991039","https://www.goodreads.com/review/show/2417522760?utm_medium=api&utm_source=rss","","Politimannen Harry Hole er i Sydney for å bistå australsk politi i etterforskningen av drapet på en ung norsk kvinne. På sin vei gjennom lysskye miljøer treffer han horer og halliker, transer, klovner og pushere. Og noen aboriginer, Australias urinnvånere. Harry Hole har reist så langt vekk fra Norge som det er mulig å komme. Saken er komplisert, og i den blinde nattejakten på morderen har han bare svake ekko å navigere etter. <br />«Flaggermusmannen» er den første boken om Harry Hole, og den ga forfatteren både Rivertonprisen og Glassnøkkelen for årets beste skandinaviske kriminalroman.","1997"
"read","2","21161465","22398231","Lejontämjaren (Patrik Hedström, #9)","Camilla Läckberg","9174332635","4","3.97","","Fri, 25 May 2018 13:48:59 -0700","","enjoyed","https://www.goodreads.com/book/show/22398231","https://www.goodreads.com/review/show/2402757710?utm_medium=api&utm_source=rss","","SEE NO EVIL<br />It’s January in the peaceful seaside resort of Fjällbacka. A semi-naked girl wanders through the woods in freezing cold weather. When she finally reaches the road, a car comes out of nowhere. It doesn’t manage to stop.<br /><br />HEAR NO EVIL<br />The victim, a girl who went missing four months ago, has been subjected to unimaginably brutal treatment – and Detective Patrik Hedström suspects this is just the start.<br /><br />SPEAK NO EVIL<br />The police soon discover that three other girls are missing from nearby towns, but there are no fresh leads. And when Patrik’s wife stumbles across a link to an old murder case, the detective is forced to see his investigation in a whole new light.<br /><br />No. 1 international bestseller and Swedish crime sensation Camilla Lackberg’s new psychological thriller featuring Detective Patrick Hedstrom and Erica Falck – irresistible for fans of Stieg Larsson and Jo Nesbo.","2014"
"read","3","21161465","12236838","Änglamakerskan (Patrik Hedström, #8)","Camilla Läckberg","9137136658","4","3.93","","Fri, 25 May 2018 13:48:28 -0700","","enjoyed","https://www.goodreads.com/book/show/12236838","https://www.goodreads.com/review/show/2402757317?utm_medium=api&utm_source=rss","","Påsken 1974 försvinner en familj spårlöst från ön Valö utanför Fjällbacka. En fin påskmiddag är uppdukad i matsalen, men alla utom den ettåriga dottern Ebba är borta. Har de blivit utsatta för något brott eller försvunnit frivilligt? Gåtan har aldrig fått någon lösning.<br /><br />Många år senare återvänder Ebba till ön och den gamla barnkolonin där hennes pappa med hård hand drev en internatskola. Hon och maken Mårten har förlorat sin treårige son, och i ett försök att övervinna sorgen har de bestämt sig för att rusta upp huset och öppna ett bed and breakfast.<br /><br />Men knappt har de hunnit flytta in förrän de blir utsatta för ett mordbrandsförsök. Och när de börjar bryta upp matsalsgolvet hittar de intorkat blod under plankorna …<br /><br />Med den mycket efterlängtade Änglamakerskan följer Camilla Läckberg upp succén med Fyrvaktaren och de övriga böckerna om polisen Patrik Hedström och författaren Erica Falck.<br />","2011"
"read","3","21161465","28187230","The Woman in Cabin 10 (Lo Blacklock, #1)","Ruth Ware","1501132938","3","3.72","","Fri, 25 May 2018 13:42:40 -0700","","neutral","https://www.goodreads.com/book/show/28187230","https://www.goodreads.com/review/show/2402752711?utm_medium=api&utm_source=rss","","Lo Blacklock, a journalist who writes for a travel magazine, has just been given the assignment of a lifetime: a week on a luxury cruise with only a handful of cabins. The sky is clear, the waters calm, and the veneered, select guests jovial as the exclusive cruise ship, the Aurora, begins her voyage in the picturesque North Sea. At first, Lo's stay is nothing but pleasant: the cabins are plush, the dinner parties are sparkling, and the guests are elegant. But as the week wears on, frigid winds whip the deck, gray skies fall, and Lo witnesses what she can only describe as a dark and terrifying nightmare: a woman being thrown overboard. The problem? All passengers remain accounted for and so, the ship sails on as if nothing has happened, despite Lo's desperate attempts to convey that something (or someone) has gone terribly, terribly wrong.","2016"
"read","3","21161465","830502","It","Stephen  King","0450411435","5","4.27","","Tue, 22 May 2018 16:06:33 -0700","","enjoyed","https://www.goodreads.com/book/show/830502","https://www.goodreads.com/review/show/2399885584?utm_medium=api&utm_source=rss","","Welcome to Derry, Maine ...<br /><br />It’s a small city, a place as hauntingly familiar as your own hometown. Only in Derry the haunting is real ...<br /><br />They were seven teenagers when they first stumbled upon the horror. Now they are grown-up men and women who have gone out into the big world to gain success and happiness. But none of them can withstand the force that has drawn them back to Derry to face the nightmare without an end, and the evil without a name.","1986"
"read","3","21161465","9736930","Before I Go to Sleep","S.J. Watson","0062060554","4","3.90","","Tue, 22 May 2018 16:06:27 -0700","","enjoyed","https://www.goodreads.com/book/show/9736930","https://www.goodreads.com/review/show/2399885525?utm_medium=api&utm_source=rss","","À la suite d'un accident survenu une vingtaine d'années plus tôt, Christine est aujourd'hui affectée d'un cas très rare d'amnésie : chaque matin, elle se réveille en croyant être une jeune femme célibataire ayant la vie devant elle, avant de découvrir qu'elle a en fait 47 ans et qu'elle est mariée depuis vingt ans. Son dernier espoir réside dans son nouveau médecin, Ed Nash. Celui-ci lui a conseillé de tenir un journal intime afin qu'elle puisse se souvenir de ce qui lui arrive au quotidien et ainsi reconstituer peu à peu son existence. Quand elle commence à constater de curieuses incohérences entre son journal, ce que lui dit son entourage et ses rares souvenirs, Christine est loin de se douter dans quel engrenage elle va basculer. Très vite elle va devoir remettre en question ses rares certitudes afin de faire la vérité sur son passé... et sur son présent.","2011"
"read","3","21161465","149267","The Stand","Stephen  King","","3","4.35","","Tue, 22 May 2018 16:06:20 -0700","","neutral","https://www.goodreads.com/book/show/149267","https://www.goodreads.com/review/show/2399885435?utm_medium=api&utm_source=rss","","This is the way the world ends: with a nanosecond of computer error in a Defense Department laboratory and a million casual contacts that form the links in a chain letter of death. <br /><br />And here is the bleak new world of the day after: a world stripped of its institutions and emptied of 99 percent of its people. A world in which a handful of panicky survivors choose sides - or are chosen. A world in which good rides on the frail shoulders of the 108-year-old Mother Abagail - and the worst nightmares of evil are embodied in a man with a lethal smile and unspeakable powers: Randall Flagg, the dark man.","1978"
"read","3","21161465","10614","Misery","Stephen  King","0450417395","4","4.22","","Tue, 22 May 2018 16:05:53 -0700","","enjoyed","https://www.goodreads.com/book/show/10614","https://www.goodreads.com/review/show/2399885094?utm_medium=api&utm_source=rss","","Paul Sheldon. He's a bestselling novelist who has finally met his biggest fan. Her name is Annie Wilkes and she is more than a rabid reader - she is Paul's nurse, tending his shattered body after an automobile accident. But she is also his captor, keeping him prisoner in her isolated house.<br /><br /><br />Librarian's Note: Alternate Cover Editions <a href=""https://www.goodreads.com/book/show/223732674-misery"" rel=""nofollow noopener"">#1</a>, <a href=""https://www.goodreads.com/book/show/44589581-misery"" rel=""nofollow noopener"">#2</a>, <a href=""https://www.goodreads.com/book/show/223732790-misery"" rel=""nofollow noopener"">#3</a>","1987"
"read","3","21161465","6892870","The Girl Who Kicked the Hornet’s Nest (Millennium, #3)","Stieg Larsson","030726999X","4","4.23","","Tue, 22 May 2018 16:05:40 -0700","","enjoyed","https://www.goodreads.com/book/show/6892870","https://www.goodreads.com/review/show/2399884877?utm_medium=api&utm_source=rss","","The stunning third and final novel in Stieg Larsson's internationally best-selling trilogy.<br /><br />Lisbeth Salander - the heart of Larsson's two previous novels - lies in critical condition, a bullet wound to her head, in the intensive care unit of a Swedish city hospital. She's fighting for her life in more ways than one: if and when she recovers, she'll be taken back to Stockholm to stand trial for three murders. With the help of her friend, journalist Mikael Blomkvist, she will not only have to prove her innocence, but also identify and denounce those in authority who have allowed the vulnerable, like herself, to suffer abuse and violence. And, on her own, she will plot revenge - against the man who tried to kill her, and the corrupt government institutions that very nearly destroyed her life.<br /><br />Once upon a time, she was a victim. Now Salander is fighting back.<br /><br />~from the jacket","2007"
"read","3","21161465","5060378","The Girl Who Played with Fire (Millennium #2)","Stieg Larsson","0307269981","4","4.25","","Tue, 22 May 2018 16:05:28 -0700","","enjoyed","https://www.goodreads.com/book/show/5060378","https://www.goodreads.com/review/show/2399884668?utm_medium=api&utm_source=rss","","The Expose<br />Millenium publisher Mikael Blomkvist has made his reputation exposing corrupt establishment figures. So when a young journalist approaches him with an investigation into sex trafficking, Blomkvist cannot resist waging war on the powerful figures who control this lucrative industry.<br /><br />The Murder<br />When a young couple is found dead in their Stockholm apartment, it's a straightforward job for Inspector Bublanski and his team. The killer left the weapon at the scene - and the fingerprints on the gun point in only one direction.<br /><br />The Girl Who Played with Fire<br />Ex-security analyst Lisbeth Salander is wanted for murder. Her history of unpredictable and vengeful behaviour makes her an official danger to society - but no-one can find her. The only way Salander can be reached is by computer. But she can break into almost any network she chooses...","2006"
"read","3","21161465","2429135","The Girl With the Dragon Tattoo (Millennium, #1)","Stieg Larsson","0670069019","5","4.17","","Tue, 22 May 2018 16:05:09 -0700","","enjoyed","https://www.goodreads.com/book/show/2429135","https://www.goodreads.com/review/show/2399884471?utm_medium=api&utm_source=rss","","Harriet Vanger, a scion of one of Sweden’s wealthiest families disappeared over forty years ago. All these years later, her aged uncle continues to seek the truth. He hires Mikael Blomkvist, a crusading journalist recently trapped by a libel conviction, to investigate. He is aided by the pierced and tattooed punk prodigy Lisbeth Salander. Together they tap into a vein of unfathomable iniquity and astonishing corruption.<br /><br />An international publishing sensation, Stieg Larsson’s The Girl with the Dragon Tattoo combines murder mystery, family saga, love story, and financial intrigue into one satisfyingly complex and entertainingly atmospheric novel.","2005"
"read","3","21161465","22557272","The Girl on the Train","Paula Hawkins","1594633665","4","3.97","","Tue, 03 Jan 2017 13:01:30 -0800","","enjoyed","https://www.goodreads.com/book/show/22557272","https://www.goodreads.com/review/show/1864260829?utm_medium=api&utm_source=rss","","Rachel catches the same commuter train every morning. She knows it will wait at the same signal each time, overlooking a row of back gardens. She’s even started to feel like she knows the people who live in one of the houses. “Jess and Jason,” she calls them. Their life—as she sees it—is perfect. If only Rachel could be that happy. And then she sees something shocking. It’s only a minute until the train moves on, but it’s enough. Now everything’s changed. Now Rachel has a chance to become a part of the lives she’s only watched from afar. Now they’ll see; she’s much more than just the girl on the train...<br /><br /><i>An alternative cover edition for this ISBN can be found <a href=""https://www.goodreads.com/book/show/45692416"" rel=""nofollow noopener"">here</a>.</i>","2015"
"read","3","21161465","6919979","Fyrvaktaren (Patrik Hedström, #7)","Camilla Läckberg","9137134094","3","3.85","","Sat, 26 Mar 2016 11:44:11 -0700","","neutral","https://www.goodreads.com/book/show/6919979","https://www.goodreads.com/review/show/1591276314?utm_medium=api&utm_source=rss","","Det är en ljus försommarnatt. En kvinna kastar sig in i sin bil, händerna på ratten är blodiga. Med sin lille son i baksätet flyr hon mot den enda trygga plats hon vet: ön Gråskär utanför Fjällbacka. <br /><br />Ett par dygn senare mördas en man i sin lägenhet. Han var kommunens nyanställde ekonomichef, som efter många år återvänt till sin barndoms Fjällbacka. En skötsam och omtyckt person. Men när polisen i Tanumshede börjar kartlägga hans liv kommer de en rad hemligheter på spåren. <br /><br />Det visar sig att mannen besökte Gråskär innan han dog. I folkmun kallas ön Gastholmen och har alltid omgärdats av mörka rykten. Det sägs att de döda aldrig lämnar den, och att de har något att berätta för de levande.","2009"
"read","3","21161465","25328976","The Drowning (Patrik Hedström, #6)","Camilla Läckberg","1605988561","4","3.99","","Sat, 26 Mar 2016 11:43:45 -0700","","enjoyed","https://www.goodreads.com/book/show/25328976","https://www.goodreads.com/review/show/1591275804?utm_medium=api&utm_source=rss","","Christian Thydell's dream has come true: his debut novel, <i>The Mermaid</i>, is published to rave reviews. So why is he as distant and unhappy as ever? When crime writer Erica Falck, who discovered Christian's talents, learns he has been receiving anonymous threats, she investigates not just the messages but also the author's mysterious past. Meanwhile, one of Christian's closest friends is missing. Erica's husband, Detective Patrik Hedström, has his worst suspicions confirmed as the mind-games aimed at Christian and those around him become a disturbing reality. But, with the victims themselves concealing evidence, the investigation is going nowhere. Is their silence driven by fear or guilt? And what is the secret they would rather die to protect than live to see revealed?","2008"
"read","3","21161465","16171291","The Silent Wife","A.S.A. Harrison","0143123238","3","3.24","","Sat, 26 Mar 2016 11:41:57 -0700","","neutral","https://www.goodreads.com/book/show/16171291","https://www.goodreads.com/review/show/1591274413?utm_medium=api&utm_source=rss","","A chilling psychological thriller portraying the disintegration of a relationship down to the deadliest point when murdering your husband suddenly makes perfect sense. <br /><br />Todd Gilbert and Jodie Brett are in a bad place in their relationship. They've been together for twenty-eight years, and with no children to worry about there has been little to disrupt their affluent Chicago lifestyle. But there has also been little to hold it together, and beneath the surface lie ever-widening cracks. HE is a committed cheater. SHE lives and breathes denial. HE exists in dual worlds. SHE likes to settle scores. HE decides to play for keeps. SHE has nothing left to lose. When it becomes clear that their precarious world could disintegrate at any moment, Jodie knows she stands to lose everything. It's only now she will discover just how much she's truly capable of...","2013"
"read","3","21161465","10868182","The Hidden Child (Patrik Hedström, #5)","Camilla Läckberg","000741949X","4","4.01","Mon, 9 Feb 2015 00:00:00 +0000","Mon, 09 Feb 2015 15:58:52 -0800","","enjoyed","https://www.goodreads.com/book/show/10868182","https://www.goodreads.com/review/show/1196034102?utm_medium=api&utm_source=rss","","Crime writer Erica Falck is shocked to discover a Nazi medal among her late mother’s possessions. Haunted by a childhood of neglect, she resolves to dig deep into her family’s past and finally uncover the reasons why. Her enquiries lead her to the home of a retired history teacher. He was among her mother’s circle of friends during the Second World War but her questions are met with bizarre and evasive answers. Two days later he meets a violent death. <br /><br />Detective Patrik Hedström, Erica’s husband, is on paternity leave but soon becomes embroiled in the murder investigation. Who would kill so ruthlessly to bury secrets so old? Reluctantly Erica must read her mother’s wartime diaries. But within the pages is a painful revelation about Erica’s past. Could what little knowledge she has be enough to endanger her husband and newborn baby? The dark past is coming to light, and no one will escape the truth of how they came to be . . .","2007"
"read","3","21161465","17262187","Mother, Mother","Koren Zailckas","0385347235","4","3.68","Tue, 27 Jan 2015 00:00:00 +0000","Tue, 27 Jan 2015 12:15:35 -0800","","enjoyed","https://www.goodreads.com/book/show/17262187","https://www.goodreads.com/review/show/1182324009?utm_medium=api&utm_source=rss","","Josephine Hurst has her family under control. With two beautiful daughters, a brilliantly intelligent son, a tech-guru of a husband and a historical landmark home, her life is picture perfect. She has everything she wants; all she has to do is keep it that way. But living in this matriarch’s determinedly cheerful, yet subtly controlling domain hasn’t been easy for her family, and when her oldest daughter, Rose, runs off with a mysterious boyfriend, Josephine tightens her grip, gradually turning her flawless home into a darker sort of prison. <br /><br />Resentful of her sister’s newfound freedom, Violet turns to eastern philosophy, hallucinogenic drugs, and extreme fasting, eventually landing herself in the psych ward. Meanwhile, her brother Will shrinks further into a world of self-doubt. Recently diagnosed with Aspergers and epilepsy, he’s separated from the other kids around town and is homeschooled to ensure his safety. Their father, Douglas, finds resolve in the bottom of the bottle—an addict craving his own chance to escape. Josephine struggles to maintain the family’s impeccable façade, but when a violent incident leads to a visit from child protective services, the truth about the Hursts might finally be revealed.","2013"
"read","3","21161465","16071790","Just What Kind of Mother Are You?","Paula Daly","0385680074","4","3.76","Mon, 19 Jan 2015 00:00:00 +0000","Tue, 27 Jan 2015 12:09:26 -0800","","enjoyed","https://www.goodreads.com/book/show/16071790","https://www.goodreads.com/review/show/1182318213?utm_medium=api&utm_source=rss","","A searing and sinister thriller for readers who liked Gone Girl.<br /><br />What if your best friend's child disappears? And it was all your fault.<br /><br />A searing and sinister thriller for readers who liked Gone Girl.What if your best friend's child disappears? And it was all your fault. This is exactly what happens to Lisa Kallisto, overwhelmed working mother of three, one freezing December in the English Lake District. She takes her eye off the ball for just a moment and her whole world descends into the stuff of nightmares. Because, not only is thirteen-year-old Lucinda missing, and not only is it all Lisa's fault, but she's the second teenage girl to disappear within this small tightknit community over two weeks. The first girl turned up stripped bare, dumped on a busy high street, after suffering from a terrifying ordeal. <br /><br />Wracked with guilt over her mistake and after being publicly blamed by Lucinda's family, Lisa sets out to right the wrong. But as she begins peeling away the layers surrounding Lucinda's disappearance, Lisa learns that the small, posh, quiet town she lives in isn't what she thought it was, and her friends may not be who they appear, either.","2013"
"read","3","21161465","62291","A Storm of Swords (A Song of Ice and Fire, #3)","George R.R. Martin","","5","4.55","Tue, 27 Jan 2015 00:00:00 +0000","Tue, 27 Jan 2015 12:04:57 -0800","","enjoyed","https://www.goodreads.com/book/show/62291","https://www.goodreads.com/review/show/1182310550?utm_medium=api&utm_source=rss","","<i>An alternate cover for this ISBN can be found <a href=""https://www.goodreads.com/book/show/13253102"" rel=""nofollow noopener"">here</a></i><br /><br />Here is the third volume in George R.R. Martin's magnificent cycle of novels that includes <i>A Game of Thrones</i> and <i>A Clash of Kings</i>. Together, this series comprises a genuine masterpiece of modern fantasy, destined to stand as one of the great achievements of imaginative fiction.<br /><br />Of the five contenders for power, one is dead, another in disfavor, and still the wars rage as alliances are made and broken. Joffrey sits on the Iron Throne, the uneasy ruler of the Seven Kingdoms. His most bitter rival, Lord Stannis, stands defeated and disgraced, victim of the sorceress who holds him in her thrall. Young Robb still rules the North from the fortress of Riverrun. Meanwhile, making her way across a blood-drenched continent is the exiled queen, Daenerys, mistress of the only three dragons still left in the world. And as opposing forces manoeuver for the final showdown, an army of barbaric wildlings arrives from the outermost limits of civilization, accompanied by a horde of mythical Others—a supernatural army of the living dead whose animated corpses are unstoppable. As the future of the land hangs in the balance, no one will rest until the Seven Kingdoms have exploded in a veritable storm of swords...","2000"
"read","3","21161465","11408650","The Unbecoming of Mara Dyer (Mara Dyer, #1)","Michelle Hodkin","1442421789","4","4.00","","Wed, 12 Jun 2019 16:35:53 -0700","","enjoyed","https://www.goodreads.com/book/show/11408650","https://www.goodreads.com/review/show/1118277423?utm_medium=api&utm_source=rss","","Mara Dyer believes life can’t get any stranger than waking up in a hospital with no memory of how she got there. <br /><br />It can. <br /><br />She believes there must be more to the accident she can’t remember that killed her friends and left her strangely unharmed. <br /><br />There is. <br /><br />She doesn’t believe that after everything she’s been <br />through, she can fall in love. <br /><br />She’s wrong.","2011"
"read","3","21161465","15986068","Terminal (Tunnels, #6)","Roderick Gordon","1908435437","2","3.89","","Sun, 05 Oct 2014 19:03:18 -0700","","notEnjoyed","https://www.goodreads.com/book/show/15986068","https://www.goodreads.com/review/show/1072984546?utm_medium=api&utm_source=rss","","The end to end all ends: The epic finale to the NEW YORK TIMES bestselling TUNNELS series!<br /><br />Total Termination of the English: The Styx and their lethal cohorts of Armagi will settle for nothing less. Not even the mighty US military is strong enough to stop the assault!<br /><br />Will and Elliott flee back underground, down to the innards of the Earth first mapped in DEEPER and FREEFALL. With the support of a small team that survived the plague of New Germania, they discover a secret at the site of the three core pyramids. A secret that may explain not only where the Styx came from, but the human race, too. Can Elliott, with her mixed blood, unlock the clues before Earth itself spins out of orbit?<br /><br />All the many threads of the prior TUNNELS books come together in this epic conclusion!","2013"
"read","3","21161465","10572","A Clash of Kings  (A Song of Ice and Fire, #2)","George R.R. Martin","","5","4.42","","Thu, 18 Sep 2014 18:29:03 -0700","","enjoyed","https://www.goodreads.com/book/show/10572","https://www.goodreads.com/review/show/1058637775?utm_medium=api&utm_source=rss","","A comet the color of blood and flame cuts across the sky. Two great leaders—Lord Eddard Stark and Robert Baratheon—who hold sway over an age of enforced peace are dead, victims of royal treachery. Now, from the ancient citadel of Dragonstone to the forbidding shores of Winterfell, chaos reigns. Six factions struggle for control of a divided land and the Iron Throne of the Seven Kingdoms, preparing to stake their claims through tempest, turmoil, and war. <br /><br />It is a tale in which brother plots against brother and the dead rise to walk in the night. Here a princess masquerades as an orphan boy; a knight of the mind prepares a poison for a treacherous sorceress; and wild men descend from the Mountains of the Moon to ravage the countryside. Against a backdrop of incest and fratricide, alchemy and murder, victory may go to the men and women possessed of the coldest steel...and the coldest hearts. For when kings clash, the whole land trembles.<br /><br />Here is the second volume in George R.R. Martin magnificent cycle of novels that includes <i>A Game of Thrones</i> and <i>A Storm of Swords</i>. As a whole, this series comprises a genuine masterpiece of modern fantasy, bringing together the best the genre has to offer. Magic, mystery, intrigue, romance, and adventure fill these pages and transport us to a world unlike any we have ever experienced. Already hailed as a classic, George R.R. Martin stunning series is destined to stand as one of the great achievements of imaginative fiction.","1998"
"read","3","21161465","18632855","Endless (Shadowlands, #3)","Kate Brian","1423164857","3","3.84","Sun, 24 Aug 2014 00:00:00 +0000","Sun, 24 Aug 2014 20:35:07 -0700","","neutral","https://www.goodreads.com/book/show/18632855","https://www.goodreads.com/review/show/1032389661?utm_medium=api&utm_source=rss","","An unthinkable betrayal threatens everyone Rory loves in the third installment of our dark, thrilling Shadowlands series from New York Times best-selling author Kate Brian.<br /><br />Rory Miller didn't just fall in love with Tristan Parrish. She fell in love with the idea of forever. He was the one who told her the truth about her existence in Juniper Landing: that her mortal life is over, and she will now spend eternity on the island, helping others in limbo move on.<br /><br />But like Juniper Landing, a bright island with dark secrets, Tristan is too good to be true. The mysterious, heartbreakingly beautiful boy Rory thought she knew is responsible for unthinkable evil-sending good souls to the Shadowlands in order to get himself a second chance at life on Earth. He has already claimed Rory's friend Aaron and her own father, but when SPOILER Tristan sends her sister, Darcy, to the Shadowlands, too, Rory decides to take matters into her own hands. She will do anything to save her family, even if it means going to hell and back.","2014"
"read","3","21161465","6746018","The Distant Hours","Kate Morton","1439152780","4","3.88","Tue, 19 Aug 2014 00:00:00 +0000","Tue, 19 Aug 2014 15:53:48 -0700","","enjoyed","https://www.goodreads.com/book/show/6746018","https://www.goodreads.com/review/show/1023308897?utm_medium=api&utm_source=rss","","A long lost letter arrives in the post and Edie Burchill finds herself on a journey to Milderhurst Castle, a great but moldering old house, where the Blythe spinsters live and where her mother was billeted 50 years before as a 13 year old child during WWII. The elder Blythe sisters are twins and have spent most of their lives looking after the third and youngest sister, Juniper, who hasn’t been the same since her fiance jilted her in 1941. <br /> <br />Inside the decaying castle, Edie begins to unravel her mother’s past. But there are other secrets hidden in the stones of Milderhurst, and Edie is about to learn more than she expected. The truth of what happened in ‘the distant hours’ of the past has been waiting a long time for someone to find it. <br /><br />Morton once again enthralls readers with an atmospheric story featuring unforgettable characters beset by love and circumstance and haunted by memory, that reminds us of the rich power of storytelling.","2010"
"read","3","21161465","2125922","The Mousetrap: A Play","Agatha Christie","0573619239","3","3.99","Sat, 5 Jul 2014 00:00:00 +0000","Sat, 05 Jul 2014 12:06:19 -0700","","neutral","https://www.goodreads.com/book/show/2125922","https://www.goodreads.com/review/show/986945631?utm_medium=api&utm_source=rss","","The scene is set when a group of people gathered in a country house cut off by the snow discover, to their horror, that there is a murderer in their midst. Who can it be? One by one the suspicious characters reveal their sordid pasts until at the last, nerve-shredding moment the identity and the motive are finally revealed.<br /><br />The Mousetrap is the longest-running play in the history of London's West End","1952"
"read","3","21161465","131123","The Austere Academy (A Series of Unfortunate Events, #5)","Lemony Snicket","0064408639","4","4.02","Sat, 29 Nov 2014 00:00:00 +0000","Sat, 29 Nov 2014 09:39:57 -0800","","enjoyed","https://www.goodreads.com/book/show/131123","https://www.goodreads.com/review/show/981354876?utm_medium=api&utm_source=rss","","Dear Reader, <br /><br />If you are looking for a story about cheerful youngsters spending a jolly time at boarding school, look elsewhere. Violet, Klaus, and Sunny Baudelaire are intelligent and resourceful children, and you might expect that they would do very well at school. Don't. For the Baudelaires, school turns out to be another miserable episode in their unlucky lives. <br /><br />Truth be told, within the chapters that make up this dreadful story, the children will face snapping crabs, strict punishments, dripping fungus, comprehensive exams, violin recitals, S.O.R.E., and the metric system. <br /><br />It is my solemn duty to stay up all night researching and writing the history of these three hapless youngsters, but you may be more comfortable getting a good night's sleep. In that case, you should probably choose some other book. <br /><br />With all due respect,<br />Lemony Snicket","2000"
"read","3","21161465","13496","A Game of Thrones (A Song of Ice and Fire, #1)","George R.R. Martin","","5","4.45","Tue, 15 Jul 2014 00:00:00 +0000","Tue, 15 Jul 2014 09:22:42 -0700","","enjoyed","https://www.goodreads.com/book/show/13496","https://www.goodreads.com/review/show/981336897?utm_medium=api&utm_source=rss","","Long ago, in a time forgotten, a preternatural event threw the seasons out of balance. In a land where summers can last decades and winters a lifetime, trouble is brewing. The cold is returning, and in the frozen wastes to the north of Winterfell, sinister forces are massing beyond the kingdom’s protective Wall. To the south, the king’s powers are failing—his most trusted adviser dead under mysterious circumstances and his enemies emerging from the shadows of the throne. At the center of the conflict lie the Starks of Winterfell, a family as harsh and unyielding as the frozen land they were born to. Now Lord Eddard Stark is reluctantly summoned to serve as the king’s new Hand, an appointment that threatens to sunder not only his family but the kingdom itself.<br /><br />Sweeping from a harsh land of cold to a summertime kingdom of epicurean plenty, <i>A Game of Thrones</i> tells a tale of lords and ladies, soldiers and sorcerers, assassins and bastards, who come together in a time of grim omens. Here an enigmatic band of warriors bear swords of no human metal; a tribe of fierce wildlings carry men off into madness; a cruel young dragon prince barters his sister to win back his throne; a child is lost in the twilight between life and death; and a determined woman undertakes a treacherous journey to protect all she holds dear. Amid plots and counter-plots, tragedy and betrayal, victory and terror, allies and enemies, the fate of the Starks hangs perilously in the balance, as each side endeavors to win that deadliest of conflicts: the game of thrones.","1996"
"read","3","21161465","65119","The Miserable Mill (A Series of Unfortunate Events, #4)","Lemony Snicket","0439272637","4","3.87","Sun, 29 Jun 2014 00:00:00 +0000","Sun, 29 Jun 2014 13:47:24 -0700","","enjoyed","https://www.goodreads.com/book/show/65119","https://www.goodreads.com/review/show/979471079?utm_medium=api&utm_source=rss","","Dear Reader,<br /><br />I hope, for your sake, that you have not chosen to read this book because you are in the mood for a pleasant experience. If this is the case, I advise you to put this book down instantaneously, because of all the books describing the unhappy lives of the Baudelaire orphans, The Miserable Mill might be the unhappiest yet. Violet, Klaus, and Sunny Baudelaire are sent to Paltryville to work in a lumber mill, and they find disaster and misfortune lurking behind every log.<br /><br />The pages of this book, I'm sorry to inform you, contain such unpleasantries as a giant pincher machine, a bad casserole, a man with a cloud of smoke where his head should be, a hypnotist, a terrible accident resulting in injury, and coupons.<br /><br />I have promised to write down the entire history of these three poor children, but you haven't, so if you prefer stories that are more heartwarming, please feel free to make another selection.<br /><br />With all due respect,<br /><br />Lemony Snicket","2000"
"read","3","21161465","13508607","The Secret Keeper","Kate Morton","1439152802","4","4.14","Fri, 27 Jun 2014 00:00:00 +0000","Fri, 27 Jun 2014 15:02:17 -0700","","enjoyed","https://www.goodreads.com/book/show/13508607","https://www.goodreads.com/review/show/967086969?utm_medium=api&utm_source=rss","","During a picnic at her family’s farm in the English countryside, sixteen-year-old Laurel Nicolson witnesses a shocking crime, a crime that challenges everything she knows about her adored mother, Dorothy. Now, fifty years later, Laurel and her sisters are meeting at the farm to celebrate Dorothy’s ninetieth birthday. Realizing that this is her last chance to discover the truth about that long-ago day, Laurel searches for answers that can only be found in Dorothy’s past. Clue by clue, she traces a secret history of three strangers from vastly different worlds thrown together in war-torn London—Dorothy, Vivien, and Jimmy—whose lives are forever after entwined. A gripping story of deception and passion, The Secret Keeper will keep you enthralled to the last page.","2012"
"read","3","21161465","16328","The Murder of Roger Ackroyd (Hercule Poirot, #4)","Agatha Christie","1579126278","3","4.26","Thu, 3 Jul 2014 00:00:00 +0000","Thu, 03 Jul 2014 16:34:38 -0700","","neutral","https://www.goodreads.com/book/show/16328","https://www.goodreads.com/review/show/965602802?utm_medium=api&utm_source=rss","","Considered to be one of Agatha Christie's greatest and also, most controversial mysteries. 'The Murder Of Roger Ackroyd' breaks the rules of traditional mystery. <br /><br />The peaceful English village of King’s Abbot is stunned. The widow Ferrars dies from an overdose of Veronal. Not twenty-four hours later, Roger Ackroyd—the man she had planned to marry—is murdered. It is a baffling case involving blackmail and death that taxes Hercule Poirot’s “little grey cells” before he reaches one of the most startling conclusions of his career.<br /><br />Librarian's note: the first fifteen novels in the Hercule Poirot series are 1) The Mysterious Affair at Styles, 1920; 2) The Murder on the Links, 1923; 3) The Murder of Roger Ackroyd, 1926; 4) The Big Four, 1927; 5) The Mystery of the Blue Train, 1928; 6) Peril at End House, 1932; 7) Lord Edgware Dies, 1933; 8) Murder on the Orient Express, 1934; 9) Three Act Tragedy, 1935; 10) Death in the Clouds, 1935; 11) The A.B.C. Murders, 1936; 12) Murder in Mesopotamia, 1936; 13) Cards on the Table, 1936; 14) Dumb Witness, 1937; and 15) Death on the Nile, 1937. These are just the novels; Poirot also appears in this period in a play, Black Coffee, 1930, and two collections of short stories, Poirot Investigates, 1924, and Murder in the Mews, 1937. Each novel, play and short story has its own entry on Goodreads.","1926"
"read","3","21161465","18599776","Toxic (Pretty Little Liars, #15)","Sara Shepard","0062287036","3","3.78","Thu, 12 Jun 2014 00:00:00 +0000","Thu, 12 Jun 2014 14:19:10 -0700","","neutral","https://www.goodreads.com/book/show/18599776","https://www.goodreads.com/review/show/960728283?utm_medium=api&utm_source=rss","","One A has been captured…but the most dangerous A of all is still out there in the penultimate installment in Sara Shepard's #1 <i>New York Times</i> bestselling <i>Pretty Little Liars</i> series.<br /><br />High school seniors Aria, Emily, Spencer, and Hanna barely survived their most recent encounter with A. And it's not over yet…. The police don't believe there's another, deadlier, A out there, but the girls know what-and who-they saw. If they don't track down this final tormentor soon, A will silence them forever.<br /><br />Sara Shepard's fan base continues to grow as ABC Family's hit <i>Pretty Little Liars</i> TV show draws in new readers to the #1 New York Times bestselling series. Full of unexpected twists and shocking revelations, the second-to-last novel ramps up the stakes for the jaw-dropping series conclusion in <i>Pretty Little Liars #16</i>.","2014"
"read","3","21161465","18505794","The Heiresses","Sara Shepard","0062259539","3","3.49","Sat, 7 Jun 2014 00:00:00 +0000","Sat, 07 Jun 2014 15:05:47 -0700","","neutral","https://www.goodreads.com/book/show/18505794","https://www.goodreads.com/review/show/953792836?utm_medium=api&utm_source=rss","","You know the Saybrooks. Everyone does. Perhaps you’ve read a profile of them in People or have seen their pictures in the society pages of Vogue. Perhaps while walking along that choice block on Fifth Avenue, you’ve been tempted to enter the ornate limestone building with their family name etched into the pediment above the door.<br /><br />The only thing more flawless than a Saybrook’s diamond solitaire is the family behind the jewelry empire. Beauties, entrepreneurs, debutantes, and style mavens, they are the epitome of New York City’s high society. But being a Saybrook comes at a price—they are heirs not only to a dizzying fortune but also to a decades-old family curse.<br /><br />Tragedy strikes the prominent family yet again when thirty-four-year-old Poppy, the most exquisite Saybrook of them all, flings herself from the window of her TriBeCa office. Everyone is shocked that a woman who had it all would end her own life. Then her cousins receive an ominous threat: one heiress down, four to go.<br /><br />Was it suicide... or murder? In the aftermath of the tragedy, the remaining heiresses—Corinne, the perfectionist; Rowan, the workaholic; Aster, the hedonist; and Natasha, the enigma—wrestle with feelings of sadness, guilt, and, most of all, fear. Now they must uncover the truth about their family before they lose the only thing money can’t buy: their lives.<br /><br /><i>The Heiresses</i> is a whip-smart mystery that simmers with the wicked sense of humor and intrigue that made Sara Shepard’s number one <i>New York Times</i> bestselling <i>Pretty Little Liars</i> series a must-read, must-watch phenomenon.","2014"
"read","3","21161465","438492","The Wide Window (A Series of Unfortunate Events, #3)","Lemony Snicket","0064407683","3","3.96","Sat, 31 May 2014 00:00:00 +0000","Sun, 29 Jun 2014 13:49:35 -0700","","neutral","https://www.goodreads.com/book/show/438492","https://www.goodreads.com/review/show/950120035?utm_medium=api&utm_source=rss","","Dear Reader,<br /><br />If you have not read anything about the Baudelaire orphans, then before you read even one more sentence, you should know this: Violet, Klaus, and Sunny are kindhearted and quick-witted; but their lives, I am sorry to say, are filled with bad luck and misery. All of the stories about these three children are unhappy and wretched, and this one may be the worst of them all. If you haven't got the stomach for a story that includes a hurricane, a signalling device, hungry leeches, cold cucumber soup, a horrible villain, and a doll named Pretty Penny, then this book will probably fill you with despair. I will continue to record these tragic tales, for that is what I do. You, however, should decide for yourself whether you can possibly endure this miserable story.<br /><br />With all due respect,<br /><br />Lemony Snicket","2000"
"read","3","21161465","15818362","Into the Darkest Corner","Elizabeth Haynes","0062197266","4","4.05","Mon, 26 May 2014 00:00:00 +0000","Wed, 12 Jun 2019 16:35:50 -0700","","enjoyed","https://www.goodreads.com/book/show/15818362","https://www.goodreads.com/review/show/942280611?utm_medium=api&utm_source=rss","","When young, pretty Catherine Bailey meets Lee Brightman, she can't believe her luck. Gorgeous, charismatic, and a bit mysterious, Lee seems almost too perfect to be true.<br /><br />But what begins as flattering attention and spontaneous, passionate sex transforms into raging jealousy, and Catherine soon discovers that Lee's dazzling blue eyes and blond good looks hide a dark, violent nature. Disturbed by his increasingly erratic, controlling behavior, she tries to break it off; turning to her friends for support, she's stunned to find they don't believe her. Increasingly isolated and driven into the darkest corner of her world, a desperate Catherine plans a meticulous escape.<br /><br />Four years later, Lee is behind bars and Catherine—now Cathy—is trying to build a new life in a new city. Though her body has healed, the trauma of the past still haunts her. Then Stuart Richardson, her attractive new neighbor, moves in. Encouraging her to confront her fears, he sparks unexpected hope and the possibility of love and a normal life.<br /><br />Until the day the phone rings . . .","2007"
"read","3","21161465","17571907","Bellman & Black","Diane Setterfield","147671195X","2","3.14","Sun, 18 May 2014 00:00:00 +0000","Tue, 30 Oct 2018 22:34:49 -0700","","notEnjoyed","https://www.goodreads.com/book/show/17571907","https://www.goodreads.com/review/show/934089986?utm_medium=api&utm_source=rss","","Caught up in a moment of boyhood competition, William Bellman recklessly aims his slingshot at a rook resting on a branch, killing the bird instantly. It is a small but cruel act, and is soon forgotten. By the time he is grown, with a wife and children of his own, William seems to have put the whole incident behind him. It was as if he never killed the thing at all. But rooks don’t forget…<br /><br />Years later, when a stranger mysteriously enters William’s life, his fortunes begin to turn—and the terrible and unforeseen consequences of his past indiscretion take root. In a desperate bid to save the only precious thing he has left, he enters into a rather strange bargain, with an even stranger partner. Together, they found a decidedly macabre business.<br /><br />And Bellman &amp; Black is born.","2013"
"read","3","21161465","1606783","Olycksfågeln (Patrik Hedström, #4)","Camilla Läckberg","9137129120","4","3.84","Fri, 9 May 2014 00:00:00 +0000","Fri, 09 May 2014 15:11:33 -0700","","enjoyed","https://www.goodreads.com/book/show/1606783","https://www.goodreads.com/review/show/932644927?utm_medium=api&utm_source=rss","","Patrik Hedström och hans kollegor på Tanumshede polisstation har haft en lugn vinter. Men när våren kommer börjar det hända saker. Den nyanställda polisen Hanna Kruse anländer, den omdiskuterade dokusåpan Fucking Tanum drar in i samhället och än en gång drabbas Fjällbacka av ond bråd död. <br /> Det som först ser ut som en vanlig bilolycka visar sig vara ett mord. Sedan Patrik upptäckt kopplingar till liknande fall runt om i Sverige inser han att gärningsmannen troligen har fler liv på sitt samvete. Kort därefter hittas en av dokusåpadeltagarna död i en soptunna. Har detta brutala mord något samband med seriemördaren som polisen jagar? <br /> Olycksfågeln är en spännande, engagerande och brännande aktuell kriminalroman där Patrik ställs inför sitt livs största utmaning. Han måste arbeta med två olika mordutredningar parallellt, samtidigt som hans och Ericas bröllop närmar sig med stormsteg.","2006"
"read","3","21161465","11387515","Wonder (Wonder, #1)","R.J. Palacio","0375869026","5","4.33","Wed, 23 Apr 2014 00:00:00 +0000","Wed, 23 Apr 2014 10:27:44 -0700","","enjoyed","https://www.goodreads.com/book/show/11387515","https://www.goodreads.com/review/show/915143223?utm_medium=api&utm_source=rss","","<i>I won’t describe what I look like. Whatever you’re thinking, it’s probably worse. </i><br /><br />August Pullman was born with a facial difference that, up until now, has prevented him from going to a mainstream school. Starting 5th grade at Beecher Prep, he wants nothing more than to be treated as an ordinary kid—but his new classmates can’t get past Auggie’s extraordinary face. <i>Wonder</i>, begins from Auggie’s point of view, but soon switches to include his classmates, his sister, her boyfriend, and others.","2012"
"read","3","21161465","15851928","Deadly (Pretty Little Liars, #14)","Sara Shepard","0062199765","4","4.05","Sun, 13 Apr 2014 00:00:00 +0000","Wed, 12 Jun 2019 16:34:50 -0700","","enjoyed","https://www.goodreads.com/book/show/15851928","https://www.goodreads.com/review/show/908748321?utm_medium=api&utm_source=rss","","#1 New York Times bestselling series<br /><br />The fourteenth book in the #1 New York Times bestselling series that inspired the hit ABC Family TV show Pretty Little Liars.<br /><br />High school seniors Aria, Emily, Hanna, and Spencer have all done horrible things—things that would put them behind bars if anyone ever found out. And their stalker ""A"" knows everything. So far A has kept their secrets, using them to torture the girls. But now A's changed the game. Suddenly the girls are hauled in for questioning, and all their worlds begin to unravel. If A's plan succeeds, Rosewood's pretty little liars will be locked away for good. . . .<br /><br />Full of unexpected twists and shocking revelations, Deadly is the fourteenth book in New York Times bestselling author Sara Shepard’s compelling Pretty Little Liars series. <br /><br /> ","2013"
"read","3","21161465","16065550","Crushed (Pretty Little Liars, #13)","Sara Shepard","0062199730","3","3.93","Sat, 12 Apr 2014 00:00:00 +0000","Sat, 12 Apr 2014 13:01:07 -0700","","neutral","https://www.goodreads.com/book/show/16065550","https://www.goodreads.com/review/show/905792995?utm_medium=api&utm_source=rss","","It's springtime in suburban Rosewood, which means iced soy lattes, fresh manicures in shimmering pastels - and prom. But while everyone else is flipping through the racks at Saks in search of the perfect prom dress, Hanna, Spencer, Emily, and Aria are on a different kind of hunt: They're looking for A. . . .<br /><br />Hanna puts her campaign for prom queen on the back burner to volunteer at a burn clinic, where one of A's victims is recovering. Emily digs into Ali's past at the mental hospital with some very crazy consequences. Spencer contacts a private eye to help her stalk her stalker. But when their sessions get a little <i>too</i> private, they may forget to keep their eyes on A. . . . And Aria's worried that A is even closer than she thought. When her dark secret from Iceland finally comes to light, she discovers that maybe, just maybe, the one person she's been trying to hide the truth from has known all along.<br /><br />The liars are finally taking the fight to A. But no matter what they do, A's always one step ahead, ready to crush the girls completely.","2013"
"read","3","21161465","9893358","Burned (Pretty Little Liars, #12)","Sara Shepard","0062081926","3","3.84","Sun, 6 Apr 2014 00:00:00 +0000","Sun, 06 Apr 2014 10:48:09 -0700","","neutral","https://www.goodreads.com/book/show/9893358","https://www.goodreads.com/review/show/886222267?utm_medium=api&utm_source=rss","","It's spring break, and the pretty little liars are trading in Rosewood for a cruise vacation. They want nothing more than to sail into the tropical sunset and leave their troubles behind for one blissful week. But where Emily, Aria, Spencer, and Hanna go, A goes, too. From scuba diving to tanning on the upper deck, A is there, soaking up all their new secrets.<br /><br />Emily is smooching a stowaway. Aria's treasure-hunting partner is a little too interested in her booty. Spencer's going overboard trying to land a new boy. And a blast--or rather, a crash--from Hanna's past could mean rough waters ahead for everyone.<br /><br />The liars better tighten their life jackets. A perfect storm is brewing, and if they aren't careful, A will bury them at sea. . . .","2012"
"read","3","21161465","10798418","Why We Broke Up","Daniel Handler","0316127256","2","3.49","Tue, 11 Mar 2014 00:00:00 +0000","Tue, 28 Aug 2018 00:05:14 -0700","","notEnjoyed","https://www.goodreads.com/book/show/10798418","https://www.goodreads.com/review/show/878175108?utm_medium=api&utm_source=rss","","I'm telling you why we broke up, Ed. I'm writing it in this letter, the whole truth of why it happened.<br /><br />Min Green and Ed Slaterton are breaking up, so Min is writing Ed a letter and giving him a box. Inside the box is why they broke up. Two bottle caps, a movie ticket, a folded note, a box of matches, a protractor, books, a toy truck, a pair of ugly earrings, a comb from a motel room, and every other item collected over the course of a giddy, intimate, heartbreaking relationship. Item after item is illustrated and accounted for, and then the box, like a girlfriend, will be dumped.","2011"
"read","3","21161465","18090150","Ripper","Isabel Allende","0062291408","3","3.30","Tue, 25 Mar 2014 00:00:00 +0000","Tue, 25 Mar 2014 20:38:01 -0700","","neutral","https://www.goodreads.com/book/show/18090150","https://www.goodreads.com/review/show/874268669?utm_medium=api&utm_source=rss","","<b>Isabel Allende-the New York Times bestselling author whose books, including Maya's Notebook, Island Beneath the Sea, and Zorro, have sold more than 57 million copies around the world-demonstrates her remarkable literary versatility with this atmospheric, fast-paced mystery involving a brilliant teenage sleuth who must unmask a serial killer in San Francisco</b><br /><br />The Jackson women, Indiana and Amanda, have always had each other. Yet, while their bond is strong, mother and daughter are as different as night and day. Indiana, a beautiful holistic healer, is a free-spirited bohemian. Long divorced from Amanda's father, she's reluctant to settle down with either of the men who want her-Alan, the wealthy scion of one of San Francisco's elite families, and Ryan, an enigmatic, scarred former Navy SEAL.<br /><br />While her mom looks for the good in people, Amanda is fascinated by the dark side of human nature, like her father, the SFPD's Deputy Chief of Homicide. Brilliant and introverted, the MIT-bound high school senior is a natural-born sleuth addicted to crime novels and Ripper, the online mystery game she plays with her beloved grandfather and friends around the world.<br /><br />When a string of strange murders occurs across the city, Amanda plunges into her own investigation, discovering, before the police do, that the deaths may be connected. But the case becomes all too personal when Indiana suddenly vanishes. Could her mother's disappearance be linked to the serial killer? Now, with her mother's life on the line, the young detective must solve the most complex mystery she's ever faced before it's too late.","2013"
"read","3","21161465","1457790","Stenhuggaren (Patrik Hedström, #3)","Camilla Läckberg","9137126385","4","3.90","Thu, 6 Mar 2014 00:00:00 +0000","Thu, 06 Mar 2014 19:53:19 -0800","","enjoyed","https://www.goodreads.com/book/show/1457790","https://www.goodreads.com/review/show/870177474?utm_medium=api&utm_source=rss","","När en av Fjällbackas hummerfiskare hittar en liten flicka drunknad, tror man först att hon dött av en olyckshändelse. Men obduktionen visar att hon har sötvatten med tvålrester i lungorna. Någon har alltså dränkt flickan inomhus, klätt på henne och kastat henne i havet. Men vem kan ha velat 7-åriga Sara så illa? Och varför?<br /><br />Patrik Hedström, vars sambo Erica nyss fött deras första barn, blir tillsammans med sina kolleger på Tanumshede polisstation återigen indragen i en komplicerad mordutredning. Bakom Fjällbackas idylliska fasad döljer sig en annan verklighet – med grannfejder, familjekonflikter och barnporrhärvor.<br /><br />Camilla Läckbergs tredje kriminalroman om Patrik Hedström och Erica Falck är lika oupphörligt spännande som Isprinsessan och Predikanten. Händelser i 1920-talets Fjällbacka vävs samman med nuet och det visar sig att gåtans lösning ligger i det förflutna.","2005"
"read","3","21161465","4667024","The Help","Kathryn Stockett","0399155341","4","4.47","Wed, 26 Feb 2014 00:00:00 +0000","Wed, 12 Jun 2019 16:36:20 -0700","","enjoyed","https://www.goodreads.com/book/show/4667024","https://www.goodreads.com/review/show/857110323?utm_medium=api&utm_source=rss","","Three ordinary women are about to take one extraordinary step.<br /><br />Twenty-two-year-old Skeeter has just returned home after graduating from Ole Miss. She may have a degree, but it is 1962, Mississippi, and her mother will not be happy till Skeeter has a ring on her finger. Skeeter would normally find solace with her beloved maid Constantine, the woman who raised her, but Constantine has disappeared and no one will tell Skeeter where she has gone.<br /><br />Aibileen is a black maid, a wise, regal woman raising her seventeenth white child. Something has shifted inside her after the loss of her own son, who died while his bosses looked the other way. She is devoted to the little girl she looks after, though she knows both their hearts may be broken.<br /><br />Minny, Aibileen's best friend, is short, fat, and perhaps the sassiest woman in Mississippi. She can cook like nobody's business, but she can't mind her tongue, so she's lost yet another job. Minny finally finds a position working for someone too new to town to know her reputation. But her new boss has secrets of her own.<br /><br />Seemingly as different from one another as can be, these women will nonetheless come together for a clandestine project that will put them all at risk. And why? Because they are suffocating within the lines that define their town and their times. And sometimes lines are made to be crossed.<br /><br />In pitch-perfect voices, Kathryn Stockett creates three extraordinary women whose determination to start a movement of their own forever changes a town, and the way women, mothers, daughters, caregivers, friends, view one another. A deeply moving novel filled with poignancy, humor, and hope, The Help is a timeless and universal story about the lines we abide by, and the ones we don't. <br /><br /><br /><i>Librarian's note: An alternate cover edition can be found <a href=""https://www.goodreads.com/book/show/44768927.here"" title=""here"" rel=""nofollow noopener"">here</a></i>","2009"
"read","3","21161465","9893355","Stunning (Pretty Little Liars, #11)","Sara Shepard","0062081896","3","3.88","Fri, 14 Feb 2014 00:00:00 +0000","Fri, 14 Feb 2014 20:36:33 -0800","","neutral","https://www.goodreads.com/book/show/9893355","https://www.goodreads.com/review/show/851397813?utm_medium=api&utm_source=rss","","Now a hit ABC Family TV show, Sara Shepard’s #1 New York Times bestselling Pretty Little Liars series continues with Stunning.<br /> <br />In the eleventh novel, A is still out there, lurking in the shadows and digging up the liars’ latest secrets...<br /> <br />Emily’s reconnecting with an old flame, one baby step at a time. But is she headed toward true love or another bundle of heartache? Spencer’s learning about the highs and lows of campus life on a trip to Princeton. Aria’s seeing a whole new side to Noel’s dad—and it could drive a wedge between her and Noel. And, for better or worse, Hanna’s getting in touch with her inner A.<br /> <br />Secret by secret, lie by lie, the girls get tangled in A’s dangerous web. Soon A will have enough ammunition to pull the trigger and end the pretty little liars, once and for all….","2012"
"read","3","21161465","3407877","The Forgotten Garden","Kate Morton","0330449605","5","4.14","Sun, 9 Feb 2014 00:00:00 +0000","Sun, 09 Feb 2014 18:22:54 -0800","","enjoyed","https://www.goodreads.com/book/show/3407877","https://www.goodreads.com/review/show/831384671?utm_medium=api&utm_source=rss","","A tiny girl is abandoned on a ship headed for Australia in 1913. Arriving alone with nothing but a small suitcase, she is taken in by the dockmaster and his wife and raised as their own. On her twenty-first birthday, they tell her the truth, and with her sense of self shattered and very little to go on, ""Nell"" sets out to trace her real identity. Her quest leads her to Blackhurst Manor on the Cornish coast and the secrets of the doomed Mountrachet family.","2008"
"read","3","21161465","22628","The Perks of Being a Wallflower","Stephen Chbosky","","2","4.25","Mon, 20 Jan 2014 00:00:00 +0000","Mon, 20 Jan 2014 16:10:12 -0800","","notEnjoyed","https://www.goodreads.com/book/show/22628","https://www.goodreads.com/review/show/829450143?utm_medium=api&utm_source=rss","","standing on the fringes of life...<br />offers a unique perspective. But there comes a time to see<br />what it looks like from the dance floor.<br /><br />This haunting novel about the dilemma of passivity vs. passion marks the stunning debut of a provocative new voice in contemporary fiction: The Perks of Being A WALLFLOWER<br /><br />This is the story of what it's like to grow up in high school. More intimate than a diary, Charlie's letters are singular and unique, hilarious and devastating. We may not know where he lives. We may not know to whom he is writing. All we know is the world he shares. Caught between trying to live his life and trying to run from it puts him on a strange course through uncharted territory. The world of first dates and mixed tapes, family dramas and new friends. The world of sex, drugs, and The Rocky Horror Picture Show, when all one requires is that the perfect song on that perfect drive to feel infinite.<br /><br />Through Charlie, Stephen Chbosky has created a deeply affecting coming-of-age story, a powerful novel that will spirit you back to those wild and poignant roller coaster days known as growing up.<br /><br />(back cover)","1999"
"read","3","21161465","39999","The Boy in the Striped Pajamas","John Boyne","0385751079","4","4.17","Sat, 18 Jan 2014 00:00:00 +0000","Sat, 18 Jan 2014 13:34:57 -0800","","enjoyed","https://www.goodreads.com/book/show/39999","https://www.goodreads.com/review/show/824766177?utm_medium=api&utm_source=rss","","If you start to read this book, you will go on a journey with a nine-year-old boy named Bruno. (Though this isn't a book for nine-year-olds.) And sooner or later you will arrive with Bruno at a fence.<br /><br />Fences like this exist all over the world. We hope you never have to encounter one.","2006"
"read","3","21161465","9606002","The Preacher (Patrik Hedström, #2)","Camilla Läckberg","1605981737","4","3.83","Wed, 15 Jan 2014 00:00:00 +0000","Wed, 15 Jan 2014 16:55:43 -0800","","enjoyed","https://www.goodreads.com/book/show/9606002","https://www.goodreads.com/review/show/815095876?utm_medium=api&utm_source=rss","","<b>Hot on the heels of her phenomenal American debut, <i>The Ice Princess</i>, Camilla Läckberg brings readers back to the quiet, isolated fishing village in Sweden where dangerous secrets lie just beneath the community’s tranquil surface.</b><br /><br />During an unusually hot July, detective Patrik Hedstrom and Erica Falck are enjoying a rare week at home together, nervous and excited about the imminent birth of their first baby. Across town, however, a six-year-old boy makes a gruesome discovery that will ravage their little tourist community and catapult Patrik into the center of a terrifying murder case.<br /><br />The boy has stumbled upon the brutally murdered body of a young woman, and Patrik is immediately called to lead the investigation. Things get even worse when his team uncovers, buried beneath the victim, the skeletons of two campers whose disappearance had baffled police for decades. The three victims’ injuries seem to be the work of the same killer, but that is impossible: the main suspect in the original kidnappings committed suicide twenty-four years ago. <br /><br />When yet another young girl disappears and panic begins to spread, Patrik leads a desperate manhunt to track down a ruthless serial killer before he strikes again.","2004"
"read","3","21161465","10429037","Ruthless (Pretty Little Liars, #10)","Sara Shepard","0062081861","4","3.86","Sat, 4 Jan 2014 00:00:00 +0000","Sat, 04 Jan 2014 11:59:58 -0800","","enjoyed","https://www.goodreads.com/book/show/10429037","https://www.goodreads.com/review/show/806278842?utm_medium=api&utm_source=rss","","For years scandal has rocked Rosewood, Pennsylvania - and high school seniors Aria, Emily, Hanna, and Spencer have always been at the center of the drama. They've lost friends, been targeted by a ruthless stalker named A, and narrowly escaped death. And it's not over yet.<br /><br />Aria's love life is on the fritz. Emily's exploring her wild side. Hanna's kissing the enemy. And someone from Spencer's past - someone she never thought she'd see again - is back to haunt her.<br /><br />But none of that compares to what happened last spring break. It's their darkest secret yet, and guess who found out? Now A is determined to make them pay for their crime, and the only thing scarier than A is the fear that maybe, just maybe, they deserve what's coming to them.","2011"
"read","3","21161465","16299","And Then There Were None","Agatha Christie","0312330871","5","4.27","Thu, 26 Dec 2013 00:00:00 +0000","Thu, 26 Dec 2013 08:01:18 -0800","","enjoyed","https://www.goodreads.com/book/show/16299","https://www.goodreads.com/review/show/800284521?utm_medium=api&utm_source=rss","","First, there were ten—a curious assortment of strangers summoned as weekend guests to a little private island off the coast of Devon. Their host, an eccentric millionaire unknown to all of them, is nowhere to be found. All that the guests have in common, we find out, is a wicked past they're unwilling to reveal—and a secret that will seal their fate. For each has been marked for murder. A famous nursery rhyme is framed and hung in every room of the mansion:<br /><br />""Ten little boys went out to dine; One choked his little self and then there were nine. Nine little boys sat up very late; One overslept himself and then there were eight. Eight little boys traveling in Devon; One said he'd stay there then there were seven. Seven little boys chopping up sticks; One chopped himself in half and then there were six. Six little boys playing with a hive; A bumblebee stung one and then there were five. Five little boys going in for law; One got in Chancery and then there were four. Four little boys going out to sea; A red herring swallowed one and then there were three. Three little boys walking in the zoo; A big bear hugged one and then there were two. Two little boys sitting in the sun; One got frizzled up and then there was one. One little boy left all alone; He went out and hanged himself and then there were none.""<br /><br />When they realize that murders are occurring as described in the rhyme, terror mounts. One by one they fall prey. Who has choreographed this dastardly scheme? And who will be left to tell the tale? Only the dead are above suspicion.","1939"
"read","3","21161465","6148028","Catching Fire (The Hunger Games, #2)","Suzanne Collins","0439023491","3","4.36","Sun, 1 Jan 2012 00:00:00 +0000","Tue, 28 Aug 2018 00:13:37 -0700","","neutral","https://www.goodreads.com/book/show/6148028","https://www.goodreads.com/review/show/798207387?utm_medium=api&utm_source=rss","","<b>Sparks are igniting.<br />Flames are spreading.<br />And the Capitol wants revenge.</b><br /> <br />Against all odds, Katniss Everdeen has won the Hunger Games. She and fellow District 12 tribute Peeta Mellark are miraculously still alive. Katniss should be relieved, happy even. After all, she has returned to her family and her longtime friend, Gale. Yet nothing is the way Katniss wishes it to be. Gale holds her at an icy distance. Peeta has turned his back on her completely. And there are whispers of a rebellion against the Capitol—a rebellion that Katniss and Peeta may have helped create. <br /><br />Much to her shock, Katniss has fueled an unrest that she's afraid she cannot stop. And what scares her even more is that she's not entirely convinced she should try. As time draws near for Katniss and Peeta to visit the districts on the Capitol's cruel Victory Tour, the stakes are higher than ever. If they can't prove, without a shadow of a doubt, that they are lost in their love for each other, the consequences will be horrifying.<br /><br />In <i>Catching Fire</i>, the second novel of the Hunger Games trilogy, Suzanne Collins continues the story of Katniss Everdeen, testing her more than ever before . . . and surprising readers at every turn.","2009"
"read","3","21161465","2767052","The Hunger Games (The Hunger Games, #1)","Suzanne Collins","0439023483","4","4.35","Sun, 1 Jan 2012 00:00:00 +0000","Sat, 06 Jun 2020 23:27:00 -0700","","enjoyed","https://www.goodreads.com/book/show/2767052","https://www.goodreads.com/review/show/798207146?utm_medium=api&utm_source=rss","","Winning means fame and fortune. Losing means certain death. The Hunger Games have begun. . . .<br /><br />In the ruins of a place once known as North America lies the nation of Panem, a shining Capitol surrounded by twelve outlying districts. The Capitol is harsh and cruel and keeps the districts in line by forcing them all to send one boy and one girl between the ages of twelve and eighteen to participate in the annual Hunger Games, a fight to the death on live TV.<br /><br />Sixteen-year-old Katniss Everdeen regards it as a death sentence when she steps forward to take her sister's place in the Games. But Katniss has been close to dead before-and survival, for her, is second nature. Without really meaning to, she becomes a contender. But if she is to win, she will have to start making choices that weigh survival against humanity and life against love.","2008"
"read","3","21161465","17393021","Hereafter (Shadowlands, #2)","Kate Brian","1423164849","4","3.91","Mon, 23 Dec 2013 00:00:00 +0000","Mon, 23 Dec 2013 13:11:08 -0800","","enjoyed","https://www.goodreads.com/book/show/17393021","https://www.goodreads.com/review/show/794643698?utm_medium=api&utm_source=rss","","Rory Miller thought her life was over when a serial killer set his sights on her and forced her into witness protection. But a fresh start on Juniper Landing Island was exactly what she and her family needed. For the first time in years she and her sister hang out at the beach, gossip about boys, and party together. She's also made friends with a local clique--including a magnetic and mysterious boy named Tristan. <br />But Rory's world is about to change again. Picturesque Juniper Landing isn't what it seems. The truth about the swirling fog that rolls in each morning, the bridge that leads to nowhere, and those beautiful locals who seem to watch Rory's every move is more terrifying than being hunted by Steven Nell. And all Rory ever wanted was the truth. Even if it means learning that she can never go home again. From the best-selling author of the Private and Privilege series comes the second novel in a heart-stopping trilogy about a girl who must pick up the pieces after the only life she's ever known ends.","2013"
"read","3","21161465","9893331","Twisted (Pretty Little Liars, #9)","Sara Shepard","0062081012","4","3.99","Thu, 12 Dec 2013 00:00:00 +0000","Thu, 12 Dec 2013 20:13:23 -0800","","enjoyed","https://www.goodreads.com/book/show/9893331","https://www.goodreads.com/review/show/786842463?utm_medium=api&utm_source=rss","","It’s been a year since the torturous notes from A stopped and the mystery of Alison DiLaurentis’s disappearance was finally put to rest. Now seniors in high school, Aria, Spencer, Hanna, and Emily are older, but they’re not any wiser. The pretty little liars have more secrets than ever - twisted secrets that could destroy the perfect lives they’ve worked so hard to rebuild.<br /><br />Aria’s jealous of her boyfriend’s new exchange student. Spencer’s getting a little too cozy with her soon-to-be-stepbrother. Hanna’s one scandalous photo away from ruining her dad’s Senate campaign. And Emily will do anything to get a swim scholarship.<br /><br />Worst of all: Last spring break in Jamaica, they did something unforgivable. The girls are desperate to forget that fateful night, but they should know better than anyone that all secrets wash ashore . . . eventually.","2011"
"read","3","21161465","6431249","Panic Attack","Jason Starr","0312387067","4","3.30","Sat, 7 Dec 2013 00:00:00 +0000","Tue, 10 Dec 2013 20:34:51 -0800","","enjoyed","https://www.goodreads.com/book/show/6431249","https://www.goodreads.com/review/show/774930116?utm_medium=api&utm_source=rss","","An intruder, a desperate struggle, a family under This is Jason Starr's most provocative and suspenseful novel to date. Dr. Adam Bloom has the perfect life. He's financially secure and lives in a luxurious house with his wife, Dana, and their twenty-two-year-old daughter, Marissa, a recent college graduate. Late one night, his daughter wakes him up and says, ""Somebody's downstairs."" Adam uses his gun to kill one of the unarmed intruders, but the other escapes. From that moment on, everyone's life in the Bloom household will never be the same. Adam doesn't feel safe, not with the other intruder out there somewhere, knowing where he lives. Dana suggests moving, but Adam has lived in the house all his life and he doesn't want to run away. As the family recovers from the break-in and the Blooms' already rocky relationship rapidly falls apart, Marissa meets a young, talented artist named Xan. Adam feels that something's not quite right with Xan, but his daughter ignores his warnings and falls deeply in love with him. When suspicious things start happening to the Blooms all over again, Adam realizes that his first instinct about Xan was probably dead on. With Panic Attack , Jason Starr is at his best, crafting a harrowing page-turner that will blow readers away.","2009"
"read","3","21161465","67931","The Analyst","John Katzenbach","0552150215","4","4.16","Mon, 5 Nov 2012 00:00:00 +0000","Tue, 26 Nov 2013 19:53:18 -0800","","enjoyed","https://www.goodreads.com/book/show/67931","https://www.goodreads.com/review/show/774928202?utm_medium=api&utm_source=rss","","'Happy fifty-third birthday, Doctor. Welcome to the first day of your death. You ruined my life. And now I fully intend to ruin yours.<br /><br />'You have exactly one fortnight, starting tomorrow morning at 6 a.m., to discover who I am. When you succeed you must purchase one of those tiny ads at the bottom of the New York Times front page, and print my name there.<br /><br />'If you do not succeed, then ... you will take note that the second sheet of this letter contains the names of fifty-two of your relatives. If you are unable to purchase the ad as described, then you will have this choice: kill yourself immediately or I will destroy one of these innocent people.'<br /><br />Until the moment he opens the letter, New York psychologist Dr Frederick Starks has led a quiet and, so he believes, blameless life. He has no idea why he's being judged by this unknown tormentor a former patient - who then lethally begins to demonstrate the potential of his, or her, threats. As the layers of Starks's carefully constructed life are stripped from him, he quickly finds himself a powerless pawn in a psychopath's devious game of vengeance.","2002"
"read","3","21161465","14813667","Ali's Pretty Little Lies (Pretty Little Liars, #0.5)","Sara Shepard","006223336X","3","4.10","Tue, 26 Nov 2013 00:00:00 +0000","Tue, 26 Nov 2013 19:10:42 -0800","","neutral","https://www.goodreads.com/book/show/14813667","https://www.goodreads.com/review/show/767755843?utm_medium=api&utm_source=rss","","Before there was A, there was Alison DiLaurentis. Boys wanted to date her, girls wanted to be her, and somebody wanted her dead...<br /><br />It's the end of seventh grade, and Alison DiLaurentis and her friends are <i>the</i> girls of Rosewood Day. Ali runs her clique with an iron fist, and she's got enough dirt on Hanna, Emily, Aria, and Spencer to keep them in line. But Ali's hiding a dark secret of her own, something so huge it would destroy everything if it ever got out. She's desperate to keep the perfect life she's worked so hard to build, but in Rosewood deadly secrets have deadly consequences...<br /><br />Set in the weeks leading up to Ali's murder, this special Pretty Little Liars tale is told by the prettiest little liar of all: Ali herself. For the first time ever, we see how the mystery began... and how Alison DiLaurentis's life ended.","2013"
"read","3","21161465","7869","The Bourne Identity (Jason Bourne, #1)","Robert Ludlum","0752864327","4","4.06","Sun, 17 Nov 2013 00:00:00 +0000","Sun, 17 Nov 2013 20:06:09 -0800","","enjoyed","https://www.goodreads.com/book/show/7869","https://www.goodreads.com/review/show/746423178?utm_medium=api&utm_source=rss","","<i>Alternate cover for this ISBN can be found <a href=""https://www.goodreads.com/book/show/32076660-the-bourne-identity"" rel=""nofollow noopener"">here</a></i><br /><br />Who is Jason Bourne? Is he an assassin, a terrorist, a thief? Why has he got four million dollars in a Swiss bank account? Why has someone tried to murder him?...<br /><br />Jason Bourne does not know the answer to any of these questions. Suffering from amnesia, he does not even know that he <b>is</b> Jason Bourne. What manner of man is he? What are his secrets? Who has he killed?","1980"
"read","3","21161465","3047851","Wanted (Pretty Little Liars, #8)","Sara Shepard","0061566179","4","4.09","Mon, 21 Oct 2013 00:00:00 +0000","Wed, 12 Jun 2019 16:36:46 -0700","","enjoyed","https://www.goodreads.com/book/show/3047851","https://www.goodreads.com/review/show/743680409?utm_medium=api&utm_source=rss","","<strong>#1</strong> <strong><em>New York Times </em>bestselling series</strong><br /><br />The eighth book in the #1 <em>New York Times</em> bestselling series that inspired the hit ABC Family TV show <em>Pretty Little Liars.</em><br /><br />Hanna, Aria, Spencer, and Emily have been through a lot together—childhood pranks gone horribly wrong, not one, but two stalkers—blackmailers who know all their dirty secrets, not to mention their best friend’s murder investigation. Now these pretty little liars are finally going to uncover all the answers they’ve been searching for, and they can finally put this awful chapter of their lives behind them. Or so they think.<br /><br />Full of unexpected twists and shocking revelations, <em>Wanted</em> is the eighth book in <em>New York Times</em> bestselling author Sara Shepard’s compelling Pretty Little Liars series. ","2010"
"read","3","21161465","16315","Crooked House","Agatha Christie","031298166X","4","4.06","Thu, 19 Dec 2013 00:00:00 +0000","Thu, 19 Dec 2013 20:07:38 -0800","","enjoyed","https://www.goodreads.com/book/show/16315","https://www.goodreads.com/review/show/739840087?utm_medium=api&utm_source=rss","","Described by the queen of mystery herself as one of her favorites of her published work, Crooked House is a classic Agatha Christie thriller revolving around a devastating family mystery.<br /><br />The Leonides are one big happy family living in a sprawling, ramshackle mansion. That is until the head of the household, Aristide, is murdered with a fatal barbiturate injection.<br /><br />Suspicion naturally falls on the old man’s young widow, fifty years his junior. But the murderer has reckoned without the tenacity of Charles Hayward, fiancé of the late millionaire’s granddaughter.","1949"
"read","3","21161465","16304","Murder on the Orient Express (Hercule Poirot, #10)","Agatha Christie","0425200450","5","4.16","Sat, 5 Oct 2013 00:00:00 +0000","Sat, 12 Oct 2013 09:41:09 -0700","","enjoyed","https://www.goodreads.com/book/show/16304","https://www.goodreads.com/review/show/739838134?utm_medium=api&utm_source=rss","","En route to London, Belgian detective Hercule Poirot has booked winter passage on the fabled Orient Express. Among the assortment of fellow passengers, one wealthy American holds a unique distinction: he has been found dead of multiple stab wounds in the night compartment of the Calais coach. By dawn, thirteen travelers, each bearing a secret, will find themselves suspect in the most ingenious crime Poirot has ever solved...","1934"
"read","3","21161465","131359","Death on the Nile (Hercule Poirot, #18)","Agatha Christie","","4","4.13","Mon, 30 Sep 2013 00:00:00 +0000","Mon, 30 Sep 2013 19:26:51 -0700","","enjoyed","https://www.goodreads.com/book/show/131359","https://www.goodreads.com/review/show/720597890?utm_medium=api&utm_source=rss","","<p>The tranquility of a luxury cruise along the Nile was shattered by the discovery that Linnet Ridgeway had been shot through the head. She was young, stylish, and beautiful. A girl who had everything . . . until she lost her life.</p><p>Hercule Poirot recalled an earlier outburst by a fellow passenger: “I’d like to put my dear little pistol against her head and just press the trigger.” Yet under the searing heat of the Egyptian sun, nothing is ever quite what it seems.</p>","1937"
"read","3","21161465","10875239","Lethal (Lee Coburn, #1)","Sandra       Brown","1455501476","4","4.06","Fri, 9 Nov 2012 00:00:00 +0000","Wed, 12 Jun 2019 16:34:37 -0700","","enjoyed","https://www.goodreads.com/book/show/10875239","https://www.goodreads.com/review/show/720317051?utm_medium=api&utm_source=rss","","When her four year old daughter informs her a sick man is in their yard, Honor Gillette rushes out to help him. But that ""sick"" man turns out to be Lee Coburn, the man accused of murdering seven people the night before. Dangerous, desperate, and armed, he promises Honor that she and her daughter won't be hurt as long as she does everything he asks. She has no choice but to accept him at his word.<br /><br />But Honor soon discovers that even those close to her can't be trusted. Coburn claims that her beloved late husband possessed something extremely valuable that places Honor and her daughter in grave danger. Coburn is there to retrieve it -- at any cost. From FBI offices in Washington, D.C., to a rundown shrimp boat in coastal Louisiana, Coburn and Honor run for their lives from the very people sworn to protect them, and unravel a web of corruption and depravity that threatens not only them, but the fabric of our society.","2011"
"read","3","21161465","121648","Five Little Pigs (Hercule Poirot, #24)","Agatha Christie","","5","4.02","Fri, 13 Sep 2013 00:00:00 +0000","Fri, 13 Sep 2013 19:51:33 -0700","","enjoyed","https://www.goodreads.com/book/show/121648","https://www.goodreads.com/review/show/716745049?utm_medium=api&utm_source=rss","","It was an open and shut case. All the evidence said that Caroline Crale poisoned her philandering husband, a brilliant painter. She was quickly and easily convicted and sentenced to life in prison.<br /><br />Now, sixteen years later, in a posthumous letter, Mrs. Crale has assured her grown daughter that she was innocent. But instead of setting the young woman's mind at ease, the letter only raises disquieting questions. Did Caroline indeed write the truth? And if she didn't kill her husband, who did?<br /><br />To find out, the Crale’s daughter asks Hercule Poirot to reopen the case. His investigation takes him deep into the conflicting memories and motivations of the five other people who were with the family on the fatal day. Will his keen understanding of human psychology help him discover the truth behind the artist's death?","1942"
"read","3","21161465","11588","The Shining (The Shining, #1)","Stephen  King","0450040186","4","4.28","Fri, 21 Sep 2012 00:00:00 +0000","Mon, 06 Apr 2015 22:22:07 -0700","","enjoyed","https://www.goodreads.com/book/show/11588","https://www.goodreads.com/review/show/712462028?utm_medium=api&utm_source=rss","","Danny is only five years old but in the words of Old Mr Hallorann he is a ‘shiner,’ aglow with psychic voltage. When his father becomes caretaker of the Overlook hotel, Danny’s visions grow out of control.<br /><br />As winter closes in and blizzards cut them off, the hotel seems to develop a life of its own. It is meant to be empty. So who is the lady in Room 217 and who are the masked guests going up and down the elevator? And why do the hedges shaped like animals seem so alive?<br /><br />Somewhere, somehow, there is an evil force in the hotel – and that too is beginning to shine.","1977"
"read","3","21161465","226709","Petals on the Wind (Dollanganger, #2)","V.C. Andrews","0671729470","2","3.83","Mon, 9 Sep 2013 00:00:00 +0000","Mon, 09 Sep 2013 19:22:19 -0700","","notEnjoyed","https://www.goodreads.com/book/show/226709","https://www.goodreads.com/review/show/709337208?utm_medium=api&utm_source=rss","","<b>They were such brave children to withstand such suffering. Such clever children to escape such terror!</b><br /><br />For Carrie, Chris and Cathy, the attic was a dark horror that would not leave their minds, even while they built bright, promising new lives. Of course mother had to pretend they didn't exist.<br /><br />And Grandmother was convinced they had the devil in them.<br /><br />But that wasn't their fault. Was it? Cathy knew what to do.<br /><br />She now had the powers she had learned from her beautiful mother. She knew it in the way her brother still yearned for her, in the way her guardian touched her, in the way all men looked at her.<br /><br />She knew it was time to put what she knew to the test. To show her mother and grandmother that the pain and terror of the attic could not be forgotten... Show them.<br /><br />Show them—once and for all.<br />--back cover","1980"
"read","3","21161465","16343","The Mysterious Affair at Styles (Hercule Poirot, #1)","Agatha Christie","0646418432","4","3.99","Thu, 29 Aug 2013 00:00:00 +0000","Thu, 29 Aug 2013 20:27:06 -0700","","enjoyed","https://www.goodreads.com/book/show/16343","https://www.goodreads.com/review/show/704388285?utm_medium=api&utm_source=rss","","Agatha Christie's debut novel was also the first to feature Hercule Poirot, her famously eccentric Belgian detective. <br /><br />A refugee of the Great War, Poirot has settled in England near Styles Court, the country estate of his wealthy benefactor, the elderly Emily Inglethorp. When Emily is poisoned and the authorities are baffled, Poirot puts his prodigious sleuthing skills to work. Suspects are plentiful, including the victim’s much younger husband, her resentful stepsons, her longtime hired companion, a young family friend working as a nurse, and a London specialist on poisons who just happens to be visiting the nearby village. <br /><br />All of them have secrets they are desperate to keep, but none can outwit Poirot as he navigates the ingenious red herrings and plot twists that contribute to Agatha Christie's well-deserved reputation as the queen of mystery.<br /><br />Librarian's note: the first fifteen novels in the Hercule Poirot series are 1) The Mysterious Affair at Styles, 1920; 2) The Murder on the Links, 1923; 3) The Murder of Roger Ackroyd, 1926; 4) The Big Four, 1927; 5) The Mystery of the Blue Train, 1928; 6) Peril at End House, 1932; 7) Lord Edgware Dies, 1933; 8) Murder on the Orient Express, 1934; 9) Three Act Tragedy, 1935; 10) Death in the Clouds, 1935; 11) The A.B.C. Murders, 1936; 12) Murder in Mesopotamia, 1936; 13) Cards on the Table, 1936; 14) Dumb Witness, 1937; and 15) Death on the Nile, 1937. Poirot also appears, in this period, in a play, Black Coffee, 1930, and two collections of short stories, Poirot Investigates, 1924, and Murder in the Mews, 1937. Each novel and short story has its own entry on Goodreads.","1920"
"read","3","21161465","24885537","City of Bones (The Mortal Instruments, #1)","Cassandra Clare","1481455923","4","3.85","Wed, 31 Mar 2021 00:00:00 +0000","Sat, 09 Apr 2022 10:52:18 -0700","","enjoyed","https://www.goodreads.com/book/show/24885537","https://www.goodreads.com/review/show/704272593?utm_medium=api&utm_source=rss","Really fun book that made me anxious to read the whole series. I do think the first third of the book is a little heavy because of the world building and that incest storyline was a bit too much, but overall I’m really excited!! ","When fifteen-year-old Clary Fray heads out to the Pandemonium Club in New York City, she hardly expects to witness a murder—much less a murder committed by three teenagers covered with strange tattoos and brandishing bizarre weapons. Then the body disappears into thin air. It’s hard to call the police when the murderers are invisible to everyone else and when there is nothing—not even a smear of blood—to show that a boy has died. Or was he a boy?<br /><br />This is Clary’s first meeting with the Shadowhunters, warriors dedicated to ridding the earth of demons. It’s also her first encounter with Jace, a Shadowhunter who looks a little like an angel and acts a lot like a jerk. Within twenty-four hours Clary is pulled into Jace’s world with a vengeance, when her mother disappears and Clary herself is attacked by a demon. But why would demons be interested in ordinary mundanes like Clary and her mother? And how did Clary suddenly get the Sight? The Shadowhunters would like to know...","2007"
"read","3","21161465","930","Memoirs of a Geisha","Arthur Golden","0739326228","3","4.07","Sat, 18 May 2013 00:00:00 +0000","Mon, 26 Aug 2013 10:04:54 -0700","","neutral","https://www.goodreads.com/book/show/930","https://www.goodreads.com/review/show/704271701?utm_medium=api&utm_source=rss","","A literary sensation and runaway bestseller, this brilliant novel presents with seamless authenticity and exquisite lyricism the true confessions of one of Japan's most celebrated geisha.<br /><br />In ""Memoirs of a Geisha,"" we enter a world where appearances are paramount; where a girl's virginity is auctioned to the highest bidder; where women are trained to beguile the most powerful men; and where love is scorned as illusion. It is a unique and triumphant work of fiction - at once romantic, erotic, suspenseful - and completely unforgettable.","1997"
"read","3","21161465","7904429","Scott Pilgrim's Finest Hour (Scott Pilgrim, #6)","Bryan Lee O'Malley","1934964387","4","4.43","Fri, 3 May 2013 00:00:00 +0000","Mon, 26 Aug 2013 10:02:01 -0700","","enjoyed","https://www.goodreads.com/book/show/7904429","https://www.goodreads.com/review/show/704269873?utm_medium=api&utm_source=rss","","It's finally here! Six years and almost one-thousand pages have all led to this epic finale! With six of Ramona's seven evil exes dispatched, it should be time for Scott Pilgrim to face Gideon Graves, the biggest and baddest of her former beaus. But didn't Ramona take off at the end of Book 5? Shouldn't that let Scott off the hook? Maybe it should, maybe it shouldn't, but one thing is for certain—all of this has been building to SCOTT PILGRIM'S FINEST HOUR!","2010"
"read","3","21161465","22188","Gossip Girl (Gossip Girl, #1)","Cecily von Ziegesar","0316910333","3","3.52","Sun, 28 Apr 2013 00:00:00 +0000","Mon, 26 Aug 2013 10:01:21 -0700","","neutral","https://www.goodreads.com/book/show/22188","https://www.goodreads.com/review/show/704269370?utm_medium=api&utm_source=rss","","Welcome to New York City’s Upper East Side, where my friends and I live, go to school, play, and sleep—sometimes with each other.<br /><br />S is back from boarding school, and if we aren’t careful, she’s going to win over our teachers, wear that dress we couldn’t fit into, steal our boyfriends’ hearts, and basically ruin our lives in a major way. I’ll be watching closely . . .<br /><br />You know you love me,<br /><br />gossip girl","2002"
"read","3","21161465","201972","Gone (Alex Delaware, #20)","Jonathan Kellerman","0345452623","2","3.82","Thu, 14 Mar 2013 00:00:00 +0000","Mon, 26 Aug 2013 10:00:40 -0700","","notEnjoyed","https://www.goodreads.com/book/show/201972","https://www.goodreads.com/review/show/704268961?utm_medium=api&utm_source=rss","","It’s a story tailor-made for the nightly news: Dylan Meserve and Michaela Brand, young lovers and fellow acting students, vanish on the way home from a rehearsal. Three days later, the two of them are found in the remote mountains of Malibu -battered and terrified after a harrowing ordeal at the hands of a sadistic abductor.<br /><br />The details of the nightmarish event are shocking and brutal: The couple was carjacked at gunpoint by a masked assailant and subjected to a horrific regimen of confinement, starvation and assault.<br /><br />But before long, doubts arise about the couple’s story, and as forensic details unfold, the abduction is exposed as a hoax. Charged as criminals themselves, the aspiring actors claim emotional problems, and the court orders psychological evaluation for both.<br /><br />Michaela is examined by Alex Delaware, who finds that her claims of depression and stress ring true enough. But they don’t explain her lies, and Alex is certain that there are hidden layers in this sordid psychodrama that even he hasn’t been able to penetrate.<br /><br />Nevertheless, the case is closed–only to be violently reopened when Michaela is savagely murdered. When the police look for Dylan, they find that he’s gone. Is he the killer or a victim himself? Casting their dragnet into the murkiest corners of L.A., Delaware and Sturgis unearth more questions than answers–including a host of eerily identical killings. What really happened to the couple who cried wolf? And what bizarre and brutal epidemic is infecting the city with terror, madness, and sudden, twisted death?","2006"
"read","3","21161465","3177500","1912 Facts About the Titanic","Lee Meredith","0962623784","3","4.04","Thu, 11 Apr 2013 00:00:00 +0000","Wed, 12 Jun 2019 16:37:41 -0700","","neutral","https://www.goodreads.com/book/show/3177500","https://www.goodreads.com/review/show/704268357?utm_medium=api&utm_source=rss","","Fascinating, lesser-known facts about the Titanic and details on the ship, the passengers, and the sinking. The book also explores aspects of the wreck today and salvage operations.<br /><br />Although the main events of the Titanic disaster are well known, significant facts and tidbits remain obscure. Who were the thousands of men who built the giant ship? How were the bodies of the victims collected and buried? What were the conclusions of the investigative hearings into her sinking? Answers to these and hundreds of other questions are presented in this useful, easy-to-read volume.<br /><br />Lee W. Merideth is the author of several Civil War reference books and a longtime Titanic buff. He lives in northern California.","1999"
"read","3","21161465","78418","The Reptile Room (A Series of Unfortunate Events, #2)","Lemony Snicket","","4","4.03","Mon, 8 Apr 2013 00:00:00 +0000","Sat, 06 Jun 2020 23:26:52 -0700","","enjoyed","https://www.goodreads.com/book/show/78418","https://www.goodreads.com/review/show/704267578?utm_medium=api&utm_source=rss","","Dear Reader,<br /><br />If you have picked up this book with the hope of finding a simple and cheery tale, I'm afraid you have picked up the wrong book altogether. The story may seem cheery at first, when the Baudelaire children spend time in the company of some interesting reptiles and a giddy uncle, but don't be fooled. If you know anything at all about the unlucky Baudelaire children, you already know that even pleasant events lead down the same road to misery.<br /><br />In fact, within the pages you now hold in your hands, the three siblings endure a car accident, a terrible odor, a deadly serpent, a long knife, a large brass reading lamp, and the appearance of a person they'd hoped never to see again.<br /><br />I am bound to record these tragic events, but you are free to put this book back on the shelf and seek something lighter.<br /><br />With all due respect,<br /><br />Lemony Snicket","1999"
"read","3","21161465","27712","The Neverending Story","Michael Ende","0525457585","3","4.16","Tue, 26 Feb 2013 00:00:00 +0000","Thu, 05 Sep 2013 13:56:30 -0700","","neutral","https://www.goodreads.com/book/show/27712","https://www.goodreads.com/review/show/704267150?utm_medium=api&utm_source=rss","","This epic work of the imagination has captured the hearts of millions of readers worldwide since it was first published. Its special story within a story is an irresistible invitation for readers to become part of the book itself. <br /><br />The story begins with a lonely boy named Bastian and the strange book that draws him into the beautiful but doomed world of Fantastica. Only a human can save this enchanted place by giving its ruler, the Childlike Empress, a new name. But the journey to her tower leads through lands of dragons, giants, monsters, and magic, and once Bastian begins his quest, he may never return. As he is drawn deeper into Fantastica, he must find the courage to face unspeakable foes and the mysteries of his own heart. <br /><br />Readers, too, can travel to the wondrous, unforgettable world of Fantastica if they will just turn the page...","1979"
"read","3","21161465","7058405","The Ice Princess (Fjällbacka, #1)","Camilla Läckberg","1605980927","3","3.78","Mon, 26 Aug 2013 00:00:00 +0000","Mon, 26 Aug 2013 10:03:07 -0700","","neutral","https://www.goodreads.com/book/show/7058405","https://www.goodreads.com/review/show/700784403?utm_medium=api&utm_source=rss","","Returning to her hometown of Fjallbacka after the funeral of her parents, writer Erica Falck finds a community on the brink of tragedy. The death of her childhood friend, Alex, is just the beginning. Her wrists slashed, her body frozen in an ice-cold bath, it seems that she has taken her own life.<br /><br />Erica conceives a book about the beautiful but remote Alex, one that will answer questions about their own shared past. While her interest grows into an obsession, local detective Patrik Hedstrom is following his own suspicions about the case. But it is only when they start working together that the truth begins to emerge about a small town with a deeply disturbing past.","2003"
"read","3","21161465","381501","Invitation Only (Private, #2)","Kate Brian","1416918744","3","3.94","Wed, 6 Nov 2013 00:00:00 +0000","Wed, 06 Nov 2013 13:39:07 -0800","","neutral","https://www.goodreads.com/book/show/381501","https://www.goodreads.com/review/show/700005455?utm_medium=api&utm_source=rss","","Reed Brennan's future is looking as bright as the two-karat diamonds in her new housemates' ears. Being accepted to the most prestigious private boarding school in the country wasn't enough for Reed. She had to break every rule to do it, but she has accomplished the impossible: <br /><br />Reed is a Billings Girl now. <br /><br />And with her new status come respect, envy, and, most important, opportunity. Not to mention the parties. Unfortunately, at the next illicit party in the Easton campus woods, her roommate snaps some pictures of Reed in more than one compromising position. She uses the photos to blackmail Reed: Dig up dirt on the most powerful and popular Billings Girls or she will have Reed expelled. <br /><br />And speaking of parties, the Legacy is coming up. It's the invitation-only Halloween party in NYC and it's rumored that Thomas -- Reed's MIA boyfriend -- will be making an appearance there. Too bad Reed isn't even close to invited. <br /><br />Life as a Billings Girl is every bit as glamorous as Reed imagined. What she didn't bargain for is the tangled web of private lies these girls weave.","2006"
"read","3","21161465","3047848","Heartless (Pretty Little Liars, #7)","Sara Shepard","0061566152","4","4.03","Wed, 21 Aug 2013 00:00:00 +0000","Wed, 21 Aug 2013 17:23:23 -0700","","enjoyed","https://www.goodreads.com/book/show/3047848","https://www.goodreads.com/review/show/698426773?utm_medium=api&utm_source=rss","","Four gorgeous girls are telling very ugly stories.<br /><br />First Emily, Aria, Hanna, and Spencer claimed they found a dead body in the woods behind Spencer's house, only to have it vanish without a trace. Then, when the same woods went up in flames, they swore they saw someone who's supposed to be dead rise from the ashes. And even after all that, the pretty little liars are still playing with fire. Call me heartless, but it's about time someone shut these liars up for good. After all, nobody likes a girl who cries wolf—least of all me.","2010"
"read","3","21161465","8908","World War Z: An Oral History of the Zombie War","Max Brooks","0307346609","4","4.02","Sun, 18 Aug 2013 00:00:00 +0000","Mon, 26 Aug 2013 09:46:29 -0700","","enjoyed","https://www.goodreads.com/book/show/8908","https://www.goodreads.com/review/show/698367474?utm_medium=api&utm_source=rss","","The Zombie War came unthinkably close to eradicating humanity. Max Brooks, driven by the urgency of preserving the acid-etched first-hand experiences of the survivors from those apocalyptic years, traveled across the United States of America and throughout the world, from decimated cities that once teemed with upwards of thirty million souls to the most remote and inhospitable areas of the planet. He recorded the testimony of men, women, and sometimes children who came face-to-face with the living, or at least the undead, hell of that dreadful time. World War Z is the result. Never before have we had access to a document that so powerfully conveys the depth of fear and horror, and also the ineradicable spirit of resistance, that gripped human society through the plague years.<br /><br />Ranging from the now infamous village of New Dachang in the United Federation of China, where the epidemiological trail began with the twelve-year-old Patient Zero, to the unnamed northern forests where untold numbers sought a terrible and temporary refuge in the cold, to the United States of Southern Africa, where the Redeker Plan provided hope for humanity at an unspeakable price, to the west-of-the-Rockies redoubt where the North American tide finally started to turn, this invaluable chronicle reflects the full scope and duration of the Zombie War.<br /><br />Most of all, the book captures with haunting immediacy the human dimension of this epochal event. Facing the often raw and vivid nature of these personal accounts requires a degree of courage on the part of the reader, but the effort is invaluable because, as Mr. Brooks says in his introduction, ""By excluding the human factor, aren't we risking the kind of personal detachment from history that may, heaven forbid, lead us one day to repeat it? And in the end, isn't the human factor the only true difference between us and the enemy we now refer to as 'the living dead'?""<br /><br />Note: Some of the numerical and factual material contained in this edition was previously published under the auspices of the United Nations Postwar Commission.","2006"
"read","3","21161465","9266794","Two Truths and a Lie (The Lying Game, #3)","Sara Shepard","0061869740","2","3.94","Thu, 15 Aug 2013 00:00:00 +0000","Mon, 26 Aug 2013 09:46:45 -0700","","notEnjoyed","https://www.goodreads.com/book/show/9266794","https://www.goodreads.com/review/show/696681313?utm_medium=api&utm_source=rss","","Sutton Mercer watches from the afterlife as her long-lost twin, Emma Paxton, takes over her identity to solve her murder. But after ruling out her early leads, Emma still hasn’t found Sutton’s killer. A lot of people wanted her dead—but one name keeps popping up: Thayer Vega. When the gorgeous and mysterious Thayer returns to town, Emma has to move fast to figure out whether he’s back for revenge…or if he already got it.<br /><br />Set in a town where friends can turn into dangerous enemies and everyone harbors dark secrets, The Lying Game is a juicy new series that fans of the #1 New York Times bestselling Pretty Little Liars series—and the hit ABC Family show—will love.","2012"
"read","3","21161465","9266793","Never Have I Ever (The Lying Game, #2)","Sara Shepard","0061869724","4","3.98","Sun, 12 May 2013 00:00:00 +0000","Mon, 26 Aug 2013 09:47:02 -0700","","enjoyed","https://www.goodreads.com/book/show/9266793","https://www.goodreads.com/review/show/696681269?utm_medium=api&utm_source=rss","","My perfect life was a lie.<br /><br />Now I'd do anything to uncover the truth.<br /><br />Not long ago, I had everything a girl could wish for: amazing friends, an adorable boyfriend, a loving family. But none of them know that I'm gone--that I'm dead. To solve my murder, my long-lost twin sister, Emma, has taken my place. She sleeps in my room, wears my clothes, and calls my parents Mom and Dad.<br /><br />And my killer is watching her every move.<br /><br />I remember little from my life, just flashes and flickers, so all I can do is follow along as Emma tries to solve the mystery of my disappearance. But the deeper she digs, the more suspects she uncovers. It turns out my friends and I played a lot of games--games that ruined people's lives. Anyone could want revenge . . . anyone could want me--and now Emma--dead.<br /><br />From Sara Shepard, the #1 New York Times bestselling author of the Pretty Little Liars books, comes a riveting series about secrets, lies, and killer consequences.","2011"
"read","3","21161465","639787","The Murder on the Links (Hercule Poirot, #2)","Agatha Christie","0425067947","4","3.83","Sat, 17 Aug 2013 00:00:00 +0000","Sat, 17 Aug 2013 10:42:50 -0700","","enjoyed","https://www.goodreads.com/book/show/639787","https://www.goodreads.com/review/show/696061494?utm_medium=api&utm_source=rss","","Detective Hercule Poirot, originally from Belgium but now in London, is summoned to France after receiving a distressing letter with an urgent cry for help. Upon his arrival in Merlinville-sur-Mer, our investigator finds the man who penned the letter, the South American millionaire Monsieur Renauld, stabbed to death and his body flung into a freshly-dug, open grave on the golf course adjoining the property. Meanwhile the millionaire's wife is found bound and gagged in her room. Apparently, it seems that Renauld and his wife were victims of a failed break-in, resulting in Renauld's kidnapping and death.<br /><br />There's no lack of suspects: his wife, whose dagger served as the weapon, his embittered son, who would have killed for independence, and his mistress who refused to be ignored. Each felt deserving of the dead man's fortune. The police think they've found the culprit. But Poirot has his doubts. Why is the dead man wearing an overcoat that is too big for him? And who was the impassioned love-letter in the coat pocket for? Before Poirot can answer these questions, the case is turned upside down by the discovery of a second, identically-murdered corpse.<br /><br />Librarian's note: the first 5 Christie mysteries featuring Poirot are: 1) The Mysterious Affair at Styles, 1920; 2) The Murder on the Links, 1923; 3) The Murder of Roger Ackroyd, 1926; 4) The Big Four, 1927; and 5) The Mystery of the Blue Train, 1928. There are many short stories and a collection featuring Poirot in this period as well. Each novel and short story has its own entry on Goodreads.","1923"
"read","3","21161465","14805480","Shadowlands (Shadowlands, #1)","Kate Brian","1423164830","4","3.79","Sun, 11 Aug 2013 00:00:00 +0000","Wed, 12 Jun 2019 16:34:46 -0700","","enjoyed","https://www.goodreads.com/book/show/14805480","https://www.goodreads.com/review/show/696060061?utm_medium=api&utm_source=rss","","Rory Miller had one chance to fight back and she took it. Rory survived and the serial killer who attacked her escaped. Now that the infamous Steven Nell is on the loose, Rory must enter the witness protection program. Entering the program alongside her, is her father and sister Darcy. The trio starts a new life and a new beginning leaving their friends and family behind without a goodbye. <br /><br />Starting over in a new town with only each other is unimaginable for Rory and Darcy. They were inseparable as children but now they can barely stand each other. As the sisters settle in to Juniper Landing, a picturesque vacation island, it seems like their new home may be just the fresh start they need. They fall in with a group of beautiful, carefree teens and spend their days surfing, partying on the beach, and hiking into endless sunsets. Just as they’re starting to feel safe again, one of their new friends goes missing. Is it a coincidence? Or is the nightmare beginning all over again?","2013"
"read","3","21161465","3047850","Wicked (Pretty Little Liars, #5)","Sara Shepard","006156608X","3","3.95","Thu, 6 Jun 2013 00:00:00 +0000","Mon, 26 Aug 2013 09:47:56 -0700","","neutral","https://www.goodreads.com/book/show/3047850","https://www.goodreads.com/review/show/695152587?utm_medium=api&utm_source=rss","","In idyllic Rosewood, Pennsylvania, four very pretty girls just can't help but be bad. . . .<br /><br />Hanna will do <i>anything</i> to be Rosewood's queen bee. Spencer's digging up her family's secrets. Emily can't stop thinking about her new boyfriend. And Aria approves a little too strongly of her mom's taste in men.<br /><br />Now that Ali's killer is finally behind bars, the girls think they're safe. But those who forget the past are condemned to repeat it. And they should know by now that I'm <i>always</i> watching. . . .","2008"
"read","3","21161465","3047849","Killer (Pretty Little Liars, #6)","Sara Shepard","0061566128","3","4.01","Tue, 6 Aug 2013 00:00:00 +0000","Mon, 26 Aug 2013 09:48:21 -0700","","neutral","https://www.goodreads.com/book/show/3047849","https://www.goodreads.com/review/show/695152558?utm_medium=api&utm_source=rss","","In picture-perfect Rosewood, Pennsylvania, pictures often lie-and so do Rosewood's four prettiest girls. Hanna's on a mission to corrupt Rosewood's youth, starting with a very attractive sophomore. Aria's snooping into her boyfriend's past. Spencer's stealing-from her family. And pure little Emily's abstaining from abstinence. The girls should be careful, though. They thought they were safe when Ali's killer was arrested and A's true identity was finally revealed. But now there's a new A in town turning up the heat. And this time Rosewood is going to burn.","2009"
"read","3","21161465","1651302","Perfect (Pretty Little Liars, #3)","Sara Shepard","0060887370","4","3.94","Thu, 11 Oct 2012 00:00:00 +0000","Mon, 26 Aug 2013 09:48:42 -0700","","enjoyed","https://www.goodreads.com/book/show/1651302","https://www.goodreads.com/review/show/695152524?utm_medium=api&utm_source=rss","","<b>IN ROSEWOOD, PENNSYLVANIA, FOUR PERFECT-LOOKING GIRLS AREN'T NEARLY AS PERFECT AS THEY SEEM.</b><br /><br />Aria can't resist her forbidden ex. Hanna is on the verge of losing her BFF. Emily is freaking out over a simple kiss. And Spencer can't keep her hands off <i>anything</i> that belongs to her sister.<br /><br /><i>Lucky me</i>. I know these pretty little liars better than they know themselves. But it's hard keeping all of their secrets to myself. They better do as I say... or <i>else</i>!","2007"
"read","3","21161465","1537534","Unbelievable (Pretty Little Liars, #4)","Sara Shepard","0060887397","4","3.99","Mon, 18 Feb 2013 00:00:00 +0000","Mon, 26 Aug 2013 09:49:05 -0700","","enjoyed","https://www.goodreads.com/book/show/1537534","https://www.goodreads.com/review/show/695152536?utm_medium=api&utm_source=rss","","<b>#1 New York Times bestselling series</b><br /><br />The fourth book in the #1 New York Times bestselling series that inspired the hit ABC Family TV show Pretty Little Liars.<br /><br />Four pretty little liars’ charmed lives have turned into living nightmares. Emily’s been shipped off to Iowa to live with her überconservative cousins. Aria’s boyfriend is behind bars—because of her. Spencer’s afraid she was involved in Ali’s murder. But Hanna’s fate is far worse: She’s clinging to life in the hospital because she knew too much. These liars have tried to keep their scandals secret, but the truth is about to rock their pretty little world!<br /><br />Full of unexpected twists and shocking revelations, Unbelievable is the fourth book in New York Times bestselling author Sara Shepard’s compelling Pretty Little Liars series.","2008"
"read","3","21161465","162089","Flawless (Pretty Little Liars, #2)","Sara Shepard","0060887338","4","3.89","Sat, 28 Jul 2012 00:00:00 +0000","Mon, 26 Aug 2013 09:49:46 -0700","","enjoyed","https://www.goodreads.com/book/show/162089","https://www.goodreads.com/review/show/695152503?utm_medium=api&utm_source=rss","","In the exclusive town of Rosewood, Pennsylvania, where the sweetest smiles hide the darkest secrets, four pretty little liars--Spencer, Aria, Emily, and Hanna--have been very bad girls. . . .<br /><br />Spencer stole her sister's boyfriend. Aria is brokenhearted over her English teacher. Emily likes her new friend Maya . . . as much more than a friend. And Hanna's obsession with looking flawless is literally making her sick. But the most horrible secret of all is something so scandalous it could destroy their perfect little lives.<br /><br />And someone named ""A"" is threatening to do just that.<br /><br />At first they thought A was Alison, their friend who vanished three years ago . . . but then Alison turned up dead. So could A be Melissa, Spencer's ultracompetitive sister? Or Maya, who wants Emily all to herself? What about Toby, the mysterious guy who left town right after Alison went missing?<br /><br />One thing's for certain: A's got the dirt to bury them all alive, and with every crumpled note, wicked IM, and vindictive text message A sends, the girls get a little closer to losing it all.","2007"
"read","3","21161465","162085","Pretty Little Liars (Pretty Little Liars, #1)","Sara Shepard","0060887303","4","3.86","Fri, 13 Apr 2012 00:00:00 +0000","Mon, 26 Aug 2013 09:49:57 -0700","","enjoyed","https://www.goodreads.com/book/show/162085","https://www.goodreads.com/review/show/695152404?utm_medium=api&utm_source=rss","","EVERYONE HAS SOMETHING TO HIDE - ESPECIALLY HIGH SCHOOL JUNIORS SPENCER, ARIA, EMILY, AND HANNA<br /><br />Spencer covets her sister's boyfriend. Aria's fantasizing about her English teacher. Emily's crushing on the new girl at school. Hanna uses some ugly tricks to stay beautiful. But they've all kept an even <i>bigger</i> secret since their friend Alison vanished.<br /><br />How do I know? Because I know <i>everything</i> about the bad girls they were, the naughty girls they are, and the dirty secrets they've kept. And guess what? I'm telling.","2006"
"read","3","21161465","2999410","L'Evangile selon Satan","Patrick Graham","2266173588","3","3.98","Mon, 12 Aug 2013 00:00:00 +0000","Mon, 26 Aug 2013 09:50:14 -0700","","neutral","https://www.goodreads.com/book/show/2999410","https://www.goodreads.com/review/show/695149768?utm_medium=api&utm_source=rss","","Profileuse au FBI, Marie Parks a vu beaucoup de tueurs en série, mais rarement d'aussi cruels que Caleb Le Voyageur. Comme s'il avait été envoyé en mission par Satan lui-même... Ou du moins par ses adorateurs. Une organisation qui semble prête à tout pour retrouver un livre perdu depuis des siècles. Un livre maudit dont le contenu pourrait renverser l'Église catholique et inaugurer un âge de ténèbres.<br />Aidée d'un exorciste et armée de ses propres dons de médium, Marie est la seule à pouvoir contrecarrer les serviteurs du Très-Bas.<br /><br />"" Un thriller qui n'a décidément rien à envier aux maîtres anglo-saxons. Il possède tous les (bons) ingrédients pour nous faire trembler et nous tenir en haleine. "" Questions de Femmes<br /><br />Cet ouvrage a reçu le prix Maison de la Presse<br /><br /><br />Prix Maisons de la Presse - 2007","2007"
"read","3","21161465","381489","Private (Private, #1)","Kate Brian","1416918736","3","3.78","Sat, 27 Jul 2013 00:00:00 +0000","Mon, 26 Aug 2013 09:50:25 -0700","","neutral","https://www.goodreads.com/book/show/381489","https://www.goodreads.com/review/show/695149343?utm_medium=api&utm_source=rss","","<b>Tradition, Honor, Excellence... and secrets so dark they’re almost invisible</b><br /><br />Fifteen-year-old Reed Brennan wins a scholarship to Easton Academy—the golden ticket away from her pill-popping mother and run-of-the-mill suburban life. But when she arrives on the beautiful, tradition-steeped campus of Easton, everyone is just a bit more sophisticated, a bit more gorgeous, and a lot wealthier than she ever thought possible. Reed realizes that even though she has been accepted to Easton, Easton has not accepted her. She feels like she’s on the outside, looking in.<br /><br />Until she meets the Billings Girls.<br /><br />They are the most beautiful, intelligent, and intensely confident girls on campus. And they know it. They hold all the power in a world where power is fleeting but means everything. Reed vows to do whatever it takes to be accepted into their inner circle.<br /><br />Reed uses every part of herself—the good, the bad, the beautiful—to get closer to the Billings Girls. She quickly discovers that inside their secret parties and mountains of attitude, hanging in their designer clothing-packed closets the Billings Girls have skeletons. And they’ll do anything to keep their secrets private.","2006"
"read","3","21161465","11199165","Spiral (Tunnels, #5)","Roderick Gordon","1906427844","4","4.05","Sun, 21 Jul 2013 00:00:00 +0000","Wed, 12 Jun 2019 16:34:21 -0700","","enjoyed","https://www.goodreads.com/book/show/11199165","https://www.goodreads.com/review/show/695149152?utm_medium=api&utm_source=rss","","The 5th book in the Tunnels series. The Styx have surfaced. The only ones to stand in their way is Will and his friends, and a rag-tag team of retired commandos.","2011"
"read","3","21161465","7327214","Closer (Tunnels, #4)","Roderick Gordon","1906427356","4","4.11","Tue, 15 May 2012 00:00:00 +0000","Wed, 12 Jun 2019 16:35:08 -0700","","enjoyed","https://www.goodreads.com/book/show/7327214","https://www.goodreads.com/review/show/695149120?utm_medium=api&utm_source=rss","","At the centre of the Earth, in a world that no one knows exists, Will is in trouble. His enemy, the Styx, are close behind. They'll pursue him to the ends of the world - any world. Meanwhile Drake - with help from the unlikeliest of allies is preparing to fight the Styx from above. But will his daring plan bring him closer to victory ...or to certain death?","2010"
"read","3","21161465","6113686","Freefall (Tunnels, #3)","Roderick Gordon","1906427054","3","4.07","Tue, 27 Dec 2011 00:00:00 +0000","Mon, 26 Aug 2013 09:51:11 -0700","","neutral","https://www.goodreads.com/book/show/6113686","https://www.goodreads.com/review/show/695149080?utm_medium=api&utm_source=rss","","After Deeper, can the Tunnels adventure be any more dangerous? And where will it end? Will Burrows and his gang are far from finished as they free-fall down a subterranean pore. As they experience reduced gravity, the dark mysteries of the deep unfold and they discover a strange fungal shelf, which not only reveals artifacts from ancient civilisations, but clues to a lost land at the end of the Earth. This title is the third in the thrilling ""Tunnels"" series - an international publishing sensation.","2009"
"read","3","21161465","2871839","Deeper (Tunnels, #2)","Roderick Gordon","190529462X","4","3.96","Wed, 3 Feb 2010 00:00:00 +0000","Mon, 26 Aug 2013 09:51:24 -0700","","enjoyed","https://www.goodreads.com/book/show/2871839","https://www.goodreads.com/review/show/695149056?utm_medium=api&utm_source=rss","","The Tunnels adventure is far from over for Will Burrows.<br /><br />In his quest to find his father, Will is plunged even deeper underground. And as if things weren't bad enough already in the heat and darkness, he stumbles across a Styx plot with terrible implications for the world above - and a sister who isn’t finished yet …","2007"
"read","3","21161465","1175893","Tunnels (Tunnels, #1)","Roderick Gordon","1905294425","3","3.64","Mon, 18 Jan 2010 00:00:00 +0000","Mon, 26 Aug 2013 09:51:35 -0700","","neutral","https://www.goodreads.com/book/show/1175893","https://www.goodreads.com/review/show/695148982?utm_medium=api&utm_source=rss","","14-year-old Will Burrows has little in common with his strange, dysfunctional family. In fact, the only bond he shares with his eccentric father is a passion for archaeological excavation. So when his dad mysteriously vanishes, Will is compelled to dig up the truth behind his disappearance. He unearths the unbelievable: a subterranean society that time forgot. ""The Colony"" has existed unchanged for a century, but it's no benign time capsule of a bygone era. Because the Colony is ruled by a merciless overclass, the Styx. Will must free his father--is he also about to ignite a revolution?","2007"
"read","3","21161465","4214","Life of Pi","Yann Martel","0770430074","4","3.94","Wed, 10 Jul 2013 00:00:00 +0000","Wed, 12 Jun 2019 16:35:27 -0700","","enjoyed","https://www.goodreads.com/book/show/4214","https://www.goodreads.com/review/show/695148721?utm_medium=api&utm_source=rss","","Life of Pi is a fantasy adventure novel by Yann Martel published in 2001. The protagonist, Piscine Molitor ""Pi"" Patel, a Tamil boy from Pondicherry, explores issues of spirituality and practicality from an early age. He survives 227 days after a shipwreck while stranded on a boat in the Pacific Ocean with a Bengal tiger named Richard Parker.","2001"
"read","3","21161465","66559","Sharp Objects","Gillian Flynn","0307341542","4","3.89","Thu, 25 Jul 2013 00:00:00 +0000","Mon, 26 Aug 2013 09:52:59 -0700","","enjoyed","https://www.goodreads.com/book/show/66559","https://www.goodreads.com/review/show/695148500?utm_medium=api&utm_source=rss","","Fresh from a brief stay at a psych hospital, reporter Camille Preaker faces a troubling assignment: she must return to her tiny hometown to cover the murders of two preteen girls. For years, Camille has hardly spoken to her neurotic, hypochondriac mother or to the half-sister she barely knows: a beautiful thirteen-year-old with an eerie grip on the town. Now, installed in her old bedroom in her family's Victorian mansion, Camille finds herself identifying with the young victims—a bit too strongly. Dogged by her own demons, she must unravel the psychological puzzle of her own past if she wants to get the story—and survive this homecoming.","2006"
"read","3","21161465","43448","Flowers in the Attic (Dollanganger, #1)","V.C. Andrews","0743496310","4","3.84","Thu, 4 Apr 2013 00:00:00 +0000","Mon, 26 Aug 2013 09:53:17 -0700","","enjoyed","https://www.goodreads.com/book/show/43448","https://www.goodreads.com/review/show/695148267?utm_medium=api&utm_source=rss","","<b>Such wonderful children. Such a beautiful mother. Such a lovely house. Such endless terror!</b> It wasn't that she didn't love her children. She did. But there was a fortune at stake—a fortune that would assure their later happiness if she could keep the children a secret from her dying father. So she and her mother hid her darlings away in an unused attic. Just for a little while. But the brutal days swelled into agonizing years. Now Cathy, Chris, and the twins wait in their cramped and helpless world, stirred by adult dreams, adult desires, served a meager sustenance by an angry, superstitious grandmother who knows that the Devil works in dark and devious ways. Sometimes he sends children to do his work—children who—one by one—must be destroyed.... 'Way upstairs there are four secrets hidden. Blond, beautiful, innocent struggling to stay alive....'","1979"
"read","3","21161465","6483211","El nombre del viento (Crónica del asesino de reyes, #1)","Patrick Rothfuss","8401337208","4","4.51","Fri, 10 Jul 2020 00:00:00 +0000","Tue, 04 Aug 2020 23:17:38 -0700","","enjoyed","https://www.goodreads.com/book/show/6483211","https://www.goodreads.com/review/show/695147837?utm_medium=api&utm_source=rss","","En una posada en tierra de nadie, un hombre se dispone a relatar, por primera vez, la auténtica historia de su vida. Una historia que únicamente él conoce y que ha quedado diluida tras los rumores, las conjeturas y los cuentos de taberna que le han convertido en un personaje legendario a quien todos daban ya por muerto: Kvothe... músico, mendigo, ladrón, estudiante, mago, héroe y asesino.<br /><br />Ahora va a revelar la verdad sobre sí mismo. Y para ello debe empezar por el principio: su infancia en una troupe de artistas itinerantes, los años malviviendo como un ladronzuelo en las calles de una gran ciudad y su llegada a una universidad donde esperaba encontrar todas las respuestas que había estado buscando.<br /><br />«He robado princesas a reyes agónicos. Incendié la ciudad de Trebon. He pasado la noche con Felurian y he despertado vivo y cuerdo. Me expulsaron de la Universidad a una edad a la que a la mayoría todavía no los dejan entrar. He recorrido de noche caminos de los que otros no se atreven a hablar ni siquiera de día. He hablado con dioses, he amado a mujeres y he escrito canciones que hacen llorar a los bardos.<br /><br />»Me llamo Kvothe. Quizá hayas oído hablar de mí.»<br /><br /><br />«Viajé, amé, perdí, confié y me traicionaron.»","2007"
"read","3","21161465","78411","The Bad Beginning (A Series of Unfortunate Events, #1)","Lemony Snicket","0439206472","4","4.03","Wed, 10 Apr 2013 00:00:00 +0000","Mon, 26 Aug 2013 09:54:12 -0700","","enjoyed","https://www.goodreads.com/book/show/78411","https://www.goodreads.com/review/show/695147331?utm_medium=api&utm_source=rss","","Dear Reader,<br /><br />I'm sorry to say that the book you are holding in your hands is extremely unpleasant. It tells an unhappy tale about three very unlucky children. Even though they are charming and clever, the Baudelaire siblings lead lives filled with misery and woe. From the very first page of this book when the children are at the beach and receive terrible news, continuing on through the entire story, disaster lurks at their heels. One might say they are magnets for misfortune.<br /><br />In this short book alone, the three youngsters encounter a greedy and repulsive villain, itchy clothing, a disastrous fire, a plot to steal their fortune, and cold porridge for breakfast.<br /><br />It is my sad duty to write down these unpleasant tales, but there is nothing stopping you from putting this book down at once and reading something happy, if you prefer that sort of thing.<br /><br />With all due respect,<br /><i>Lemony Snicket</i>","1999"
"read","3","21161465","7864437","The Death Cure (The Maze Runner, #3)","James Dashner","0385738773","4","3.78","Sat, 12 Jan 2013 00:00:00 +0000","Wed, 12 Jun 2019 16:35:03 -0700","","enjoyed","https://www.goodreads.com/book/show/7864437","https://www.goodreads.com/review/show/695147124?utm_medium=api&utm_source=rss","","<i>It’s the end of the line.</i><br /> <br />WICKED has taken everything from Thomas: his life, his memories, and now his only friends—the Gladers. But it’s finally over. The trials are complete, after one final test.<br /> <br /><i>Will anyone survive?</i><br /> <br />What WICKED doesn’t know is that Thomas remembers far more than they think. And it’s enough to prove that he can’t believe a word of what they say.<br /> <br /><i>The truth will be terrifying.</i><br /> <br />Thomas beat the Maze. He survived the Scorch. He’ll risk anything to save his friends. But the truth might be what ends it all. <br /> <br /><i>The time for lies is over.</i>","2011"
"read","3","21161465","7631105","The Scorch Trials (The Maze Runner, #2)","James Dashner","0385738757","4","3.90","Sat, 5 Jan 2013 00:00:00 +0000","Wed, 12 Jun 2019 16:35:18 -0700","","enjoyed","https://www.goodreads.com/book/show/7631105","https://www.goodreads.com/review/show/695147017?utm_medium=api&utm_source=rss","","<i>Solving the Maze was supposed to be the end. </i><br />  <br /> Thomas was sure that escape from the Maze would mean freedom for him and the Gladers. But WICKED isn’t done yet. Phase Two has just begun. The Scorch. <br />  <br /><i>There are no rules. There is no help. You either make it or you die.</i><br />  <br /> The Gladers have two weeks to cross through the Scorch—the most burned-out section of the world. And WICKED has made sure to adjust the variables and stack the odds against them. <br />  <br /><i>Friendships will be tested. Loyalties will be broken. All bets are off. </i><br />  <br /> There are others now. Their survival depends on the Gladers’ destruction—and they’re determined to survive.","2010"
"read","3","21161465","6186357","The Maze Runner (The Maze Runner, #1)","James Dashner","0385737947","4","4.06","Wed, 19 Dec 2012 00:00:00 +0000","Wed, 12 Jun 2019 16:35:15 -0700","","enjoyed","https://www.goodreads.com/book/show/6186357","https://www.goodreads.com/review/show/695146487?utm_medium=api&utm_source=rss","","<i>There are alternate cover editions for this ASIN <a href=""https://www.goodreads.com/book/show/30622099-the-maze-runner"" rel=""nofollow noopener"">here</a> and <a href=""https://www.goodreads.com/book/show/31951670-the-maze-runner"" rel=""nofollow noopener"">here</a>.</i><br /><br /><b>If you ain’t scared, you ain’t human.</b><br /> <br />When Thomas wakes up in the lift, the only thing he can remember is his name. He’s surrounded by strangers—boys whose memories are also gone.<br /> <br /><b>Nice to meet ya, shank. Welcome to the Glade.</b><br /> <br />Outside the towering stone walls that surround the Glade is a limitless, ever-changing maze. It’s the only way out—and no one’s ever made it through alive.<br /> <br /><b>Everything is going to change.</b><br /> <br />Then a girl arrives. The first girl ever. And the message she delivers is terrifying.<br /> <br />Remember. Survive. Run.","2009"
"read","3","21161465","17212231","Inferno (Robert Langdon, #4)","Dan    Brown","0385537859","4","3.88","Thu, 13 Jun 2013 00:00:00 +0000","Mon, 26 Aug 2013 09:54:57 -0700","","enjoyed","https://www.goodreads.com/book/show/17212231","https://www.goodreads.com/review/show/695146117?utm_medium=api&utm_source=rss","",".<br /><b>‘Seek and ye shall find.’</b><br /> <br />With these words echoing in his head, eminent Harvard symbologist Robert Langdon awakes in a hospital bed with no recollection of where he is or how he got there. Nor can he explain the origin of the macabre object that is found hidden in his belongings.<br /><br />A threat to his life will propel him and a young doctor, Sienna Brooks, into a breakneck chase across the city of Florence. Only Langdon’s knowledge of hidden passageways and ancient secrets that lie behind its historic facade can save them from the clutches of their unknown pursuers.<br /><br />With only a few lines from Dante’s dark and epic masterpiece, The Inferno, to guide them, they must decipher a sequence of codes buried deep within some of the most celebrated artefacts of the Renaissance – sculptures, paintings, buildings – to find the answers to a puzzle which may, or may not, help them save the world from a terrifying threat…<br /><br />Set against an extraordinary landscape inspired by one of history’s most ominous literary classics, Inferno is Dan Brown’s most compelling and thought-provoking novel yet, a breathless race-against-time thriller that will grab you from page one and not let you go until you close the book.","2013"
"read","3","21161465","6411961","The Lost Symbol (Robert Langdon, #3)","Dan    Brown","0385504225","4","3.76","Wed, 3 Apr 2013 00:00:00 +0000","Wed, 12 Jun 2019 16:36:27 -0700","","enjoyed","https://www.goodreads.com/book/show/6411961","https://www.goodreads.com/review/show/695146036?utm_medium=api&utm_source=rss","","What was lost...Will be found...<br /><br />Washington DC: Harvard symbologist Robert Langdon is summoned at the last minute to deliver an evening lecture in the Capitol Building. Within moments of his arrival, however, a disturbing object - gruesomely encoded with five symbols - is discovered at the epicenter of the Rotunda. It is, he recognizes, an ancient invitation, meant to beckon its recipient towards a long-lost world of hidden esoteric wisdom. <br /> <br />When Langdon's revered mentor, Peter Solomon - philanthropist and prominent mason - is brutally kidnapped, Langdon realizes that his only hope of saving his friend's life is to accept this mysterious summons and follow wherever it leads him.<br /><br />Langdon finds himself quickly swept behind the facade of America's most historic city into the unseen chambers, temples and tunnels which exist there. All that was familiar is transformed into a shadowy, clandestine world of an artfully concealed past in which Masonic secrets and never-before-seen revelations seem to be leading him to a single impossible and inconceivable truth. <br /><br />A brilliantly composed tapestry of veiled histories, arcane icons and enigmatic codes, <b>The Lost Symbol</b> is an intelligent, lightning-paced thriller that offers surprises at every turn. For, as Robert Langdon will discover, there is nothing more extraordinary or shocking than the secret which hides in plain sight...","2009"
"read","3","21161465","976","Deception Point","Dan    Brown","0671027387","3","3.77","Wed, 21 Nov 2012 00:00:00 +0000","Mon, 26 Aug 2013 09:55:34 -0700","","neutral","https://www.goodreads.com/book/show/976","https://www.goodreads.com/review/show/695145939?utm_medium=api&utm_source=rss","","A shocking scientific discovery. <br />A conspiracy of staggering brilliance. <br />A thriller unlike any you've ever read....<br /><br />When a new NASA satellite spots evidence of an astonishingly rare object buried deep in the Arctic ice, the floundering space agency proclaims a much-needed victory… a victory that has profound implications for U.S. space policy and the impending presidential election. <br /><br />With the Oval Office in the balance, the President dispatches White House Intelligence analyst Rachel Sexton to the Milne Ice Shelf to verify the authenticity of the find. Accompanied by a team of experts, including the charismatic academic Michael Tolland, Rachel uncovers the unthinkable—evidence of scientific trickery—a bold deception that threatens to plunge the world into controversy.<br /><br />But before Rachel can contact the President, she and Michael are attacked by a deadly task force…a private team of assassins controlled by a mysterious powerbroker who will stop at nothing to hide the truth. Fleeing for their lives in an environment as desolate as it is lethal, they possess only one hope, to find out who is behind this masterful ploy. The truth, they will learn, is the most shocking deception of all…","2001"
"read","3","21161465","968","The Da Vinci Code (Robert Langdon, #2)","Dan    Brown","","4","3.92","Fri, 15 Mar 2013 00:00:00 +0000","Mon, 26 Aug 2013 09:55:45 -0700","","enjoyed","https://www.goodreads.com/book/show/968","https://www.goodreads.com/review/show/695145868?utm_medium=api&utm_source=rss","","<i>This is an alternate cover for 9780307277671. Others can be found</i>:<br /><a href=""https://www.goodreads.com/book/show/237596468.here"" title=""here"" rel=""nofollow noopener"">here</a>, <a href=""https://www.goodreads.com/book/show/55019161.here"" title=""here"" rel=""nofollow noopener"">here</a>, <a href=""https://www.goodreads.com/book/show/968.here"" title=""here"" rel=""nofollow noopener"">here</a>, <a href=""https://www.goodreads.com/book/show/55019204.here"" title=""here"" rel=""nofollow noopener"">here</a>, <i>and</i> <a href=""https://www.goodreads.com/book/show/55019545.here"" title=""here"" rel=""nofollow noopener"">here</a><br /><br /><br />While in Paris on business, Harvard symbologist Robert Langdon receives an urgent late-night phone call: the elderly curator of the Louvre has been murdered inside the museum. Near the body, police have found a baffling cipher. While working to solve the enigmatic riddle, Langdon is stunned to discover it leads to a trail of clues hidden in the works of Da Vinci -- clues visible for all to see -- yet ingeniously disguised by the painter.<br /><br />Langdon joins forces with a gifted French cryptologist, Sophie Neveu, and learns the late curator was involved in the Priory of Sion -- an actual secret society whose members included Sir Isaac Newton, Botticelli, Victor Hugo, and Da Vinci, among others. <br /><br />In a breathless race through Paris, London, and beyond, Langdon and Neveu match wits with a faceless powerbroker who seems to anticipate their every move. Unless Langdon and Neveu can decipher the labyrinthine puzzle in time, the Priory's ancient secret -- and an explosive historical truth -- will be lost forever.<br /><br /><i>
  <b>The Da Vinci Code</b>
</i> heralds the arrival of a new breed of lightning-paced, intelligent thriller utterly unpredictable right up to its stunning conclusion.","2003"
"read","3","21161465","8428069","The Lying Game (The Lying Game, #1)","Sara Shepard","0061869708","3","3.90","Mon, 8 Apr 2013 00:00:00 +0000","Mon, 26 Aug 2013 09:55:58 -0700","","neutral","https://www.goodreads.com/book/show/8428069","https://www.goodreads.com/review/show/695145261?utm_medium=api&utm_source=rss","","I had a life anyone would kill for.<br /><br />Then someone did.<br /><br />The worst part of being dead is that there's nothing left to live for. No more kisses. No more secrets. No more gossip. It's enough to kill a girl all over again. But I'm about to get something no one else does--an encore performance, thanks to Emma, the long-lost twin sister I never even got to meet.<br /><br />Now Emma's desperate to know what happened to me. And the only way to figure it out is to be me--to slip into my old life and piece it all together. But can she laugh at inside jokes with my best friends? Convince my boyfriend she's the girl he fell in love with? Pretend to be a happy, care-free daughter when she hugs my parents goodnight? And can she keep up the charade, even after she realizes my murderer is watching her every move?<br /><br />From Sara Shepard, the #1 New York Times bestselling author of the Pretty Little Liars books, comes a riveting new series about secrets, lies, and killer consequences.<br /><br />Let the lying game begin.","2006"
"read","3","21161465","5886881","Dark Places","Gillian Flynn","0307341569","4","3.94","Wed, 19 Jun 2013 00:00:00 +0000","Mon, 26 Aug 2013 09:56:36 -0700","","enjoyed","https://www.goodreads.com/book/show/5886881","https://www.goodreads.com/review/show/673617111?utm_medium=api&utm_source=rss","","Libby Day was just seven years old when her older brother massacred her family while she hid in a cupboard. Her evidence helped put him away. Ever since then she has been drifting, surviving for over 20 years on the proceeds of the 'Libby Day fund'. But now the money is running out and Libby is desperate. When she is offered $500 to do a guest appearance, she feels she has to accept. But this is no ordinary gathering. The Kill Club is a group of true-crime obsessives who share information on notorious murders, and they think her brother Ben is innocent.<br /><br />Ben was a social misfit, ground down by the small-town farming community in which he lived. But he did have a girlfriend - a brooding heavy metal fan called Diondra. Through her, Ben became involved with drugs and the dark arts. When the town suddenly turned against him, his thoughts turned black. But was he capable of murder? Libby must delve into her family's past to uncover the truth - no matter how painful...","2009"
"read","3","21161465","960","Angels & Demons (Robert Langdon, #1)","Dan    Brown","1416524797","5","3.95","Wed, 2 Jan 2013 00:00:00 +0000","Wed, 08 Jan 2020 01:35:13 -0800","","enjoyed","https://www.goodreads.com/book/show/960","https://www.goodreads.com/review/show/637201323?utm_medium=api&utm_source=rss","","An ancient secret brotherhood.<br /><br />A devastating new weapon of destruction.<br />When world-renowned Harvard symbologist Robert Langdon is summoned to a Swiss research facility to analyze a mysterious symbol -- seared into the chest of a murdered physicist -- he discovers evidence of the unimaginable: the resurgence of an ancient secret brotherhood known as the Illuminati...the most powerful underground organization ever to walk the earth. The Illuminati has now surfaced to carry out the final phase of its legendary vendetta against its most hated enemy -- the Catholic Church. <br /> <br />Langdon's worst fears are confirmed on the eve of the Vatican's holy conclave, when a messenger of the Illuminati announces they have hidden an unstoppable time bomb at the very heart of Vatican City. With the countdown under way, Langdon jets to Rome to join forces with Vittoria Vetra, a beautiful and mysterious Italian scientist, to assist the Vatican in a desperate bid for survival.<br /><br />Embarking on a frantic hunt through sealed crypts, dangerous catacombs, deserted cathedrals, and even the most secretive vault on earth, Langdon and Vetra follow a 400-year-old trail of ancient symbols that snakes across Rome toward the long-forgotten Illuminati lair...a clandestine location that contains the only hope for Vatican salvation.<br /><br />An explosive international thriller, <i>
  <b>Angels &amp; Demons</b>
</i> careens from enlightening epiphanies to dark truths as the battle between science and religion turns to war.","2000"
"read","3","21161465","8442457","Gone Girl","Gillian Flynn","","5","3.93","Tue, 4 Oct 2022 00:00:00 +0000","Tue, 04 Oct 2022 11:24:35 -0700","","enjoyed","https://www.goodreads.com/book/show/8442457","https://www.goodreads.com/review/show/637201288?utm_medium=api&utm_source=rss","This one will always be my favorite book 🤩 <br />Amy, you crazy psychopath that I can’t help but love ","Who are you?<br />What have we done to each other?<br /><br />These are the questions Nick Dunne finds himself asking on the morning of his fifth wedding anniversary when his wife Amy suddenly disappears. The police suspect Nick. Amy's friends reveal that she was afraid of him, that she kept secrets from him. He swears it isn't true. A police examination of his computer shows strange searches. He says they weren't made by him. And then there are the persistent calls on his mobile phone.<br /><br />So what did happen to Nick's beautiful wife?","2012"
